Date,User,Tweet_id,Tweet
2020-11-29 05:40:06+00:00,FlipRuth,1332922261972652034,"Già siamo sicuri che le mascherine proteggono,leggete qui...😱😭😭"
2020-11-29 05:55:34+00:00,TGrillanda,1332926153401774082,Ecco mi dispiace ma l’unico che ancora ragiona ed è libero da #ricatti è @VittorioSgarbi
2020-11-29 06:49:32+00:00,roby800,1332939736667844614,"Scusate ma era finita la wodka.
#COVID19 #lockdown #quarantena #firenze 

🤪🤪🤪🤪🤪🤪"
2020-11-29 07:36:46+00:00,LUCAMARANTO,1332951622931132416,"Finalmente una bella pianificazione economica di breve periodo.
In tutti i sensi."
2020-11-29 07:51:30+00:00,miamarylun,1332955332327452673,"... stamattina in tendenza #COVID19 e #Diodato: coincidenze?!? Io vi ho avvertito, eh! 😂😂😂 https://t.co/26sUTeLXqA"
2020-11-29 07:57:26+00:00,MancioRuggiero,1332956824589492225,"I positivi sono 103? La stupida caccia agli untori; Benvenuti ne ""I Promessi Sposi"".
#coronavirus #Manciolandia #COVID19 #IBDM https://t.co/LXyCDqIqv3"
2020-11-29 08:09:10+00:00,giomo2,1332959777069150208,"Vadano pure. Quando tornano, una bella quarantena di 14 giorni però https://t.co/lH9SDvETg2"
2020-11-29 08:13:15+00:00,_Nico_Piro_,1332960805667663872,"Nel 2020 la tempesta perfetta delle paure #Usa : proteste di #BlackLivesMatter il #COVID19 e le presidenziali

Cosí il mercato delle armi si è impennato +17 milioni di fucili e pistole vendute
il mio #reportage per @Tg3web @RaiNews @RaiPlay #RaiUsa2020 

https://t.co/DH8RuGxlSC"
2020-11-29 08:18:07+00:00,ansa007,1332962028886106113,Ce la stanno tirando!
2020-11-29 08:34:08+00:00,CalloriFabio,1332966060023222272,"Vita reale: Parlando con un amico imprenditore mi dice: “a differenza degli altri Paesi, che devono fare la guerra al COVID, noi in Italia dobbiamo combattere due guerre, una contro il COVID e una contro il Governo”. Direi che ha ragione !!! #COVID19  #BuonaDomenica https://t.co/iU2GHhAfiM"
2020-11-29 08:43:41+00:00,mdipatrizi5,1332968463762124803,"@erretti42 @semeoro1 La quale non è nuova ad usare arroganza e supponenza ,mandata a difendere una pessima amministrazione della Sanità pubblica, invitata a chiedere scusa ai lombardi ha continuato con la sua arringa , si deduce che i morti per covid19 per loro sono un effetto collaterale"
2020-11-29 08:47:24+00:00,AdolfoSalsi,1332969398697603073,Bella questa! Ma se fosse realmente la ragione che blocca il turismo invernale? Distanziamo. Uccidere delle economie non va bene. Ci deve essere la terza via: lavoro precauzione e rispetto. Dove ci sono presidi sanitari non sovraccarichi di lavoro Covit si può e si deve lavorare.
2020-11-29 09:06:10+00:00,GiampieroPigna6,1332974120443719680,@mariolavia Vero. Ma c'è una piccola differenza : non c'era il CoronaVirus.
2020-11-29 09:15:56+00:00,mcallock,1332976579543175168,"Da Harvard, tramite un premio Nobel per la chimica."
2020-11-29 09:23:48+00:00,Cocco060477,1332978559489634304,"Esatto !
E, non ci si rende conto dell'esser presi x il culo !"
2020-11-29 09:25:00+00:00,ProtCivPalma,1332978860586110976,"#AvvisoFVG #CoronaVirus

Per effetto dell’Ordinanza del Ministero della Salute del 27/11/2020 

Vengono CONFERMATE le misure di contrasto e contenimento per la diffusione del virus Covid-19.

❗️#RegioneFVG rimane zona a RISCHIO MEDIO-ALTO (Arancione)❗️

#SocialMediaCommunityFVG https://t.co/MhkBoyBKRb"
2020-11-29 09:33:42+00:00,Dragonelove13,1332981050595807232,"""Il nostro amore come arte in ogni secolo
E le tue labbra come fiori di Monet
Il tuo profumo è il mistero di Stonehenge"" 🎶

#congiuntifuoricomune #congiuntifuoriregione #congiuntifuoriprovincia #coronavirus #congiunti #Conte @GiuseppeConteIT @carmelitadurso @Palazzo_Chigi https://t.co/Cz7Oh4Y60r"
2020-11-29 09:49:53+00:00,PollariDaniele,1332985124166709252,"Si, sì poi è deceduto per #COVID19 

#NoidiLombardia 🤦‍♂️"
2020-11-29 09:59:54+00:00,Robyzd,1332987641248292873,"Sentivo due passanti monzesi di mezza età e della media borghesia con tanto di consorti al loro fianco dire: ""morte per covid-19 e poi è morto per arresto cardiaco...""
in realtà l'arresto cardiaco è una modalità o meccanismo di morte ma non è l'evento morboso che... https://t.co/NB55UiwByC"
2020-11-29 10:09:20+00:00,MariaAn74105775,1332990017334087682,"Brava, altro che pranzo di Natale! Rispetto per chi ci lavora e per i malati e i morti"
2020-11-29 10:12:08+00:00,sfera_onlus,1332990720869863427,"Buona domenica dall'unità Infermieristica Covid19, operativa anche nei giorni festivi fino alle ore 13.00. È possibile prenotare al 📞3342465998
#PubblicaAssistenzaSfera 
#TutelaDellaSalute 
#NoiCiSiamoSempre https://t.co/sjszWCvVJs"
2020-11-29 10:23:15+00:00,francescocipe,1332993519691194369,#UE usa la crisi #Covid19 per imporre la colonizzazione LGBTQ in Europa. Chi non si allinea viene escluso dai finanziamenti europei. FIRMA CONTRO LA DITTATURA #Freeurope @vonderleyen @CitizenGOit https://t.co/9QUKInoBR7
2020-11-29 10:27:35+00:00,MoniaVenturini,1332994610835169281,I cinesi preoccupatissimi per gli americani #Covid
2020-11-29 10:29:31+00:00,castellanzcuore,1332995095486926848,"C'è una certa stabilità dei dati: sempre serie le condizioni #contagio #covid19 #prov Va, Mi. Bene i segni - ricoveri"
2020-11-29 10:51:01+00:00,Cocco060477,1333000506080366592,L'attualità !
2020-11-29 10:53:44+00:00,rosydandrea1,1333001190414684160,"@DVD23690077 Intendevo il vaccino contro il covid19, non l'ho scritto
Ciao DVD!😊"
2020-11-29 11:13:30+00:00,GaetanoBellino,1333006166100742144,"Italia, un popolo di imbecilli ignoranti, non ne usciremo e dopo le festività sarà un’ecatombe!"
2020-11-29 11:18:26+00:00,PiervittorioM,1333007407073681409,"Da brividi direttore @CarloVerdelli
L'ora più buia non è terminata purtroppo... Sono molto preoccupato il suo prezioso contributo ed avvertimento andranno persi nell'aria, mi auguro di no!"
2020-11-29 11:23:26+00:00,Cocco060477,1333008665884979200,Ci son troppi/e RINCOGLIONIRE in stomparsr di borghesi !
2020-11-29 11:33:41+00:00,AngelamDerosa,1333011245239296001,"@lapinella Non bastava il Covid19,ora arriva anche il maltempo.Tempi tristi e duri.Oggi abbiamo aiutato famiglie che non possono neppure comprare da mangiare.Chissa' cosa accadrà con l'arrivo del 3 Covid19.Da lontano mi giunge il suono delle sirene,oggi sarà la nona.Che dire?😢😢😢"
2020-11-29 11:43:23+00:00,lorenz_frigerio,1333013685875437568,"Non mi interessa se mia suocera Piera è morta CON e non DI #COVID19 Lei non c'è più. Vorrei che quanti ancora si ostinano a negare facessero un giro negli ospedali o nelle camere mortuarie. Oggi.
""L'ora più buia non è terminata"": ha ragione @CarloVerdelli https://t.co/aWQ0ED4BgT"
2020-11-29 11:53:26+00:00,SaraMuggittu,1333016216693301248,Se lo mostri in Italia vedi quanta gente inizia a preoccuparsi!
2020-11-29 12:06:27+00:00,alelu62,1333019489139625985,Importante patologo Roger HODKINSON: “Il Covid19 è la più grande bufala mai perpetrata su un pubblico ignaro” (VIDEO) https://t.co/z2aplIfuop #COVID19 @Dpcm Volete accusarlo di essere un “negazionista”? @GiuseppeConteIT @robersperanza @AgoMiozzo @s_brusaferro @F_Boccia
2020-11-29 12:15:17+00:00,GaetanoBellino,1333021713781624832,"Poveretti, chissà cosa cambia per loro?!? La loro cristianità?!? Loro?!? Ma vah!"
2020-11-29 12:18:31+00:00,Cocco060477,1333022526553919490,Andiamo in Svizzera a SPACCARGLI TUTTO ?!???
2020-11-29 13:05:55+00:00,aryannates,1333034455573946368,"La mia #analisi per @Geopoliticainfo sull'andamento del #turismo nella stagione estiva 2020, prospetto e idee per il #futuro del settore nel 2021. 
#tourism #brief #geopoliticalbrief #report #COVID19 #Covid_19 #Summer2020 @_MiBACT @Palazzo_Chigi 
⬇️⬇️⬇️
https://t.co/bC7OHsjuaw"
2020-11-29 13:12:25+00:00,silviettasigno,1333036090199056388,"Voi che camminate con passo blando, nella ciclabile di tendenza perché fa chic, pensate che alle persone come me indossare mascherina su naso e bocca piaccia, perché tendenza 20-21? Fatelo per gli altri. Gli altri siamo noi. #COVID19 #Respect
“If you don't mask - you don't get"" https://t.co/cD0QLhgEG9"
2020-11-29 13:17:11+00:00,Goodmorning_ge,1333037289539244039,"Navigare nell’incertezza? 🚣‍♀️ Per Floriana Lunardelli #Counselor forse è meglio parlare di CAVALCARE L'ONDA, dove l’onda rappresenta le difficoltà della vita. 
Vuoi Floriana Lunardelli in radio?
Scrivicelo! #COVID19 https://t.co/CnyN6KuCDb https://t.co/AmvanysZL5"
2020-11-29 13:25:10+00:00,b_elide,1333039301119107072,Non ha bisogno di commenti
2020-11-29 13:42:46+00:00,CalloriFabio,1333043731054866432,"Non e’ il tradizionale “gioco dell’oca”, ma un percorso che mette in difficoltà gli Italiani ideato da “Conte &amp; c”, “chiuso o aperto?” #COVID19 #Governo #29novembre #DomenicaDAutunno https://t.co/Vt3Rm9FLnf"
2020-11-29 13:44:06+00:00,paoloangeloRF,1333044065445818369,"“A chi poteva non piacere ?” @MassimoGalli51 su #Maradona “lunedì se tutto va bene , è stata una crociata per poter fare il #vaccino antinfluenzale io ma tutto il mio personale “a @myrtamerlino #LAriaDiDomenica @Ariachetira #coronavirus"
2020-11-29 13:50:03+00:00,paoloangeloRF,1333045561570766848,"“La Lombardia fa gare ma sono al ribasso e vanno deserte “amara constatazione di @gerrygreco “lo stato ha soltanto compito di programmare e dare soldi noi l’abbiamo detto dopo l’esperienza australiana “
@WRicciardi @Ariachetira #LAriaDiDomenica #coronavirus"
2020-11-29 13:52:18+00:00,alegio957,1333046128082817026,Buona domenica Alberto forse più che cambiare.. I politici... bisogna cambiare gli Italiani. Da uno del SUD provo tanta rabbia che la nostra gente non abbia il rispetto delle regole😞😞😞
2020-11-29 13:55:01+00:00,paoloangeloRF,1333046811909627904,"“ mi preoccupa come arrivano  i vaccini alle persone : la medicina territoriale è stato un flop in tutta Italia in particolare nella regione in cui vivo , la #Lombardia.” @MassimoGalli51 #Galli #coronavirus @Ariachetira #LAriaDiDomenica #lariachetirala7"
2020-11-29 14:23:49+00:00,felice_davino,1333054060157661185,#BuonaDomenica #Lazio #NotturniDiCitta #Roma passeggiare in questo periodo! #COVID19 #Pfizer #vaccino https://t.co/uQfAw6zbFS
2020-11-29 14:41:10+00:00,sbracu,1333058427468341252,@jackmyonlylove Auguri al tuo amico e a tutti quanti sono affetti di Covid19 e soffrono😘
2020-11-29 14:43:21+00:00,GastonPereiro,1333058975819067392,"Fortuntanente non ho sintomi, mi sento bene. Spero di ritornare il prima possibile. Grazie a tutti 💪🏻🔴🔵"
2020-11-29 15:16:21+00:00,gattorosarosa,1333067279114924032,"Coronavirus, a Roma 1154 nuovi casi. Nel Lazio 1993 contagi in 24 ore https://t.co/TAXYnxTtcs"
2020-11-29 15:20:50+00:00,ErnestoTedesco,1333068408200552451,"#Covid19, si è conclusa da poco la riunione della task force comunale convocata in seguito all’impennata di positività negli ultimi giorni. Hanno partecipato i vertici ASL RM4 rassicurando e spiegando che è segno anche dell’efficace opera di tracciamento nei nuclei familiari https://t.co/O4a4Ttmjk8"
2020-11-29 15:22:46+00:00,VonCaste,1333068897155735552,"Sul @nytimes un memorandum sulla discesa all’inferno di una provincia condannata dall’attendismo

Eccolo, il «modello italiano»
https://t.co/eXV8eJh0pA #Bergamo #coronavirus #COVID19"
2020-11-29 15:26:44+00:00,NathanDelMare,1333069892652773378,Ecco. #DPCMnatale #dpcm #COVID19 #coronavirus https://t.co/hMTIVWRNFa
2020-11-29 15:32:01+00:00,oliver24657084,1333071222586818561,Esatto
2020-11-29 16:02:29+00:00,FabriCecchetti,1333078889959190531,"“Un rimpasto di squadra che dia slancio al governo” alias abbiamo un governo composto da INCOMPETENTI!

P.s. Anche durante la pandemia di COVID-19 quello che interessa al governo sono soltanto le poltrone! #ridicoli https://t.co/1Dt1ZwKoow"
2020-11-29 16:10:12+00:00,giovannicoviel1,1333080830613331971,#COVID19 #Commissario #COMMISSARIOCALABRIA #vaccino #Campania #Lombardia #Anonymous #asrm #boicottaCairo #SFL Avremo più Commissari straordinari che Deputati 🦅🇪🇺
2020-11-29 16:21:05+00:00,franckye_,1333083572727635977,&lt;&lt;Abbiamo dovuto coprirci ogni parte del nostro corpo per proteggerci dal covid-19 nei nostri occhi si cela l'identità  di uomini e donne che abbiamo sacrificato parte della Vita per dedicarci interamente nella nostra missione : donarci all'altro per aiutarlo a salvarsi &gt;&gt; https://t.co/A48XVt2hQp
2020-11-29 16:23:52+00:00,novedafirenze,1333084270429089798,"Coronavirus: 908 nuovi casi, età media 48 anni. 38 decessi https://t.co/9W7EMUioH1"
2020-11-29 16:24:52+00:00,PrimaiLavorator,1333084524549443585,"Estiqaatsi?

Non è che stanno nascondendo tutti questi decessi nella più comoda contabilità covid per nascondere le proprie responsabilità? https://t.co/oAmcRMllEo"
2020-11-29 16:26:37+00:00,GiancarloDeRisi,1333084964154380288,"Coronavirus in Italia, il bollettino di oggi 29 novembre: 20.648 nuovi casi e 541 morti 
https://t.co/hHAtyNz81V"
2020-11-29 16:26:47+00:00,novedafirenze,1333085004700803073,Coronavirus e Tpl: nuove regole alle aziende per programmare servizi https://t.co/iIxiqxfr5N
2020-11-29 16:40:23+00:00,tania_andreano,1333088429157081098,#congiuntifuoriregione #congiuntifuoricomune #congiunti meritiamo più rispetto
2020-11-29 16:41:48+00:00,maxfound77,1333088786465615872,"Si possono condividere o meno le posizioni di @micheleboldrin, ma condivido volentieri questa petizione, sperando che possa servire a qualcosa
ISTITUZIONI DI GOVERNO: COVID-19 ""CI ERAVAMO FIDATI"" - Firma la petizione! https://t.co/TLdxy4fBq4 via @ChangeItalia"
2020-11-29 16:47:35+00:00,MazziGiorgia,1333090237950664706,Chissà come mai stanno diminuendo così tanto ..... mah !
2020-11-29 16:59:12+00:00,paolinoincedib1,1333093164811489280,Questo succedeva il 30 maggio. Cosa abbiamo sbagliato ?
2020-11-29 17:06:33+00:00,Cocco060477,1333095015044747265,"🤣🤣🤣🤣🤣🤣🤣ora anche i Canidi d'OltreOceano, ci pigliano x il culo !????
Ma quanto.facciamo schifo ?!??"
2020-11-29 17:07:07+00:00,Elav80,1333095155893678081,https://t.co/jvE93hSSkj Partecipate al sondaggio della #UniversityofMaryland #COVID19
2020-11-29 17:07:49+00:00,ILSOB1LL4,1333095331379220481,"Lo schifo , lammerda e il cenone di Natale in sei.
Andatevene affanculo!
#Maradona #COVID19"
2020-11-29 17:08:05+00:00,SebastianoRus10,1333095397632446474,"Non sono neanche, non dico furbi ma, normali"
2020-11-29 17:10:31+00:00,kalidu1926,1333096011519168518,Questo post non è una catena o un passa parola ma parole scritte da un mio caro amico che sta guarendo dal #COVID19  . Leggetelo e riflettete https://t.co/1fMAYq6yeY
2020-11-29 17:12:08+00:00,SaraMuggittu,1333096417666228226,Provincia di #Nuoro in #Sardegna assai preoccupante.
2020-11-29 17:12:15+00:00,LuigiSpagnolli,1333096447743569922,"@cretinetti1 @Enneppi L'infezionr fa Covid19 no. Il crollo dell'economia sì: i ricchi se la cavano ed i poveri no. Per questo l'economia, il lavoro, la società che vive, produce e paga le tasse vanno tutelati: per salvare i poveri. Passo e chiudo."
2020-11-29 17:13:10+00:00,StreusaPam,1333096680053420033,"Il nuovo reparto sarà disponibile in 45 giorni. 

https://t.co/5oh06oGm1M

#coronavirus #covid19 #fieradellevante #terapiaintensiva #micheleemiliano #bari #Salentolive24 #journalism #PamelaPancosta"
2020-11-29 17:28:32+00:00,GermanoDottori,1333100543363997698,"@ozeanadler Ale, il tutto parte dalla pubblicazione dei risultati di una ricerca fatta sugli esiti di uno screening fatto su un certo numero di italiani, a caccia di cellule tumorali nei loro polmoni. È saltato fuori che avevano anticorpi al Covid-19 già nel settembre 2019"
2020-11-29 17:49:15+00:00,mcallock,1333105760935571458,@AlfioKrancic E non c'è stata (dicunt) nell'emisfero australe. Quindi proprio una malattia scarsa. O no? O han ragione quelli che dicono che il virus responsabile della Covid19 non è stato mai isolato?
2020-11-29 17:56:42+00:00,PivaEdoardo,1333107634594050048,"sperem
Corriere della Sera: Coronavirus in Italia, il bollettino di oggi 29 novembre: 20.648 nuovi casi e 541 morti.
https://t.co/PC7cp3d2EW

tramite @GoogleNews"
2020-11-29 17:59:00+00:00,saviz1994,1333108211180855301,"ISTITUZIONI DI GOVERNO: COVID-19 ""CI ERAVAMO FIDATI"" - Firma la petizione! https://t.co/TTZVdIO7iF via @ChangeItalia"
2020-11-29 18:10:26+00:00,eugeniogaltieri,1333111087852646407,Io i segazionisti gli farei un tatuaggio sulla fronte acciocché trasferirli velocemente nei cassonetti in caso di #COVID19
2020-11-29 18:26:49+00:00,SamueleCapano,1333115212409565185,"Morto #DavidProwse, l’attore che interpretava Darth Vader.
Avete visto che la mascherina fa male? #covid19"
2020-11-29 18:47:22+00:00,IlarioDiGiovamb,1333120383009091587,"@CarpinetaPaolo @ansebastian1 Che è una tragedia umana purtroppo. Non faccio il fenomeno, non dico che non ho paura. Ho la fortuna di aver avuto tanti Covid19 nella cerchia di persone che conosco e per fortuna tutti l'hanno superato senza conseguenze pur soffrendo qualche giorno."
2020-11-29 18:48:02+00:00,quotidianodirg,1333120551959683072,"Polmone, ecografia toracica per scoprire la polmonite da coronavirus https://t.co/8XzcyecrY8 @quotidianodirg #news #notizie https://t.co/6rrH7nIZj1"
2020-11-29 18:51:22+00:00,liscidini,1333121390103457792,Siamo ancora  lontani #vaccino
2020-11-29 18:54:41+00:00,BennyNews,1333122224363089926,Inchiesta @espressonline su #Covid_19 e #vaccini entro #2021 giro d’affari da 21 miliardi e il #Remdevisir non funziona dice @WHO ma #UE e #Italia ne hanno già pagate migliaia di dosi @AntonioFraschi #CarloTecce @Artventuno #coronavirus https://t.co/CtA297b821
2020-11-29 19:14:46+00:00,DrKing77,1333127281468956673,"Dammi tre parole, #giallo #rosso #arancione 
#covid19"
2020-11-29 19:29:28+00:00,notiziando_news,1333130980014624770,#Coronavirus: il bollettino di oggi Domenica 29 Novembre 2020 https://t.co/Slb3K1D8IU
2020-11-29 19:29:48+00:00,vitobarile,1333131064345288710,"@SalernoSal E il covid19 sentitamente ringrazia, distanziamento quasi inesistente. Ma dopo 9 mesi di pandemia ancora così stiamo?"
2020-11-29 19:38:41+00:00,ppolati,1333133299116609538,La differenza tra i vari tipi di test spiegata in modo chiarissimo. Grazie  Professore!!! @RobertoBurioni
2020-11-29 19:40:30+00:00,paoloangeloRF,1333133756320854021,"“
La scuola credo sia una delle priorità cui dare attenzione e da tutelare “bravo #Locatelli “questo sarà un #natale significativamente diverso il primo e auspicabilmente ultimo senza cenoni e concerti “ @chetempochefa #CTCF #coronavirus"
2020-11-29 19:45:06+00:00,paoloangeloRF,1333134914317848576,"“il messaggio della #Merkel è di profondo valore :strategia di tutela della salute, per riprenderci gli spazi degli #sci  avremo tempo quando i numeri lo consentiranno “
Locatelli presidente del consiglio superiore di sanità @chetempochefa #CTCF #coronavirus"
2020-11-29 19:47:39+00:00,massimopolledri,1333135557355048961,“La politica in crisi utilizza la strategia della tensione per mantenere il potere” U.Bossi dopo l’omicidio Falcone. Vale anche con #Governo #Conte ai tempi dwl #coronavirus https://t.co/qzmTTCROCg
2020-11-29 19:51:55+00:00,Kekko31P,1333136628433489928,"@FiglioNico @noemicristofalo @DiSantita “Quando vedete il Coronavirus sappiate che la terra non è la nostra casa”
#ChurchThatEnters"
2020-11-29 19:56:12+00:00,paoloangeloRF,1333137706856099841,“ le regioni hanno votato tutti  i #DPCM “ @zaiapresidente #Zaia “ l’arco alpino ha fatturato di due miliardi e mezzo; prima viene la salute ma se la logica e’ evitare assembramenti non capisco perché li debba pagare gli sci e non altre realtà”@chetempochefa #CTCF #coronavirus
2020-11-29 20:08:55+00:00,stefanodirusso1,1333140906480971776,"#nonelarena #vaccino #vaccini #COVID19 doveva esistere un piano Colao, messa in piedi per garantire la gestione di questa pandemia fino alla distribuzione delle dosi, dov'è? Siamo impreparati @nonelarena siamo nelle mani delle taske Force che prendono solo soldi per combinare 0."
2020-11-29 20:18:23+00:00,danibarison,1333143290271715328,"Super @GinoStrada Già da tempo lavoriamo in #Calabria
E siamo pronti a farlo ancora con un reparto #COVID19 a #Crotone
#CTCF"
2020-11-29 20:40:38+00:00,ILSOB1LL4,1333148887398440960,"Mi accodo a quelli che lo hanno già evidenziato.
@FIGC Non si parla più di #Playoff ? E sospensione ?
Finita la preoccupazione per il #COVID19 ?"
2020-11-29 20:49:32+00:00,JackGrifo,1333151127437783041,#CTFC Grandissimo @RobertoBurioni con semplicità ha spiegato l’efficienza dei #vaccini ! #COVID19 #libertà @chetempochefa complimenti!
2020-11-29 20:53:28+00:00,WholeWorldTrip,1333152117180207113,"Tristissima la metafora di @RobertoBurioni sulla foresta in fiamme e il vaccino, a @chetempochefa. Io sono pro-vaccino #COVID19, ma associare chi si vaccina ad alberi tagliati per non far propagare l'incendio, è da dilettanti della comunicazione. 

#CTFC #Rai3 #Burioni #PNL #NLP"
2020-11-29 20:57:21+00:00,Elisabe94838092,1333153094830592002,Questa non fa testo è famosa perché voleva le tendine sulle croci al cimitero
2020-11-29 21:03:53+00:00,TizianaFerrario,1333154740658712579,La lunga catena di errori commessi a Bergamo e provincia durante la prima ondata di #Covid.Il NYTimes ripercorre i giorni del dolore e cerca di capire cosa successe. OMS ha fatto tutto quello che doveva?The Lost Days That Made Bergamo a Coronavirus Tragedy https://t.co/m84tIZcLEH
2020-11-29 21:11:17+00:00,CesareCamboni,1333156603613372421,Da arrestare.
2020-11-29 21:25:00+00:00,maxfound77,1333160053776519170,"Io ho fatto la pizza e un dolce all'arancia. In mezzo ho corso 12 km. e passeggiando tra i campi abbiamo incontrato a metà strada una coppia di amici coi quali abbiamo bevuto un caffè portato nel termos. Sarebbe stata una corsa magnifica, mannaggia al #COVID19"
2020-11-29 21:26:42+00:00,alelu62,1333160482144972800,"Se si fossero fatte le autopsie sui morti da #COVID19 si sarebbero risparmiate almeno 25mila vittime, sostiene il medico #Olivieri. Lo sai @robersperanza?Tu che hai ricevuto l’ordine dall’@WHO, hai impedito di scoprire le vere cause di morte. E ora menti sui #vaccini. Criminale!"
2020-11-29 21:31:11+00:00,npreiti,1333161612270833667,"Se è così, domani ad #arcuri danno un ulteriore incarico. #COVID19"
2020-11-29 21:38:38+00:00,egidio_gialdini,1333163484293566466,"L'aggiornamento di domenica 29 novembre 2020 dal Sindaco di POLICORO, Enrico MASCIA, sull'emergenza coronavirus nella cittadina jonica, con l'invito a rispettare le misure anti contagio vigenti. https://t.co/vjW4v31rJO"
2020-11-29 22:05:22+00:00,dexpalm,1333170211013451778,"Chi si lamenta delle restrizioni è principalmente chi non rispetta le distanze, stringe mani, bacia e non porta mascherine
Si lamenta di ciò che ha causato coi propri comportamenti ma dà la colpa agli altri, al governo, alla #DittaturaSanitaria
#COVIDIOTS
#COVID19
#Covid_19"
2020-11-29 22:06:14+00:00,tanyasbrandshow,1333170431633874946,"La tutela dei #medici , il #covid19 è il loro pericolo. 
https://t.co/Lj8w4SMGKh"
2020-11-29 22:38:16+00:00,giovannidalloli,1333178492830277634,"è ciò che ho sempre pensato, ma era solo uno spunto di buonsensi"
2020-11-29 22:40:33+00:00,ZenatiDavide,1333179065650483200,"Una crisi a valanga. Le piste chiuse valgono il 70% del fatturato di stagione: Il Covid-19 rischia di far perdere al turismo montano invernale il 70,2% del fatturato che nelle ultime stagioni era arrivato a superare i 10 miliardi di euro. Emerge da una… https://t.co/es8pD0faiy https://t.co/fDTGUkQJ12"
2020-11-29 23:06:28+00:00,alelu62,1333185590330863618,"Francesco Oliviero al Convegno di Milano del Riavvicinamento Sociale del... https://t.co/AwwRGXThBF via @YouTube Come rispondono @robersperanza, @GiuseppeConteIT @AgoMiozzo e @s_brusaferro a queste accuse durissime? #COVID19 #DittaturaSanitaria #Governodicialtroni #CONTEDIMETTITI"
2020-11-29 23:16:03+00:00,GaetanoBellino,1333188001074208769,"ISTITUZIONI DI GOVERNO: COVID-19 ""CI ERAVAMO FIDATI"" - Firma la petizione! https://t.co/LlRTPCbT4Z via @ChangeItalia Firmo perché lo ritengo giusto e necessario"
2020-11-29 23:22:28+00:00,AFoccardi,1333189614673276936,"A Napoli per la morte di Maradona c’erano in piazza oltre 50mila persone per cui fra 15 gg ci sarà un ‘impennata dei contagi giusto?
Se ciò non avviene come la mettiamo?"
2020-11-29 23:23:30+00:00,MarcoTubiolo,1333189875038818311,"@Moonlightshad1 https://t.co/cHG3CPF9AV

Qui ci sono quelli bravi. Togliere il Titolo v deve diventare una priorità."
2020-11-29 23:35:34+00:00,tanyasbrandshow,1333192913405300743,"This #letter 
Da leggere. Ai tempi del #COVID19 
Fonte : @Corriere 
https://t.co/Lj8w4SMGKh https://t.co/KNQHjf2Sgp"
2020-11-29 23:45:25+00:00,RisoTesta,1333195391534329857,"Queste affermazioni meritano di essere considerate seriamente. 
Fra poco ci troveremo a piangere la morte sociale ed economica dell’#Italia più dei morti di #covid19"
2020-11-30 00:31:51+00:00,fran_orsini,1333207076454215680,La prossima settimana #nonelarena parlerà della sanità in Lombardia e mostrerà la madunina che vomita coronavirus su Milano https://t.co/cnKEs5arJG
2020-11-30 01:29:33+00:00,CremitTW,1333221595729563656,"Un #evento del corso di Scienze dell’Educazione @Unicatt con ricercatori #Cremit: ""Bambini, adolescenti, famiglie e anziani. L’intervento educativo ripensato al tempo dell’emergenza sanitaria""
#COVID19 
Simona Ferrari @PastaStefano @alemikka Carenzio 
https://t.co/ZuinE30v6h https://t.co/1QyHOzLD4s"
