Date,User,Tweet_id,Tweet
2020-12-27 06:02:56+00:00,OcchiniSilvio,1343074868703670272,"Il Frosinone oggi giocherà pur non avendo a disposizione 13 giocatori positivi al Covid-19
Juventus Napoli: i partenopei non si sono presentati per 2 positivi. Devo aggiungere altro?
🤡"
2020-12-27 06:04:21+00:00,Riccardi_FVG,1343075224519110656,"Buongiorno a tutti e buona domenica. Oggi, #27dicembre 2020, è il primo giorno di #vaccinazione anti - #COVID19: il #FriuliVeneziaGiulia riparte con un fiore. 

Tra poco tutti gli aggiornamenti della giornata.

#VaxDay #VaccineDay #VaccinoAntiCovid https://t.co/kCtFUImLTU"
2020-12-27 06:34:38+00:00,CrovellaAntonio,1343082845531738113,"@Angelic82324893 Ciao Angelic, Buongiorno e' Buon Natale passato. Ho letto che in Messico, non so in quale citta' il Coronavirus e' aumentato. Un' po' regole ci vogliono, anche se l'aria e' ormai satura. Si spera nel prossimo 2021 nel vaccino miracoloso. Passa bene le feste, di Natale."
2020-12-27 06:47:28+00:00,SBezzini,1343086074495717382,Tutto pronto per accogliere le prime 620 dosi di vaccino! #Toscana #COVID19 https://t.co/kcsQhTqi3x
2020-12-27 07:15:35+00:00,Riccardi_FVG,1343093152979316737,😊 Il #vaccino anti - #COVID19 e’ appena arrivato a #Palmanova. https://t.co/yLQ9ChqQVL
2020-12-27 07:21:43+00:00,leomigliaccio93,1343094694474117120,Altra notizia meravigliosa #Vaxday #VaccineDay #AstraZeneca #COVID19 #vaccinoday
2020-12-27 07:25:34+00:00,agenzianewsnews,1343095662095826944,Il #Tweet di @RachieleBruno
2020-12-27 07:26:02+00:00,Riccardi_FVG,1343095781188841472,📹 Ecco il video dell’arrivo del vaccino anti - #COVID19 nella sede della #ProtezioneCivile a #Palmanova ⤵️ https://t.co/lWkTyFp3Jc
2020-12-27 07:27:11+00:00,GaetanoBellino,1343096072084721664,"Per la mia età faccio parte di coloro che, in teoria, dovranno essere vaccinati con priorità rispetto ad altri. Confesso apertamente di non avere alcuna fiducia che ciò avvenga in tempi accettabili."
2020-12-27 07:34:27+00:00,marielSiviglia,1343097898276442115,""" Chi è causa del suo mal pianga se stesso/ a. Cit
Ps: egoisticamente non mi cambia nulla.
Peggio per il 55 % degli italiani, vale a dire più della metà della popolazione, in crisi nera, senza #risorse e un posto di #lavoro.
Altro che ""covid19""
***** vs.

 https://t.co/y9pYHBJfmg"
2020-12-27 07:34:50+00:00,falcon82,1343097995932397569,@LeonardoPanetta @Gaudo Avevo letto diversamente https://t.co/jsdtboFAdQ
2020-12-27 07:39:05+00:00,GaetanoBellino,1343099067069571072,"Tutti belli distanziati, come no?!?"
2020-12-27 08:01:08+00:00,beppeferri9649,1343104613789167617,"Ha perfettamente ragione ma, se gli organi d'informazione si comportano così è tutta una questione economica."
2020-12-27 08:03:32+00:00,Riccardi_FVG,1343105220474241024,"🔴 Insieme al Presidente @M_Fedriga, nella sede centrale della @ProtCivReg_FVG a 
#Palmanova, in attesa a breve della prima vaccinazione anti - #COVID19 in #FriuliVeneziaGiulia. https://t.co/eTFX3KReFZ"
2020-12-27 08:11:32+00:00,Riccardi_FVG,1343107233173954560,🔴 Ecco il video della prima vaccinazione anti - #COVID19 in #FriuliVeneziaGiulia ⤵️ https://t.co/DUTVbISWjJ
2020-12-27 08:18:34+00:00,Riccardi_FVG,1343109003375751168,🔴 Alcune immagini dei primi vaccinati anti - #COVID19 in #FriuliVeneziaGiulia ⤵️ https://t.co/UdgaWVLUfS
2020-12-27 08:41:16+00:00,AlleracNicola,1343114714201677826,Per fare le proporzioni con la popolazione italiana: 20 milioni di italiani sarebbero in carcere o ci sarebbero passati negli anni scorsi. I morti di Covid-19 sarebbero 240.000. 600 italiani tra i 20 e i 40 anni sarebbero stati uccisi dalle forze dell'ordine (uno ogni 12 ore).
2020-12-27 08:43:15+00:00,1211andreas,1343115215618113538,Blocchiamo tutto dalla Nigeria? Dall'Africa?
2020-12-27 08:49:50+00:00,marielSiviglia,1343116870854041605,"Per motivi che non elenco in questa sede, non farò il vaccino anti covid19: dopo 11 anni su twitter a scrivere di prevenzione, in merito al virus HIV, è giunta l'ora di farmi gli affari miei.
Non interagire con sconosciuti sui social e collaborazionisti della #DittaturaSanitaria."
2020-12-27 08:50:29+00:00,gianlucatdc,1343117034452885505,"3C epiphanyThe Japanese authorities understood covid-19 better than most
https://t.co/zB1xC4CPQM
Stabilito il fallimento dell'alternativa svedese, io Giappone resta però un mistero.
#COVIDー19 #svezia #giappone"
2020-12-27 08:51:24+00:00,LMazzaroppi,1343117265517092864,È di #Aquino. Samo orgogliosi. https://t.co/cEU3mPyAWi #coronavirusitalIa @SaluteLazio @GiuseppeConteIT @nzingaretti
2020-12-27 08:51:36+00:00,cosimo3_7,1343117314611433472,"Avete fatto bene...nessuno più di lui sa come fottere i protocolli..e se poi vi serve, ha l’amico avvocato che lavora al coni.."
2020-12-27 08:57:12+00:00,JackGrifo,1343118725336231939,@megera76 🎄...speriamo che sia veramente il primo e ultimo #Natale di #COVID19 ... un abbraccio di auguroni 😙✨
2020-12-27 09:05:50+00:00,JackGrifo,1343120895167102977,#vaccino concordo al 💯 % ! Io mi vaccinerei subito 💉 #VaccinoAntiCovid #VaccineDay #COVID19 #italia
2020-12-27 09:09:11+00:00,GppeScaringella,1343121741112102920,#27dicembre solo qualche settimana fa sembrava impossibile. Si accende la speranza di sconfiggere sto maledetto #COVID19. Vogliamo solo che torni la normalità. #VaccinoAntiCovid #VDAY #spallanzani https://t.co/I6r24QqiTQ
2020-12-27 09:15:01+00:00,farmaciaserrage,1343123206287339521,Oggi #27dicembre resterà nella storia per chi studierà l’impatto del #COVID19 sulle vite di milioni di persone. #VaccineDay #VDAY
2020-12-27 09:23:42+00:00,GioGuzzetta,1343125392283082752,Effetti perversi e preoccupanti della disinvoltura normativa.... Buona Domenica... #cieravamofidati https://t.co/fw1RiDFkCQ #COVID19 #dpcm https://t.co/G7DieyCfp7
2020-12-27 09:28:22+00:00,Leotruman,1343126567971651585,♥️🎊🎁 Oggi iniziano le vaccinazioni nell’UE https://t.co/g5oAFuA4aA
2020-12-27 09:30:15+00:00,marcoboh,1343127041290493952,"Vaccini anti Covid-19
https://t.co/NQwwqoTT0B"
2020-12-27 09:30:31+00:00,giuseppetp55,1343127106776137730,"#Bergamo Sarà querelata dal Comune,la consigliera leghista di San Casciano in #Toscana Eleonora Leoncini,rea di aver detto,durante una videoconferenza del Cons.comunale,che erano false le foto dei camion militari con i morti per #Covid19 e portare +rispetto per quelli da vaccino."
2020-12-27 09:31:39+00:00,roccofranciosa,1343127395008733184,"Al via la campagna vaccinazione anti #Covid19 
È un grande #giorno 🌈
Tutti #insiemecelafaremo 💕
L' #Italia 🇮🇹 rinasce 🌺
 #StopCovid https://t.co/D0c07iT1Gk"
2020-12-27 09:34:28+00:00,ffsemeraro,1343128101975437320,"#Coronavirus Una piccola puntura per l’uomo, un grande passo per l’umanità #LLAP @MinisteroSalute @RegioneER @AUSLBologna @bordonpaolo @robersperanza https://t.co/1ughVzcIws"
2020-12-27 09:38:26+00:00,R__Pizzi,1343129103067734018,"Se confermata, questa è una delle migliori notizie che avremmo potuto ricevere, oltre al #vaccino #coronavirus"
2020-12-27 09:39:45+00:00,Rosa_Salcuni,1343129430403780608,"#VaccineDay: forse la fine di un incubo 

#COVID19"
2020-12-27 09:45:47+00:00,prolocobasilica,1343130952567058433,"Al via la campagna vaccinazione anti #Covid19 
È un grande #giorno 🌈
Tutti #insiemecelafaremo 💕
L' #Italia 🇮🇹 rinasce 🌺
 #StopCovid https://t.co/LBYoxtIF7A"
2020-12-27 09:49:01+00:00,franzrusso,1343131763904831490,"#VaccineDay
È #ClaudiaAlivernini, l'infermiera di 29 anni dello Spallanzani, la prima in Italia a ricevere dose di #vaccino anti #COVID19.
Sono questi gli esempi che vogliamo 

https://t.co/xsHdYAd5dE https://t.co/4ccACe7yoB"
2020-12-27 09:53:17+00:00,LorenzPardini,1343132840159043589,"#Nuoto: @Tete_frog un bilancio dopo gli #Assoluti 🏊‍♂🏊‍♂

https://t.co/ocHWBbgDXY

#martinenghi #nicolómartinenghi #nuoto #swimming #varese #ilgiorno #sport #press #interview #Tokyo2020 #tokyo2021 #COVID19 #coronavirus #lockdown #italy #arena @FINOfficial_ @arenaitalia"
2020-12-27 09:56:33+00:00,MaurizioStumbo,1343133660606828544,Partiti con il #vaccineday  anche in @RegioneLazio. Registrate con successo sui sistemi gestiti da @laziocrea  i primi #vaccini presso lo @INMISpallanzani #COVID19 #vaccino #VaccinoAntiCovid #Vaxday  #vaccinoday https://t.co/LudgCYjBP0
2020-12-27 10:01:22+00:00,ManuelMonzani,1343134871837933570,"Il vaccino è per tutti.
Vaccinarsi significa tutelare tutti. Noi stessi, i nostri cari, il prossimo che ci vive a fianco. Aiutiamo lo stato a renderlo efficace, facciamo che tutto questo funzioni. Per fare il conto degli errori ci sarà il voto #VaccineDay #COVID19 https://t.co/kgAij23kll"
2020-12-27 10:04:38+00:00,QueiMaledetti,1343135696417132544,Anche il cane del cugino di mio zio lo ha detto #novax #COVID19 #Covid #vaccini #27dicembre #VDAY #VaccineDay #vaccinoday #vaccination https://t.co/EnOrzHCMri
2020-12-27 10:22:47+00:00,NathanDelMare,1343140260943966208,"#VDAY #VaccineDay Vaccinarsi è un atto d'amore e di responsabilità nei confronti del prossimo.
#COVIDー19 #coronavirus #vaccino #vaccinoCovid"
2020-12-27 10:23:47+00:00,_Nico_Piro_,1343140513894068224,Non voglio rovinarvi #VaccineDay oggi che intravediamo luce a fine tunnel #COVID19 ma #vaccino ha un grave effetto collaterale: l’ingiustizia. Grosso popolazione mondiale ne è escluso. Cavoli loro? Dei poveri? Non proprio considerando rischi mutazioni virus e instabilità politica https://t.co/QyLFrYYJqu
2020-12-27 10:24:44+00:00,Pannocchia978,1343140751073546240,"Direttamente dall'aereoporto militare di Rivolto (UD) alla sede della Protezione Civile di Palmanova (UD). 
La fine è iniziata. 

#COVID19 #vaccino #VaccineDay #fvg"
2020-12-27 10:32:06+00:00,marmaz,1343142607736737792,"Credere a Fauci o ad Arcuri, un bel dilemma.

#coronavirus #immunitadigregge https://t.co/4H7Bejh64s"
2020-12-27 10:32:17+00:00,fcolangelo80,1343142652540313600,"Oggi  #vaccindeday .
L'#Europa distribuisce il #vaccinocovid 💉🔬🇪🇺⁉️
Speriamo sia l'inizio della fine di questa #pandemia. 😊 
Condividi‼️
#vday 
#ursulavonderleyen 
#COVID19 
#UnioneEuropea 
#uniticontroilvirus 
#finepandemia https://t.co/LbDPbr1zBH"
2020-12-27 10:33:59+00:00,IlariaCeriani,1343143081244315649,"Speriamo sia la l'inizio della rinascita. E che vengano rispettati i tempi, soprattutto per le persone più fragili e a rischio. 

#vaccino #COVIDー19 #vaccinoday #VaccineDay #Vaxday"
2020-12-27 10:35:41+00:00,Riccardi_FVG,1343143509981859840,"Oggi a #Palmanova, nella sede centrale della @ProtCivReg_FVG, parte una nuova fase nella lotta a #COVID19: la somministrazione del #vaccino inizia dagli operatori sanitari e dalle persone più fragili per poi estendersi a tutta la popolazione.

#27dicembre #VaxDay in #FVG https://t.co/Z0yH2ysEwz"
2020-12-27 10:42:36+00:00,PLGiudicarie,1343145248587919360,Controllo mobilità zona rossa 🔴🔴🔴 #coronavirus #COVID19 #polizialocale https://t.co/0jDmRow2he
2020-12-27 10:53:26+00:00,LeoZullo88,1343147977536401408,"Invito gli italiani a informarsi sul vaccino per #COVID19 sul sito della confederazione Svizzera.
https://t.co/aZSInTqgFq."
2020-12-27 10:54:20+00:00,LeoZullo88,1343148200287461376,Informazioni chiare sul vaccino per #COVID19 https://t.co/aZSInTqgFq.
2020-12-27 11:01:03+00:00,Stevig64,1343149892932403200,"#vaccineday iniziamo ad uscire dall'#incubo.
#negazionisti #NoMask #novax #covidioti #diffidenti #cospirazionisti #provocatori contenti il #vaccino #anti #COVID19 non è #obbligatorio non rompete più o la vostra #vigliaccheria passa per una richiesta d'#aiuto alle nostre #speranze https://t.co/RlV22CXtcx"
2020-12-27 11:04:48+00:00,NotiziandoWebTV,1343150836441100288,"L'arrivo delle dosi del #vaccino contro il #coronavirus all'ospedale Niguarda di Milano
https://t.co/v8gA9QwxZF"
2020-12-27 11:09:40+00:00,giodiamanti,1343152061521793024,È una notizia splendida: il vaccino su cui l’Italia ha puntato di più
2020-12-27 11:14:27+00:00,mariamedici10,1343153263252824065,"Oggi #27Dicembre allo #Spallanzani la prima vaccinazione nel #VaccineDay #Italia Avremo mesi di sacrifici, ma li affronteremo con fiducia, la #scienza ci dà speranza per un futuro in cui il #vaccino dovrà essere un bene comune gratuito per tutte/i #Covid19
#pfizer  #VDAY #VaxDay https://t.co/5ivudEb9D1"
2020-12-27 11:18:51+00:00,ProtCivPalma,1343154372293885954,"#AvvisoFVG #CoronaVirus

Dal 28 al 30 dicembre entrano in vigore nuove misure di contrasto e contenimento per la diffusione del virus Covid-19.

🟠 Zona arancione NAZIONALE

(D.L. 18 dicembre 2020)
https://t.co/zvbjjvdhU7 https://t.co/D3ZQY4IF2n"
2020-12-27 11:32:56+00:00,PivaEdoardo,1343157917655179264,non scrivete cazzate
2020-12-27 11:38:18+00:00,npreiti,1343159267260575749,Qualcuno può spiegare perché in Italia sono arrivati 10.000 vaccini e in Germania 150.000 ?@robersperanza #vaccino
2020-12-27 11:41:33+00:00,_iaci,1343160086093557760,"Ho fatto tutti i vaccini, tutti i richiami, tutto il possibile, farò il vaccino contro il COVID-19 appena mi sarà possibile perché la scienza è l’unica risposta possibile a questa vita e alla sua sopravvivenza."
2020-12-27 11:54:22+00:00,giuli_valle,1343163308942258177,"@Peppezero @jfktormento @OCardinal17 Non è troppo presto, studiano il Coronavirus da anni, stanno solo cercando di incoraggiare la gente a vaccinarsi. Ovviamente i veicoli per farlo sono adeguati al livello culturale dei soggetti in questione. Per i cretini Barbara D’Urso mi sembra ottima."
2020-12-27 11:57:17+00:00,marielSiviglia,1343164042014294017,"Ma i camerieri del dittatore Xi Jinping al governo italiano non la smettono di fare passare il messaggio che le mascherine fermano i virus.
Pertanto: a loro signori corrotti e mafiosi, il vaccino salvifico anti covid19, non dico dove, in rispetto dei minori connessi su twitter."
2020-12-27 12:07:43+00:00,paoladecassan,1343166668772675585,"Okay, il #Vaxday è sicuramente propaganda politica per tutti i paesi, ma al di là di questo, spero veramente funzionino e che nonostante quanto si legge si riesca ad arrivare, in Italia, ad avere già un buon numero di vaccinati in primavera. Almeno nelle fasce a rischio."
2020-12-27 12:09:41+00:00,EnzaGioia6,1343167166309347329,"Per chi è scettico a vaccinarsi leggete fonti certe, io mi vaccinerò"
2020-12-27 12:12:52+00:00,francescocipe,1343167964451905538,Vengono fuori le verità
2020-12-27 12:17:03+00:00,lucialuciani2,1343169019440979969,Vorrei dire a questa signora che siamo esseri umani non un gregge di pecoreIlaria Capua choc: immunità di gregge o pecore morte. Cosa sa del vaccino https://t.co/kvEC8VvqfZ
2020-12-27 12:19:13+00:00,MiTomorrow,1343169563790340099,"Adele Gelfo, operatrice socio-sanitaria, è la prima di @ospniguarda a ricevere il vaccino anti-covid. 

#ospedaleniguarda #covid_19 #covid19 #vaccineday #euvaccinationday #milano #mitomorrow #vaxday https://t.co/c7DiFVpw3s"
2020-12-27 12:21:08+00:00,gdcesena,1343170047989018624,"🏥 Anche a #Cesena sono arrivate le prime dosi di #vaccino con il #Covid19.

👉 Per maggiori informazioni: https://t.co/eiaGRPHxrU

#VaccineDay https://t.co/IXEIEnhg20"
2020-12-27 12:22:13+00:00,maurojmanzo,1343170316487565313,"Un bel regalo di Natale anche per Cesena e la Romagna 🇮🇹 🇪🇺 

#VaccineDay"
2020-12-27 12:26:29+00:00,deborahgennaro,1343171391902916608,"Oggi,27/12/2020 sono arrivate le prime 40 dosi di vaccino #Pfizervaccine contro il #COVIDー19 #COVID19 #CovidVaccine presso l'Ospedale San Luca di Trecenta, Santa Maria della Misericordia di Rovigo. Qui, Osp. Trecenta. https://t.co/6kK5MqCgW4"
2020-12-27 12:31:24+00:00,AlessandroGraz6,1343172629348417536,"Buona giornata #europea vaccinale
#iomivaccino #covid19 #Vaxday"
2020-12-27 12:34:57+00:00,marielSiviglia,1343173521040678915,"Colloquio tra un medico e un suo paziente :
"" Dottore, mi scusi a che serve andare a fare il vaccino contro il covid19 se non riesco a a uscire dal tunnel della droga?""
"" A nulla, figliuolo, se non altro ti abitui a stare sotto terra ""
#vaccinoday ."
2020-12-27 12:41:13+00:00,RexVonKostia,1343175099034161152,"Produci, Contagia, Crepa. La logica del Profitto ai tempi del #coronavirus #covid19 #music #spotify #applemusic #deezer #capitalism @ Italy https://t.co/W6fg5zI4wS"
2020-12-27 12:46:51+00:00,giorgio_bei,1343176519296970752,"Lo farete il vaccino contro il COVID ????
#COVID19 #VaccinoAntiCovid  #vaccino #pandemia"
2020-12-27 12:47:26+00:00,flavioverra,1343176663128014848,"1) il vaccino non è gratuito viene acquistato con i soldi dei contribuenti europei (quindi nostri) che finiscono ad ingrossare i dividenti di azionisti privati;
2) la possibilità offerta dallo stato è allo stato dell’arte ancora del tutto ipotetica  #COVID19 #VaccineDay"
2020-12-27 12:49:41+00:00,gianlucatdc,1343177232576114689,"Una lampada a Led che uccide il Coronavirus. L’italiana Biovitae viene premiata dall’Onu
https://t.co/BpaLdjRguW
Ma questa roba? Chi mi conferma la sua efficacia?
E come è possibile che i tizi terrorizzati da cose come il 5G su questo non abbiano espresso i loro timori?"
2020-12-27 12:55:05+00:00,RocRus1,1343178590972760064,"OK per la partenza della nuova fase nella lotta a #Covid19, ma la mia emozione maggiore sarà quando vedrò la foto dell'ultimo italiano vaccinato contro il #SARS_CoV_2 👍🤞
#VaccineDay https://t.co/nSkxJ5MjgP"
2020-12-27 12:56:34+00:00,marielSiviglia,1343178962277715969,"Comunicazione ufficiale: somministrare  vaccino anti covid19, su soggetti con mascherine stracolme di germi e batteri, dannose alla salute pubblica e ambiente equivale a curare il diabete con lo zucchero 
#sapevatelo
Omaggi agli addetti maratona europea in corso.#VaccineDay https://t.co/0tQnJNRQ8A"
2020-12-27 12:57:37+00:00,lorenzodista,1343179228121063426,Un thread da seguire con le prime vaccinazioni da tutti gli Stati membri dell’Unione europea. Oggi è un giorno importante e simbolico di cui essere orgogliosi 🇪🇺
2020-12-27 12:58:27+00:00,marielSiviglia,1343179436213075969,Le mascherine sono un regalo formidabile a patologie più gravi del covid19.
2020-12-27 12:59:05+00:00,michidrummer,1343179597756641281,"Se ci fosse stato un Balto ai giorni nostri sarebbe stato probabilmente abbattuto dai No Vax con delle polpette al 5G. 
#VaccineDay #coronavirus"
2020-12-27 13:17:50+00:00,leleroma82,1343184316961075200,"Ciao e Buona Domenica @Fil_Biafora il #Calciomercato di Gennaio è alle porte
Con le dovute proporzioni,come in estate,abbiamo esuberi(che sono stati utili col #COVID19)e acquisti da fare per mantenere la posizione attuale e puntare a migliorarla 
Quale è la situazione?
Grazie"
2020-12-27 13:28:46+00:00,UniTrieste,1343187068139298816,"#VaccineDay

Tra le prime persone a ricevere il vaccino per il #COVID19 c'è anche la nostra prof. Milena Cadenaro.

Oggi a Palmanova sono state somministrate le prime dosi a medici, infermieri e operatori sanitari del sistema sanitario regionale

#StrongherToghether #SafeVaccines https://t.co/W23vtvrei0"
2020-12-27 13:28:55+00:00,Pheet21,1343187105653121024,"Per tutti i soldatini come la merlino &amp; c.:

Non siete più credibili già da un pezzo.
Quindi la vostra propaganda sul vaccino crea solo l'effetto contrario.
Buon risveglio."
2020-12-27 13:35:35+00:00,bumbishor,1343188781579595777,@Joe911S Un po' come i camion dei defunti ...ai tempi ...di coronavirus.. vedessi che scorta... manco Mattarella
2020-12-27 13:37:55+00:00,delucadino68,1343189368136216578,Adesso tocca a Voi far sì che tutto funzioni al meglio ed accelerare i vaccini per tutti ed evitare le raccomandazioni......
2020-12-27 13:38:11+00:00,ArcheoLogica,1343189437589708804,#fiori dall'antica Daunia per la campagna vaccinale anti #COVID19 https://t.co/pwHfDtCch0
2020-12-27 13:40:54+00:00,walternestola,1343190121106067457,Una nuova luce ... #VaccineDay #COVIDー19 #COVID19 #Covid #CovidVaccine https://t.co/kAjV0WUZYH
2020-12-27 13:47:37+00:00,francescocipe,1343191809162407936,@piersileri Da ieri sono già calate le morti per covid19.....
2020-12-27 13:57:44+00:00,ProtCivPalma,1343194357168541697,"#AvvisoFVG #CoronaVirus

Predisposti il nuovo Numero Verde Unico Regionale 800 909060 , che fornisce chiarimenti su ordinanze Nazionali e Regionali #COVID-19. 

Il Numero Unico Regionale è attivo:

Lun - Sab (esclusi i festivi) 
08:00 - 20:00

Link ⤵️
https://t.co/TxD38DDGAt https://t.co/WgbEYUMycK"
2020-12-27 13:57:53+00:00,antoniopaolo7,1343194392341983233,https://t.co/5B5c3AEfQY .VACCINAZIONE ANTI-COVID19 MODULO DI CONSENSO Informato
2020-12-27 14:01:58+00:00,Maria79Marzano,1343195420223266821,Finalmente s'intravede la luce in fondo al tunnel 🙏
2020-12-27 14:05:31+00:00,pcol_verona,1343196315434496007,"È un medico, un operatore sanitario? Perché lui ha avuto il vaccino?"
2020-12-27 14:06:39+00:00,giuseppegreco86,1343196602115174400,"Non sapevo #Deluca fosse un medico. Vabbè ma da quelle parti i protocolli vengono sempre rispettati .
#VDAY"
2020-12-27 14:21:53+00:00,stmaefzz,1343200432034873346,Oggi per @GettyImages ho documentato l'arrivo in Italia del vaccino anti #COVID19 all'ospedale di #Schiavonia vicino a #padova #photo #photography #photojournalism https://t.co/RRbjS7LTUP
2020-12-27 14:24:30+00:00,Matteo_Crivelli,1343201091916337152,C’era la Juve di mezza se no sarebbe passata in tutto il mondo la maialata dei napoletani
2020-12-27 14:45:38+00:00,stagliacollo,1343206409039654912,In Italia servirebbe un vaccino contro questo GOVERNO DI CIALTRONI non contro il COVID19. https://t.co/YjridqcRrm
2020-12-27 14:54:01+00:00,noemicop,1343208520997629955,Oggi è un giorno bello.
2020-12-27 14:59:37+00:00,LorenzPardini,1343209928387866624,"#Nuoto: @Tete_frog e gli #squilli di fine anno 🏊‍♂🏊‍♂

#swimming #martinenghi #nicolómartinenghi #press #interview #sport #assoluti #varese #ilgiorno #tokyo #tokyo2020 #tokyo2021 #coni #COVIDー19 #COVID19 #coronavirus #lockdown #record #worldrecord #assoluti #arena https://t.co/YcjFyFaMoM"
2020-12-27 15:00:38+00:00,leopodogirgen1,1343210186459242498,"@CottarelliCPI Più del coronavirus, quello che in futuro, farà più male agli italiani sarà: gli sprechi della spesa pubblica, mala amministrazione, mala giustizia, mala gestione del suolo pubblico, mala manutenzione dei beni pubblici, mala sanità, pochi investimenti in ricerca e innovazione."
2020-12-27 15:27:25+00:00,giuseppetp55,1343216927347511296,"Lo so non è il momento di fare polemiche,ma chiederei ad #Arcuri come mai all’#Italia che ha superato tutti i Paesi europei per morti di #Covid19 sono toccati solo 9.750 dosi di”vaccino”(lasciamo stare uomini e mezzi impiegati)ed in #Francia circa 20mila,e in #Germania 150mila?"
2020-12-27 15:38:41+00:00,rapatrax,1343219759748419584,"""con tanti auguri per chi c'è caduto
di conservarsi felice e cornuto""
https://t.co/OIvBpQizOC

https://t.co/cs3BhkrDp5"
2020-12-27 15:42:47+00:00,FakeBusters13,1343220794512601090,"Oggi è un giorno storico: è il #VDAY  
Foto:@ilmessaggeroit
Approfondisci su:https://t.co/uFzIF5U4R9 
#Italia #Italy #COVIDー19 #covid19italia #COVID19 #coronavirusitaly #coronavirus #pandemia #pandemic #vaccine #vaccino #VaccinoAntiCovid #vaccines #Pfizer #BioNTech #fakebusters https://t.co/qfWC91aTiy"
2020-12-27 15:43:06+00:00,Pannocchia978,1343220871884926980,"Lo avete (ri)votato e adesso ve lo (ri)tenete!
#DeLuca #COVID19 #Campania #VaccineDay #vaccino #VaccinoAntiCovid

https://t.co/UfEx983miv"
2020-12-27 15:47:18+00:00,stefanodirusso1,1343221928040009728,Il presidente russo #VladimirPutin #Putin si vaccinerà contro il Covid-19
2020-12-27 15:49:18+00:00,Pimpabg,1343222434762280960,Non poteva essere diversamente ❤️
2020-12-27 15:51:02+00:00,dimanto71,1343222867618648065,"@HuffPostItalia Comunque il nome d questo vaccino russo è veramente rassicurante.
Strano che non l’abbiano chiamato “Ivan il terribile IV”
#COVID19"
2020-12-27 15:54:24+00:00,STasselli1,1343223715086131205,"Che ridi.
La mafia aveva gia provato a metterci le mani sopra."
2020-12-27 16:07:03+00:00,cesarielio,1343226900232155145,"La mia amica e compagna di classe Elisa de Pasqual, nel #VaccineDay #VDAY contro il #COVIDー19 #COVID19 https://t.co/Zg3q6e8Rm7"
2020-12-27 16:13:23+00:00,padfrance,1343228494323589121,Da gennaio a #Firenze i nuovi #buonispesa cartacei destinati alle famiglie in difficoltà a causa della #pandemia potranno essere spesi anche nelle farmacie e nelle parafarmacie convenzionate con @comunefi #COVID19 @DarioNardella @sarafunaro @GianassiFede @corrierefirenze https://t.co/lzVIYAl24o
2020-12-27 16:17:11+00:00,ffsemeraro,1343229448817139714,"#Coronavirus Una piccola puntura per una donna, un grande passo per l’umanità #LLAP @AUSLBologna @bordonpaolo 💪😎✌️"
2020-12-27 16:25:51+00:00,Ile2S,1343231631969165312,#Roma contagi in calo. Oggi sotto quota 500 https://t.co/apfcvEZ4KC
2020-12-27 16:38:12+00:00,C0NFIT3B0R,1343234739537387521,"Giorno di S. Stefano di #lockdown. Faccio una lunga fila in farmacia per un medicinale per mia moglie. Una signora, avanti a me di due persone, chiede dello #ossigeno per la mamma, con #COVID19, in una #rsa. Il farmacista, non ne ho più, mi dispiace sono stato di turno stanotte."
2020-12-27 16:38:50+00:00,apulderico,1343234900330237952,"Ma guarda un po' se dobbiamo arrivare al punto di fare gli appelli pro vaccinazioni.
È come se da domani vi invitassero a comprare solo auto provviste di impianto frenante.
Roba da màt!
#COVID19 #vaccino"
2020-12-27 16:40:03+00:00,slalympg,1343235203431604225,"Non credete al vaccino fatto da Ricercatori e Medici ma credete nell'affinità tra segni zodiacali, l'oroscopo di Paolo Fox e spendete 2000 euro per una borsa che ne vale 5 solo perché una ragazzina su instragram vi dice che non deve assolutamente mancare nel guardaroba #COVID19"
2020-12-27 16:41:10+00:00,marcokanobelj,1343235486773604358,il gattino 🦠 🐱 e la volpe 🐷....
2020-12-27 17:03:38+00:00,navalentedds,1343241139772653569,"E sul camion non ci piace, e le dosi sono poche, e quello lí non se lo doveva fare per primo, e così non mi va bene e così neanche. Riuscite a cacare il cazzo anche nel giorno più bello dell’anno!!! #VDAY #VaccineDay #Vaxday #vaccino #COVIDー19 #COVID19 #COVID19italia"
2020-12-27 17:08:35+00:00,ale_durante,1343242385145393155,"Penso a chi in questi mesi ha vissuto dei lutti, a chi non ha potuto salutare i propri cari, a quanto avrebbe sperato e desiderato che questo momento arrivasse semplicemente ""prima"".

#vaccineday #vday #vaccino #VaccinoAntiCovid #vaccinoCovid #vaccinoday  #vaccini #novax #COVID19 https://t.co/SXATL1WHGB"
2020-12-27 17:20:18+00:00,EffeBoccia,1343245333170675719,"Qualcosa non torna..

Il rispetto della catena del freddo in Germania ha ritardato la consegna del #vaccino ma in italia lo stesso prodotto è stato consegnato col furgone della find us polacca? 

#negazionisti #27dicembre"
2020-12-27 17:54:13+00:00,rexforte1,1343253869325918209,"Zaia dice che più tamponi si fanno e più positivi si trovano, varrà anche x i morti?  Ieri quasi un terzo dei morti in Italia era nel Veneto"
2020-12-27 17:59:00+00:00,andreacontemoge,1343255074471075852,"Non fare il vaccino contro il #COVIDー19 è come quando giochi a @SeaOfThieves non vendi i tuoi tesori, affondi e dopo ti lamenti di aver preso ore di gioco.
Solo che quello è un gioco, la tua vita no.

#StopTheStupid #novax #StopCOVID19 #negazionisti #coronavirus"
2020-12-27 17:59:57+00:00,Frances26279273,1343255313550598148,BENE...BENISSIMO ...NO fake news. Ma quando la smetteranno di dire che il vaccino è facoltativo . Il vaccino deve essere OBBLIGATORIO...per tutti .
2020-12-27 18:17:23+00:00,PeppeBarbone,1343259697130962944,Io mi vaccino #covid19 #iomivaccino #VaccineDay #vaccinonapoli https://t.co/t5VnUBvhhT
2020-12-27 18:21:34+00:00,JakKekkosanMex,1343260753969737730,Sergio Mattarella: Riconoscimento Del Covid19 come Infortunio sul Lavoro per i Medici di Medicina Generale - Firma la petizione! https://t.co/4FSjWdfY2Z via @ChangeItalia
2020-12-27 18:38:21+00:00,antoniopaolo7,1343264973577990144,https://t.co/QrjF3ZRosc Noi sosteniamo ESCLUSIVAMENTE il ricorso a metodi che sostituiscano completamente l’uso di animali! @LAVonlus https://t.co/FOYNw85s5g @glfelicetti @leal_it @SVivisection @Robert0Guiscard @CrisciGloria @jmcappiello @sangesnicola @JohnOberg @partigianovegan
2020-12-27 18:39:55+00:00,brunoforesi,1343265370837315592,Come la Cina ha censurato la pandemia - Il Post https://t.co/SzWp2MXUfJ
2020-12-27 18:40:26+00:00,Time4Stream,1343265500789415938,"Covid Milan, at Pio Albergo Trivulzio vaccine for 12 guests

Live Broadcast for SkyTg24
Milan (Italy) 27.12.2020

#time4stream #livenews #direttatv #direttalive #journalism  #troupetv #liveu #covid19 #crisis #skytg24 #zonaarancione #vaccino #vday #Pfizer https://t.co/w8hgrtRZnB"
2020-12-27 18:40:35+00:00,AaronHLandau,1343265537120477185,"""Aggiornamenti sulla situazione del Covid-19 in Italia"" #Covid19 https://t.co/U9Krg4MFb6"
2020-12-27 18:47:17+00:00,Kekko31P,1343267225734684672,@noemicristofalo @CinziaPetronel1 @DiSantita @ravvediti @godislo28843934 #GrandLiveService “Quando vedete il Coronavirus sappiate che la terra non è la nostra casa”
2020-12-27 18:51:03+00:00,quotidianodirg,1343268169763282944,"Coronavirus Italia, 8.913 nuovi casi in 24 ore https://t.co/Qb4qTkCYRo @quotidianodirg #news #notizie https://t.co/Ae4UuD5EwI"
2020-12-27 19:17:04+00:00,ffsemeraro,1343274717927583744,"#Coronavirus Una piccola puntura per l’uomo, un grande passo per l’umanità #LLAP"
2020-12-27 19:52:55+00:00,marcokanobelj,1343283740592779267,Passeggiata di Nervi (Anita Garibaldi) al buio pesto ormai da una settimana mentre le super costosissime lucine di Piazza Defe ardono a mille...fuffa e fumo negli occhi coi nostri soldi
2020-12-27 19:57:00+00:00,novedafirenze,1343284770613166080,Coronavirus: 227 nuovi casi e otto decessi https://t.co/DUDcsmMIlK
2020-12-27 19:58:30+00:00,tania_andreano,1343285144963194881,Ah! Ma quindi si può giocare? 👏🏻
2020-12-27 20:25:45+00:00,novello_giacomo,1343292004512444416,"Con 14 assenti per COVID-19 l’incontrò tra @Frosinone1928 e @PordenoneCalcio e terminato regolarmente nonostante 🤡  @FIGC @assocalciatori @SerieA @Lega_B @MinisteroSalute e il resto dei circensi.
Ho terminato Vostro Onore.
#sapevatelo https://t.co/sXjqMQv5zu"
2020-12-27 20:35:42+00:00,EnzaGioia6,1343294507727597568,Oggi si inizia a vedere la luce del tunnel covid
2020-12-27 20:51:03+00:00,sdapi13,1343298369981206529,Quest’essere mi fa talmente schifo che faccio RT sulla fiducia.
2020-12-27 21:19:36+00:00,CrovellaAntonio,1343305555184594944,"@Angelic82324893 Ciao Angeli, ci avviamo verso fine anno, sperando che in questi pochi giorni il Coronavirus ci lasci in pace."
2020-12-27 21:43:31+00:00,EffeBoccia,1343311576196124672,"#TOKYO. La mortalità del #COVIDー19 potrebbe essere di gran lunga inferiore all’#influenza addirittura uno su diecimila. 

È quello che emerge da uno studio condotto dal Kobe City Medical Central General Hospital 

https://t.co/gVmUSgDLez"
2020-12-27 21:46:55+00:00,novello_giacomo,1343312428600348676,"@CucchiRiccardo Con 14 assenti per COVID-19 l’incontrò tra @Frosinone1928 e @PordenoneCalcio e’ terminato regolarmente nonostante 🤡  @FIGC @assocalciatori @SerieA @Lega_B @MinisteroSalute e il resto dei circensi.
Ho terminato Vostro Onore.
#sapevatelo https://t.co/IA92SFGS43"
2020-12-27 21:48:46+00:00,egidio_gialdini,1343312894524612608,"L'aggiornamento di giovedì 24 dicembre 2020 dal Sindaco di POLICORO, Enrico MASCIA, sull'emergenza coronavirus nella cittadina jonica, con l'invito a rispettare le misure anti contagio vigenti. https://t.co/ny4YWmTnnH"
2020-12-27 21:57:14+00:00,egidio_gialdini,1343315028120924162,"L'aggiornamento di sabato 26 dicembre 2020 dal Sindaco di POLICORO, Enrico MASCIA, sull'emergenza coronavirus nella cittadina jonica, con l'invito a rispettare le misure anti contagio vigenti. https://t.co/35PYUXY9JQ"
2020-12-27 22:02:30+00:00,egidio_gialdini,1343316352241717248,"L'aggiornamento di domenica 27 dicembre 2020 dal Sindaco di POLICORO, Enrico MASCIA, sull'emergenza coronavirus nella cittadina jonica, con l'invito a rispettare le misure anti contagio vigenti. https://t.co/aQPnBVvFHF"
2020-12-27 22:07:05+00:00,stefanodirusso1,1343317503678836736,"La pandemia di #coronavirus è appena cominciata, ma la seconda ondata potrebbe avere caratteristiche molto differenti dalla prima. Ad affermarlo in un’intervista a El Pais è @peterpiot, tra i massimi virologi mondiali, impegnato nello studio dei nuovi #virus."
2020-12-27 22:09:37+00:00,EffeBoccia,1343318141804408835,"#COVID19 il numero totale di morti in #Svezia alla data dell’11 dicembre 2020 è inferiore al 2018.

La Svezia ha scelto di non applicare alcun #lockdown e solo recentemente ha invitato i cittadini ad indossare le mascherine.

Un altro “caso” dopo il #Giappone ? https://t.co/bjhYrGhqlk"
2020-12-27 22:11:04+00:00,ZenatiDavide,1343318506213761024,"Astrozeneca: vaccino efficace anche contro varianti: Con il vaccino di AstraZeneca e università di Oxford “pensiamo di avere trovato la formula vincente” contro il coronavirus. A dirlo al Sunday Times è il ceo di AstraZeneca, Pascal Soriot, secondo cui… https://t.co/ejSAmekFi6 https://t.co/sAl7zplx5J"
2020-12-27 22:16:46+00:00,giusepp27628824,1343319941068500992,@Misurelli77 allora il governo deve pensare solo alla pandemia? anche se sono un servo penso che debba proprio per il covid-19 pensare al futuro
2020-12-27 22:17:38+00:00,LogisticaMax,1343320160019603456,"La #pandemia ha accelerato situazioni reali:l’egemonia dell’ #ecommerce e dello #smartworking ;la prevalenza della vita virtuale su quella reale.Purtroppo,c’è anche l’impoverimento delle relazioni tra le persone.Abbiamo tempo di invertire il trend?
#COVIDー19 #vaccinoday #COVID19"
2020-12-27 22:30:43+00:00,AntennaGambero,1343323454121115649,"E arriva il vaccino.
""MAI! Se lo facciano prima i politici!""
Se lo fanno i politici, pubblicamente, per dare l'esempio. Tipo #DeLuca, che oltretutto ha un'età.
""AAAAH... EKKO LA KASTAH, l'aBBuso di potereeeh... Ekko l'ha verità!!1!""
Ma annate a fanculo, va'! 😠
#COVID19 #vaccino"
2020-12-27 22:47:17+00:00,navalentedds,1343327621501882368,"Io il metodo per convincere tutti a vaccinarsi ce l’ho. Facciamo finta che sti vaccini spariscono non appena arrivano nei centri, che non si fa in tempo a presentarsi che già se li so fatti tutti. Nutella biscuit vaccine #vaccino #VaccineDay #Vaxday #VDAY #COVID19 #COVID19italia"
2020-12-27 22:50:02+00:00,ZenatiDavide,1343328315243864064,"Modello tedesco: unità mobili per vaccino in tutto il Paese: La Germania ha iniziato ufficialmente la campagna nazionale per vaccinare contro la Covid-19 i residenti più vulnerabili, unendosi ad altri Paesi europei in uno sforzo coordinato. I primi ad… https://t.co/PAPDKSuDNc https://t.co/9iISENlVn4"
2020-12-27 23:12:39+00:00,Michele00410624,1343334005329043456,"Coronavirus, in Israele campagna da record: 300 mila le persone già vaccinate
https://t.co/4gcOTiLNNu via @SquidAppIT"
2020-12-27 23:19:05+00:00,giuseppetp55,1343335624502366210,"Un parroco di #Piacenza don #PietroCesena nella sua omelia di Natale,aveva suggerito ai fedeli,mangiate bene e bevete tanto vino,perché in paradiso gli astemi non entrano,seguono scroscianti applausi dei presenti,il giorno dopo, ricoverato in ospedale per #Covid19 non è grave."
2020-12-27 23:23:05+00:00,EusM1985,1343336632825634822,"Ciao 👋 #amici. #BuonaDomenica 🌞 #notte 🌃 #27Dicembre 2020 della #Santa #Famiglia di #Gesù, #Maria e #Giuseppe. #VaccineDay 🌈 Vs. #COVID19. #AusGP 🇦🇺  #F1 #Race 🏁 #1036 (#21Marzo 2021). ❤🖤🇮🇹🇪🇺 #essereFerrari 🐴 @EusM1985 #Forza 💪 #Masks4All 😷 #PeaceAndLove ✌ 🐭 XOXO 💋"
2020-12-27 23:33:35+00:00,MarioRomeo78,1343339271533568001,È iniziata oggi la campagna vaccinale 💉 contro il COVID-19 😷. https://t.co/EUckrQ1CSr
2020-12-27 23:44:28+00:00,alelu62,1343342011479453696,"Test sul sangue effettuati in Giappone: la mortalità da coronavirus è inferiore all’influenza https://t.co/PL58Vdy9fQ via @LaStampa Capito @AgoMiozzo del #Cts, @GiuseppeConteIT e @robersperanza? La volete smettere di ammazzarci voi con le continue restrizioni infondate? Maledetti"
2020-12-28 00:07:23+00:00,AFoccardi,1343347778592899074,Questo è il motivo per cui questa estate ci hanno vietato di andare al mare #GovernoCriminale
2020-12-28 00:14:24+00:00,AntennaGambero,1343349543803498504,"Riflessione della #buonanotte. 😴
Ma quando hanno inventato il Viagra, abbiamo visto tutta 'sta moltitudine di #webeti preoccupati di una sufficiente sperimentazione e/o del suo contenuto?
Non mi sembrò di aver rilevato frotte di ""nosex"", allora... 🤔😏
#COVID19 #vaccino #novax"
2020-12-28 00:52:28+00:00,FamiglieSanSalv,1343359127121178624,"Ultimo incontro del 2020 #oggi #domenica #27dicembre pomeriggio (in videoconferenza) per il gruppo #famiglie del quartiere #SanSalvario, a #Torino.
S'è parlato del ruolo del #padre, e delle dinamiche della #vita #coniugale e #familiare ai tempi della #pandemia da #COVID19."
2020-12-28 03:54:30+00:00,CrovellaAntonio,1343404936445517824,"@GAffumicato @lefrasidiosho Speriamo, bene in questo vaccino miracoloso. Non si puo' continuare per l'intero 2021 con la paura di Coronavirus, anche se dobbiamo imparare a conviverci."
