Date,User,Tweet_id,Tweet
2021-01-03 07:32:17+00:00,ChiaroLeo,1345634069871255552,"@a_meluzzi montagnier - Cerca con Google https://t.co/YZ1CvH6mJk... MELUZZI, L'ANTICRISTO, X PLAGIO MEDIATICO, SI ATTACCA, X IL CORONAVIRUS, A QUESTA PERSONA, 2008, E ERA L'AIDS, X RAPPORTI OMOSESSUALI, ELETTI A DIO, X SCELTA, COLLUSIONE, X SODOMIA."
2021-01-03 07:53:32+00:00,Paolo_degli,1345639416832864256,"Non per fare il pedante, ma la comunicazione va gestita meglio. 
Gli slogan devono stare a zero: pubblicate calendari abbastanza affidabili e monitorabili.
Please!
#cambiopassa #vaccinazioni #COVID19"
2021-01-03 08:05:24+00:00,tittymammucari,1345642404825718784,"@fabriziochiodo vaccino etico
Orgogliosi di lei 🇮🇹🇨🇺
Coronavirus, il ricercatore italiano e il vaccino etico prodotto a Cuba - Il Sole 24 ORE @sole24ore https://t.co/qFsNsUgxF8"
2021-01-03 08:09:29+00:00,amangela75,1345643431595544576,"In Israele, in Germania, in America si
Noi siamo un paese di incapaci ciarlatani. Lo stato di emergenza è anche questo, fermare tutto x fare vaccini a raffica... Invece.."
2021-01-03 08:20:14+00:00,marielSiviglia,1345646134727946240,"Preparo la scorta di pop corn, mentre assisto alla ""vaccinazione di massa,""con mascherine ricettacoli di germi e batteri che aggrediscono il sistema immunitario e riducono le capacità cognitive : sostanzialmente un regalo formidabile a patologie più gravi del covid19.  Auguri. 🍿"
2021-01-03 08:22:15+00:00,GianelleMauriz7,1345646644935749632,"@RaiNews @GiulioGallera 
Poi si sarà sempre da capire il perché in Lombardia ha avuto un così alto numero di vittime covid19!"
2021-01-03 08:26:47+00:00,marielSiviglia,1345647785773826048,"Come no : egregio @netanyahun, non mi risulta evidenza scientifica che dimostra la efficacia della mascherina, come strumento di prevenzione per fermare virus. 
Le mascherine sono un regalo formidabile a patologie più gravi del covid19."
2021-01-03 08:28:45+00:00,nicvaccani,1345648278852001792,"È chiaro che le nuove restrizioni, con i sacrifici che comportano, saranno accettabili SE, e solo SE, sarà predisposta una efficiente campagna di vaccinazione senza idioti sorrisini arroganti, stralunate conferenze stampa con grotteschi presidenti dell’Ordine."
2021-01-03 08:29:03+00:00,quotidianodirg,1345648355339239434,"Coronavirus Sicilia, 734 nuovi positivi: 271 Catania e 17 Ragusa https://t.co/qsqxzG0axw @quotidianodirg #news #notizie https://t.co/fmjpbWCKEC"
2021-01-03 08:39:45+00:00,francelenzi,1345651046778073088,"Dai ragazzi, siamo al 2037.
Chi la spara più grossa?
Facciamo 2040? 41?"
2021-01-03 08:50:28+00:00,Euroscettici,1345653746248855552,I ristoratori alla canna del gas. Distrutti dalle chiusure senza aiuti. Con le tasse da pagare e le grandi aziende delle consegne che li taglieggiano (uniche non a caso x aver ottenuto vantaggi dal #coronavirus) questo si conferma #GovernodellaVergogna https://t.co/J7SuJKnceV
2021-01-03 08:57:07+00:00,CAmarelli74,1345655419818151936,"Poco da dire... Gil ingredienti centrali:
1) sistema sanitario con digitalizzazione esemplare ed entrusted
2) campagna centralizzata dal governo...
E qui?! @Cartabellotta @GIMBE ?"
2021-01-03 09:05:20+00:00,giordanomasini,1345657487492591619,"In tutto questo tempo abbiamo capito che in tutti i paesi quel che rende la situazione drammatica è la saturazione dei sistemi sanitari, che impedisce di curare adeguatamente sia i malati di Covid-19 che di altre patologie. 2/9"
2021-01-03 09:21:56+00:00,Zippo88lrr,1345661664201420800,"In Messico una dottoressa ha avuto convulsioni e difficoltà respiratorie dopo essere vaccinata contro #Covid_19 ed è finita in terapia intensiva

Encefalomielite con infiammaz al cervello e al midollo spinale la prima diagnosi

Ovviamente nessuno ne parla

https://t.co/VDSCl2ywHc"
2021-01-03 09:27:14+00:00,mar_aie,1345662999030362112,"Ripeto: i #negazionisti dell' #ambienteromano sono peggio di quelli che negano il #coronavirus.

#ASRoma 
#Zaniolo"
2021-01-03 09:30:05+00:00,BeachcomberThe,1345663715711053824,essenziale per #LORO è solo imbastire un bell' #appalto su cui lucrare...tanto vi sono i #soldideicittadini da sperperare a piacimento...#squarcionidasgomento
2021-01-03 09:32:58+00:00,marco_pistacchi,1345664439119470594,"Rendiamoci conto
Non ci sono parole..."
2021-01-03 09:41:26+00:00,gaetano_rizza,1345666572837396480,"#lemieprigioni in tempo di #covid19 #Genova @ Genova, Italy https://t.co/m9wYCaVCIN"
2021-01-03 09:43:22+00:00,gianlucatdc,1345667057673760774,"Explaining among-country variation in COVID-19 case fatality rate
https://t.co/wPoycK0fKj
Se vi chiedete perché la mortalità del #COVID19 è così diversa tra un paese e l'altro, anziché immergervi nei vostri pregiudizi, qui trovate un buon punto di partenza."
2021-01-03 09:55:24+00:00,matdagostini,1345670083994071040,"Ma quando si smetterà di cadere così tanto nel ridicolo? E poi di quali entusiasmi stiamo parlando? Se in #italia siamo chiusi in casa da più di due settimane...
#COVID19 #lockdown"
2021-01-03 09:59:08+00:00,GiacomoRisitano,1345671023514046465,"@micheleboldrin @bioccolo @martafana La ringrazio per l’educata risposta (non sono ironico). Prima di organizzare il dibattito pubblico a cui mai mi sono sottratto, le riporto la risposta del collega, che stimo, @VisonaNicola."
2021-01-03 10:09:36+00:00,ErMatteo,1345673659114008576,"#popolazione #italiana
60mln diviso 365 = circa 165.000 #vaccini al giorno solo per la prima Dose! 
Ho come l'impressione che passeremo il #2021 ancora con l'#incubo del #COVID19 https://t.co/m7ZUoIkj5v"
2021-01-03 10:10:45+00:00,francescocipe,1345673948177039360,"@PonytaEle @MediasetTgcom24 Ma anche no....
Si MUORE solo di COVID19 !!!"
2021-01-03 10:29:00+00:00,ValerioMartora1,1345678540138835968,Il Covid-19 e il sacro - da leggere #riflessioni #sacro #COVID19 https://t.co/00RH3YnqEl
2021-01-03 10:30:10+00:00,tanyasbrandshow,1345678835518468096,"Piste da sci riaperte dal 18/01  
Volo. 
#crisidigoverno 
#lockdown 
#COVID19 
#Superclasico 
#Covid 
#DomenicaDInverno"
2021-01-03 10:32:24+00:00,gggg45466,1345679396762513408,"E ma attenzione 🚫
Sembra che siamo noi i criminali......🚫

#Italy chiedere un cambio di passo e salto di qualità sembra essere sintomo di #Criminalita' o di qualsiasi altro epiteto

Boh....strano paese....
Assai"
2021-01-03 10:37:00+00:00,davidebassani,1345680555950682112,@giorgio_gori Naturalmente @RegLombardia non perde occasione per dimostrare quanto vale. Non c’è un attimo da perdere! #COVID19
2021-01-03 10:49:53+00:00,UtoTesoro,1345683798659358721,Poveretti!!
2021-01-03 10:53:07+00:00,toshi_it,1345684612748619778,"Quello che i giornali non fanno e che degli universitari permettono venga divulgato. 
Mi chiedo se #Arcuri è il nuovo Bertolaso..."
2021-01-03 11:19:10+00:00,francopolidori,1345691164889018370,Solo ieri 78 morti in Lombardia. Ma che aspettano a cacciarlo a calci in culo?
2021-01-03 11:29:16+00:00,ChiaroLeo,1345693709447409665,"@a_meluzzi MELUZZI, DAL 2008, LA RAZZA ARIANA, ERA NEL  PLAGIO, FASCISTA, SEME DI HITLER, X QUESTO L'EPOLOGO, ERA CON UN PAPA NATO Paziente zero Coronavirus: in Germania il primo caso https://t.co/B9qomj4uub Germania  Nazista: https://t.co/0tUvibOcOu COLLUSI CI LAVORANO.TORNA  ORIGINE."
2021-01-03 11:29:28+00:00,SaraMemm,1345693757811937283,"@matteorenzi in piena #pandemia causare una #crisidigoverno è sintomo di egoismo e non interessamento del Paese.Siamo in una gravissima crisi economica, che il #COVID19 ha accentuato,e gli scontri vanno messi da parte. Cosa puoi fare per il Paese così?Solo danni ."
2021-01-03 11:31:32+00:00,ProtCivPalma,1345694277062561794,"#AvvisoFVG #CoronaVirus

Il 4 gennaio entra in vigore la nuova misura di contrasto e contenimento per la diffusione del virus Covid-19.

🟠 Zona arancione NAZIONALE

(D.L. 18 dicembre 2020)
https://t.co/zvbjjvdhU7 https://t.co/DnECJiZl0e"
2021-01-03 11:35:45+00:00,SaraMemm,1345695339676901376,"@matteorenzi Così facendo,stai portando il nostro Paese verso il baratro perché la #crisidigoverno accentua ancor di più la #crisieconomica, già sviluppata dal #COVID19 .E a farne le spese saranno i ceti più deboli, non chi dice che si preoccupa dell’Italia."
2021-01-03 11:53:56+00:00,vpistorio,1345699915134087168,"Appena ascoltato a #SkyTG24 che oltre che a Londra potrebbero chiudere le scuole primarie anche in tutto UK. Con vaccinazione in corso e senza Arcuri, Speranza e Conte.
Aspettiamo con ansia i tweet dei nostri patrioti, politici e giornalisti.
#pandemia #COVID19 #crisidigoverno"
2021-01-03 12:04:03+00:00,pietrocristof12,1345702462515269640,"e a rivestire l’uomo nuovo che è creato a immagine di Dio nella giustizia e nella santità che procedono dalla verità.
Lettera agli Efesini 4:24 NR06 
#crisidigoverno 
#vaccinazioni 
#COVID19 https://t.co/W8aFC6H8GT"
2021-01-03 12:23:19+00:00,pinofinocchiaro,1345707308626677770,Il cronista ai tempi del coronavirus @RaiNews https://t.co/ckdtXrBejn
2021-01-03 12:27:02+00:00,mirellaaaiello,1345708247584538624,Il 7 gennaio si torna con l'Italia a fasce. Tre regioni rischiano la zona rossa - Il Tempo https://t.co/Ox1Rd6I9BT
2021-01-03 12:34:39+00:00,massimopoli,1345710161114116108,"@HuffPostItalia Il #vaccino richiede circa 1 mese per diventare efficace, dando per scontato che ciò vale dopo il SECONDO RICHIAMO!!! Ma leggete o siete stupidi? Che cazzo di notizia è questa?!? È logico che ci si possa infettare poco dopo la somministrazione della prima dose. Cazzo! #COVID19"
2021-01-03 12:39:49+00:00,EnzoSan69,1345711463051231232,"#coronavirus, con la nuova impennata dei #casi, l'indice #RT al 17%, senza un potenziamento dei #trasporti, la #Azzolina insiste nel riaprire le #scuole? Questa sta fuori! #AzzolinaOut @VincenzoDeLuca #COVID19 #scuola"
2021-01-03 12:41:41+00:00,GermanoDottori,1345711932150579200,"👇👇👇Oltretutto, o il Covid-19 si sconfigge ovunque o non lo si batte"
2021-01-03 12:42:25+00:00,elecatta,1345712117429755906,"Provo sempre un’ammirazione sincera per chi amministra e/o governa e, quando è il caso, ammette gli errori."
2021-01-03 12:53:43+00:00,maurovalenza,1345714958890369024,"Forse se il piano l'avessimo fatto redigere alle Sturmtruppen...
https://t.co/1sg1ZlWTsC"
2021-01-03 13:00:12+00:00,UtoTesoro,1345716590617231363,"Ma il Presidente della Republica invece di parlare criptico, non può andare direttamente a prenderli a calci in culo???"
2021-01-03 13:08:28+00:00,la_patrizia_,1345718673537982465,Se vi serve caro @CagliariCalcio potete non presentarvi. Basta una chiamata all’Asl e ciao.
2021-01-03 13:10:16+00:00,MariaAn74105775,1345719125683957763,Il gatto e la volpe.... speriamo nel grillo parlante
2021-01-03 13:16:01+00:00,mariandres2014,1345720571330498561,@HuffPostItalia siete dei cialtroni!
2021-01-03 13:22:34+00:00,andreavimercati,1345722219645820928,"Disonestà intellettuale galoppante!
Fate schifo!"
2021-01-03 13:38:45+00:00,fedelazzotti,1345726293942394882,"«Uscite di casa, ribelliamoci al lockdown»: imprenditrice livornese indagata per il video su Facebook. Ora rischia 5 anni di reclusione  

#Livorno 
#COVID19 

https://t.co/KI1N0Gp6P9

@iltirreno"
2021-01-03 13:42:18+00:00,vipera66,1345727185668235267,Ma che vergogna dare ste notizie..
2021-01-03 13:47:51+00:00,LMoscogiuri,1345728585890463747,Vuol dire che lo stava già covando
2021-01-03 13:57:50+00:00,seria_paolo,1345731097498431489,Siamo già oltre
2021-01-03 14:03:56+00:00,danieledv79,1345732632085200897,Voi giornalisti siete i primi responsabili nel difendere questo governo. Lo dica ai Suoi colleghi del FQ e Giannini.
2021-01-03 14:09:51+00:00,SabriBenetazzo,1345734121524490240,"@GagliardoneS Ma i miei sono minorenni ed io non gli firmo il consenso informato. Tra l'altro, io e terzogenita abbiamo già fatto il Covid19."
2021-01-03 14:32:07+00:00,antogulli,1345739725055864835,"#vaccinarsi è un atto di amore e responsabilità!!!
#COVID19 #Pfizer @laerdalmedical @Ambu_ITALIA @LaerdalFrance @rcpEspana @PecoraNera1 @okness_it @LTortorolo @vanessa19386803 @ https://t.co/oqqF41n9Mt"
2021-01-03 14:33:57+00:00,Irenenina4,1345740185171079173,Appunto lo facciano loro... E non siamo no vax ma ragioniamo..
2021-01-03 14:45:23+00:00,iAleMotta,1345743060995608576,"Bisogna combattere i noti aspetti negativi della pandemia ma, al contempo, approfittare degli effetti positivi!"
2021-01-03 14:50:38+00:00,FakeBusters13,1345744384927690758,"A #Siracusa risulta positiva al #coronavirus un'infermiera che si era vaccinata
Foto:focus
Approfondisci su:https://t.co/uFzIF5U4R9 
#Italy #Italia #Sicily #Sicilia #healthylifestyle #COVID19 #Covid_19 #COVID19italia #pandemia #pandemic #news #notizia #informazione #fakebusters https://t.co/fERFwTZi7c"
2021-01-03 15:05:21+00:00,supersix1961,1345748088405839875,"@maxdantoni Beh, Lei mi risulta sia un economista, cioè uno ""scienziato"" delle ""Scienze sociali"", le quali comprendono anche Psicologia, Antropologia, Psicanalisi.
Provi a riflettere quindi sul perché dopo oltre 10 mesi di comunicazione sul #COVID19 non ""Stiamo bene"" ."
2021-01-03 15:07:11+00:00,robycatt1,1345748547203969024,@POPOLOdiTWlTTER La domanda che nessuno fa mai ai virologi  è sempre la stessa. Se sei positivo al tampone sei positivo al Covid19 o servono altri test per avere la sicurezza ? Questo è il problema. Senza contare i positivi che hanno inserito come tali a marzo morti di infarto o altro...
2021-01-03 15:13:38+00:00,RiccardoLaudad1,1345750170080866304,Ops... E. Mo... Ma si sapeva che sarebbe successo. Anche qui.. Adesso come lo curano il. Medico.. Spero con Idrossiclorochina.. Sarebbe catartico!!!
2021-01-03 15:16:13+00:00,Bernardi_UK,1345750823276523520,"Definitivo. Ufficiale. Andrà tutto bene. 

#drivein #COVID19 @CampusBioMedico @RegioneLazio @MinisteroSalute https://t.co/U4yz15snau"
2021-01-03 15:16:40+00:00,nadiaetc,1345750935306448896,"@doctor_milano D'accordo su tutto, ma non dimentichiamo che la sanità è compito delle Regioni e #RegioneLombardia si sta purtroppo distinguendo per il pessimo funzionamento. Non abbiamo ancora i vaccini antinfluenzali, come pensare a quello del #COVID19?"
2021-01-03 15:24:39+00:00,unpotoscano,1345752946307424256,"E niente, se anche oggi (zona rossa) c’è un traffico da giorno normale poi non stupiamoci se il #Veneto viaggia al ritmo di 5 mila contagi al giorno. E i controlli anti #COVID19? Basito"
2021-01-03 15:32:12+00:00,CarlaSo89319739,1345754843571433481,"Un paese immobile, impigrito, attaccato ai privilegi. Non ce la possiamo fare."
2021-01-03 15:34:30+00:00,thebrightside0,1345755422196699140,@Natizevi Impiegare i  #navigator da 1.800€ nettti mese nella campagna vaccinale #COVID19 no?
2021-01-03 15:44:11+00:00,lacuocagalante,1345757860316278789,"La vita ai tempi del #COVID19 Vivere per mangiare 
NON mangiare per vivere. #coronavirus #zonerosse"
2021-01-03 15:47:47+00:00,francescocipe,1345758766495653894,"Vaccino Covid, ""Si rischia una reazione avversa fatale"". L'intervista - https://t.co/yrhYfloa2t https://t.co/o5m0IRzpWq"
2021-01-03 16:10:37+00:00,franzrusso,1345764512977326084,"Sono 14.245 i nuovi casi di #COVID19 nelle ultime 24 ore su 102.974 tamponi: il tasso di contagio è al 13,8%. 347 le vittime.
Ricordarsi sempre di:
▪️Indossare la mascherina 😷
▪️Lavarsi le mani 👐
▪️Mantenere la distanza 📏
▪️Evitare assembramenti"
2021-01-03 16:10:40+00:00,mar_aie,1345764526252240897,Daje sempre di più!
2021-01-03 16:14:50+00:00,wirko94,1345765574454992901,"AVETE ROTTO CON QUESTO TERRORISMO, VERGOGNATEVI"
2021-01-03 16:20:18+00:00,caribbeanblue,1345766947879837709,"Io stufo di questi titoli. Ma non lo sanno che in Italia non si dice dottoressa, ma signorina?"
2021-01-03 16:22:11+00:00,albertomura,1345767424705130504,"La preparazione della siringa per la somministrare non è difficile, ma richiede attenzione e addestramento per essere svolta in maniera veloce. Occorre mettere su una piccola catena di montaggio che coinvolga tre infermieri. Spiegata la lentezza iniziale.
https://t.co/qwQNiqKiJM"
2021-01-03 16:29:02+00:00,MattiaCristofa2,1345769147108618242,"@DiSantita “Quando vedete il Coronavirus sappiate che la terra non è la nostra casa”
#BlessedSundayWord"
2021-01-03 16:47:46+00:00,ladiesnapoli,1345773860461957120,@RaiDue vi dispiacerebbe sottolineare che prima di Zaniolo anche il “grande “CR7 ha usato lo stesso termine ad ottobre per il Covid19? Grazie
2021-01-03 17:03:04+00:00,Gi71376847,1345777710552018944,"Troppo facile darti ragione. Hai la possibilità di scrivere su un giornale, sei spesso invitata nei talks, non farti fuorviare . Sei brava!@Annalisa Cuzzocrea"
2021-01-03 17:06:12+00:00,shalomroma,1345778501715165186,"In una nota la Presidente di @romaebraica @dureghello 
#vaccinazioni 

https://t.co/jiPSzng2Ye"
2021-01-03 17:38:11+00:00,dom_maury,1345786547732361216,Medico di Torino smonta punto per punto le obiezioni al vaccino anti Covid-19 https://t.co/YMaHJrJFNo
2021-01-03 17:40:41+00:00,DavidAloia,1345787176928366595,"Marta, dai. Qualcosa di più lieve!"
2021-01-03 17:51:56+00:00,novedafirenze,1345790010860179456,Coronavirus: 355 nuovi casi e 10 decessi https://t.co/uHgAQzbenp
2021-01-03 17:54:52+00:00,terry50mm,1345790747157684227,Domanda pertinente:dopo quanto tempo avrò conseguenze o morirò?
2021-01-03 18:05:52+00:00,albertomura,1345793515461238791,"Covid, troppi morti a Los Angeles: ora c'è carenza di bare, manca il legname.
#COVID19 #Covid #coronavirus
#COVIDー19 #Covid_19 #coronavirusitalIa
https://t.co/a41ImlLLtM"
2021-01-03 18:11:35+00:00,giuaddo99,1345794955009269762,Cercheranno di trascinarsi ancora per un anno dopo aver gestito il #COVID19 con improvvisazione non eviterà che questa #maggioranza fatta di sole seggiole potrà sottrarsi ad un cappotto alla prossima tornata elettorale... nelle prossime settimane vedremo sempre ➕ nervosismo! https://t.co/K4R2GQgJu4
2021-01-03 18:11:57+00:00,Andreozzo76,1345795048315744257,"#Lombardia al terzultimo posto nella percentuale di #vaccini somministrati. Eccellenza della sanità, anche stavolta."
2021-01-03 18:17:38+00:00,Marcell25095102,1345796476585336833,#rai5  #ilbarbieredisiviglia  In pieno  #COVID19  Gioia e dolor al cor!
2021-01-03 18:22:26+00:00,laredazzi,1345797683697643520,@GassmanGassmann Io ho fatto tutto ciò è dal 24 di Natale che ho scoperto di aver il #COVID19 per mia fortuna sto bene ma ancora non ho capito come ho fatto a prenderlo forse la colpa è di mio marito 😭😭
2021-01-03 18:24:19+00:00,triolo_antonio,1345798158362808320,"Leggo indiscrezioni su possibili ulteriori #restrizioni per il #COVID19 ed ho come l'impressione che #Conte voglia trasformare l'#Italia in un enorme #carcere in attesa del #semestrebianco.
Sembra un disperato tentativo di tenersi stretta la poltrona. Sono malpensante?🤔 https://t.co/AfGUqmSAa2"
2021-01-03 18:25:12+00:00,albertomura,1345798381218779138,"Papa Francesco rimprovera chi se ne va all'estero per sfuggire il lockdown.
#coronavirus #coronavirusitalIa
#COVID19 #Covid #COVIDー19
#Covid_19 
https://t.co/Z20BhKeG3D"
2021-01-03 18:26:08+00:00,sedazzari,1345798615390973958,Quindi secondo la Lega l’assessore alla Sanità della Lombardia non rappresenta il governo della regione. Quindi Gallera va a casa di sua sponte o ce lo mandano? #3gennaio2021 #COVID19
2021-01-03 18:33:06+00:00,LiberoPetrucci,1345800368429674499,Non è irrilevante: significa che fino a oggi ancora non è stato vaccinato nessuno. Questa la notizia.
2021-01-03 18:34:51+00:00,gattorosarosa,1345800811071344640,"Coronavirus Roma e Lazio, il bollettino dei nuovi contagi del 3 gennaio 2021 https://t.co/ruVQ3w16PC"
2021-01-03 18:37:03+00:00,quotidianodirg,1345801364367048706,"Coronavirus Italia, 14245 nuovi casi e 347 decessi in 24 ore https://t.co/1saC3NlnOt @quotidianodirg #news #notizie https://t.co/x8F3eodgyW"
2021-01-03 18:42:54+00:00,Luigide_vecchis,1345802836685316099,@gloquenzi L'epidemia corre più delle vaccinazioni e fino alla seconda saremo cmq a rischio. È mancata capacità di monitoraggio dei positivi con tecnologie AI (Voicewise - spin off unitorvergata prof. Saggio) https://t.co/mrrCZuLH8X
2021-01-03 18:52:02+00:00,TozziCristiana,1345805136086630402,"L'anno che vorrei!!🍀🇮🇹❤️
#sostenibilita #resilience #innovazione #valorizzazione
#Agenda30 #COVID19"
2021-01-03 18:54:48+00:00,DarioViking,1345805828587204610,Sono gli idioti no-vax che terrorizzano la gente
2021-01-03 19:06:09+00:00,gianlucatdc,1345808687408050177,"Un bel sito che tiene conto delle vaccinazioni #COVID19 nel mondo.
Come sta l'#Italia? 
In termini assoluti 8^ al mondo e 3^ in UE.
Pro capite siamo messi comunque bene (0.14% su tot), soprattutto tra le nazioni comparabili per popolazione.
#vaccinazioni
https://t.co/Ie3sS5DAaB"
2021-01-03 19:07:13+00:00,rexforte1,1345808953524023297,"Ho sentito bene? 30 vaccinati, perché Gallera dice che non richiama i medici che sono in ferie solo x vaccinare..e prende subito dell'imbecille dal Papa, traduco xchè Francesco è troppo educato x insultare i cretini.."
2021-01-03 19:17:44+00:00,labetty711,1345811602810036225,Ottimo professore @RobertoBurioni. Qui ognuno si alza e ne inventa una.
2021-01-03 19:28:34+00:00,Giacinto_Bruno,1345814329992634368,Quasi 3 mila piemontesi si sono vaccinati oggi contro il Covid-19 - Cuneo24 https://t.co/oTTbaEmQqC
2021-01-03 19:58:40+00:00,sandrolabanti,1345821901374029829,#coronavirus l'inetto #Governo di @GiuseppeConteIT @robersperanza @nzingaretti @matteorenzi @dariofrance #Arcuri continua l'opera dipresa ingiro degliitaliani mancate vaccinazioni #74milamorti #pil-10% @MassimGiannini @petergomezblog @PieroSansonetti @NicolaPorro @antoniopolito1
2021-01-03 20:05:28+00:00,nikpalm64,1345823615317663744,Leggere e tacere. #iomivaccino
2021-01-03 20:08:52+00:00,sandrolabanti,1345824468103532544,#coronavirus l'inetto #Governo di @GiuseppeConteIT @robersperanza @nzingaretti @matteorenzi @dariofrance #Arcuri continua l'opera dipresa ingiro degliitaliani mancate informazioni #74milamorti #pil-10% @MassimGiannini @pdnetwork @antoniopolito1 @BrunoVespa @NicolaPorro
2021-01-03 20:11:43+00:00,krish_krup,1345825185488891908,"Somministrazione vaccino anti COVID-19 / Agg. Ore 21:00 Lombardia a 3,8% #vaccinazionecovid #coviditalia"
2021-01-03 20:12:46+00:00,sandrolabanti,1345825452456357892,#coronavirus l'inetto #Governo di @GiuseppeConteIT @robersperanza @nzingaretti @matteorenzi @dariofrance #Arcuri continua l'opera dipresa ingiro degliitaliani mancate vaccinazioni #74milamorti #pil-10% @Quirinale @Pres_Casellati @pdnetwork @Mov5Stelle @CarloCalenda @vitalbaa
2021-01-03 20:23:38+00:00,RobertoG_tweet,1345828186693771265,È assurdo che dopo tre giorni dalla disponibilità di 1/2 milione di dosi solo 85.000 siano state utilizzate per immunizzare le categorie a rischio
2021-01-03 20:24:51+00:00,mpiaferrante,1345828490822737920,"Una vita a sostenere che il giornalismo dovrebbe essere di settore. Le braccia ormai, raccolte con la paletta."
2021-01-03 20:24:51+00:00,sandrolabanti,1345828493976858627,#coronavirus l'inetto #Governo di @GiuseppeConteIT @robersperanza @nzingaretti @matteorenzi @dariofrance #Arcuri continua l'opera dipresa ingiro degliitaliani mancate vaccinazioni #74milamorti #pil-10% @pdnetwork @a_padellaro @CarloCalenda @GuidoCrosetto
2021-01-03 20:31:07+00:00,sandrolabanti,1345830068598284289,#coronavirus l'inetto #Governo di @GiuseppeConteIT @robersperanza @nzingaretti @matteorenzi @dariofrance #Arcuri continua l'opera dipresa ingiro degliitaliani mancate vaccinazioni #74milamorti #pil-10% il15/01 andava amangiare involtini primavera invece dicontrollare lefrontiere
2021-01-03 20:36:35+00:00,sandrolabanti,1345831446561304585,#coronavirus l'inetto #Governo di @GiuseppeConteIT @robersperanza @nzingaretti @matteorenzi @dariofrance #Arcuri continua l'opera dipresa ingiro degliitaliani mancate vaccinazioni #74milamorti #pil-10% @CarloCalenda @Quirinale #mattarella @Pres_Casellati @BrunoVespa @fabfazio
2021-01-03 20:50:11+00:00,_GianLuca_,1345834866076766208,"Poi leggi in giro “Eh ma il Cashback di 30€ al mese aiuta le Famiglie” ... si si 
Brava @la_kuzzo"
2021-01-03 21:43:12+00:00,egidio_gialdini,1345848211123167232,"L'aggiornamento di domenica 3 gennaio 2021 dal Sindaco di POLICORO, Enrico MASCIA, sull'emergenza coronavirus nella cittadina jonica, con l'invito a rispettare le misure anti contagio vigenti. https://t.co/tMnJ92Y3Yi"
2021-01-03 21:56:37+00:00,cribep,1345851585071611909,Papa Francesco: 'Mi addolora chi fugge dal lockdown per fare vacanze senza pensare a chi soffre' https://t.co/rkxzK014wX via @repubblica
2021-01-03 22:00:07+00:00,infoMedicinae,1345852466827583489,"Iniziamo l’attività 2021 con tante novità e con la speranza di un vaccino per il CoVid19. Seguiteci anche sui social IG, FB e sul nostro sito www.medicinae.ig"
2021-01-03 22:23:42+00:00,abottiglieri2,1345858403487285249,"Prima il Corriere della sera riguardo l’infermiera spagnola infettatasi 24h dopo il vaccino, adesso il TG RAI riguardo altro caso COVID dopo 6 giorni dalla dose... e basta!!! Fate informazione, nn sensazionalismo!"
2021-01-03 22:29:50+00:00,GBadagliacca,1345859943929360384,#COVID19 ma perché non vacciniamo h24 7giorni su 7 perché no?
2021-01-03 22:34:45+00:00,AndreaParisiLaw,1345861182712901635,Il caso dei #vaccini somministrati a rilento è l’ultima dimostrazione del fallimento del regionalismo sanitario... #COVID19italia #coronavirus  #vaccinareh24
2021-01-03 22:43:06+00:00,MancioRuggiero,1345863282272337920,"#RiaperturaScuole: È caos, tra rinvio e fate che cacchio vi pare....
#COVID19 #Manciolandia #coronavirus #IBDM https://t.co/mVX2wzl3Bw"
2021-01-03 22:48:53+00:00,franziska_bruni,1345864739382026240,Ma tutto bene?
2021-01-03 23:31:28+00:00,GiampieroBiglia,1345875456029986817,"#vaccinareh24 siamo sinceri,gli italiani hanno perdonato tutto al #Governo durante e pre-#COVID19,dalla sottovalutazione iniziale alla mancata preparazione per la 2 ondata. Ma se falliscono sulla distribuzione del #vaccino  nonostante mesi di attesa nn ci sarà pietà #facciamorete"
2021-01-03 23:31:41+00:00,LucediStella333,1345875510073692161,"“La protezione immunitaria dall’infezione da virus SarsCoV-2 è completa solo dopo la somministrazione della seconda dose del vaccino anti Covid-19 – rileva il presidente del Consiglio Superiore di Sanità, Franco Locatelli ....Ne ha la certezza al cento x cento?"
2021-01-03 23:33:27+00:00,1211andreas,1345875954753802240,"Peraltro con una copertura vacci alè di circa 12 mesi,mi pare si aver capito."
2021-01-03 23:42:40+00:00,luci69dc,1345878276410114050,"Io non lo sapevo, ma nemmeno i giornalisti a quanto pare, ed è un po’ più grave... 😑
#iomivaccino"
2021-01-03 23:43:15+00:00,gobbaponente,1345878422103449600,La faccia come il coolo praticamente
2021-01-04 00:50:54+00:00,MancioRuggiero,1345895447588712449,"#Covid a Mola: Si risale a 102 positivi.
#COVID19 #Manciolandia #coronavirus #IBDM https://t.co/foMKVFexuR"
2021-01-04 01:44:34+00:00,giadif,1345908950810718214,"Sono le dichiarazioni di una terza linea dell'amm. Trump. Niente di concreto, a parte: Tizio dice che, Caio ha sentito dire che...
Il team dell'OMS che andrà a indagare sulle origini dell'epidemia invece sarebbe manovrato dai cinesi. Elementi che confermano tale asserzione? Zero."
2021-01-04 02:21:40+00:00,RiccardoLaudad1,1345918289202053120,Ci arriviamo anche noi... I cinesi dovrebbero farsi un po' i cazxi loro...
