Date,User,Tweet_id,Tweet
2020-12-20 06:04:54+00:00,mannocchia,1340538649142833153,tutto il thread 👇🏻
2020-12-20 06:28:13+00:00,Adelina728,1340544516474990592,Imbecille è un complimento.
2020-12-20 07:13:41+00:00,roby800,1340555956485275650,"https://t.co/EbhexTJWsH

Dodevi uscire dai clochards quando i tuoi compagni li buttavano le coperte lasciandoli al freddo....

Bastardo 

#SalviniPagliaccio"
2020-12-20 07:19:41+00:00,FrancescChirico,1340557467051159552,"Il vaccino è sperimentale, quindi, chi ne favorisce l'obbligo di assunzione finisce dritto davanti alla Corte Penale Internazionale per violazione del divieto di sperimentazione sull'uomo.
I politici sono avvisati.
#Covid_19
https://t.co/rtk9O1Zmx4"
2020-12-20 07:22:52+00:00,FrancescChirico,1340558270373769218,"@nzingaretti Il vaccino è sperimentale, quindi, chi ne favorisce l'obbligo di assunzione finisce dritto davanti alla Corte Penale Internazionale per violazione del divieto di sperimentazione sull'uomo.
I politici sono avvisati.
https://t.co/rtk9O1HLFw"
2020-12-20 07:29:03+00:00,EleonoraCamilli,1340559827496554496,"Nella “virtuosa” e gialla Regione Lazio andiamo avanti a sentenze 

Le Uscar non esistono, si delega ai medici di base, che rifiutano di visitare i pazienti. Telefonano.

Per ottenere una visita medica per mia madre ho dovuto minacciare una denuncia penale. Ma qui si esulta"
2020-12-20 08:51:56+00:00,buforoby,1340580683673157638,Da leggere se avete voglia di info invece di sparare commenti ad quazzum
2020-12-20 08:58:14+00:00,ArenaRosario,1340582268985892867,Nel frattempo in Cina sono in discoteca a festeggiare e brindare...
2020-12-20 09:00:13+00:00,marcomb,1340582768837873666,"Leggere i bugiardini del  vaccino sul wc e' sconsigliato.. 
https://t.co/kqXLAHZwCg"
2020-12-20 09:02:04+00:00,damico_giovanni,1340583233944236032,"#Covid19 Sopraffatti dalle #regole, in realtà senza regole."
2020-12-20 09:07:24+00:00,DuilioFilomeni,1340584575282647041,"Coronavirus, nuova variante più veloce. Esperti: ""Un rischio per i vaccini c'è"" https://t.co/cVQeT3HuIt"
2020-12-20 09:41:19+00:00,danieledv79,1340593113245642752,"Nessuno muore di fame, disse lo smacchiatore #Bersani."
2020-12-20 09:53:13+00:00,salvaetore74,1340596104489000964,"Non
Pensateci Troppo
Al Covid-19
È Al Modo
Della Sua Gestione
M e d i a t i c a

Pensate 
A Passare Un Santo Natale
Ricco Di Tanta Calorosità https://t.co/XaoSH7rRYV"
2020-12-20 09:57:49+00:00,menadelgiudice1,1340597262288871426,"Bisognerebbe indagare per #epidemiacolposa tutti  i politici che hanno contribuito a smantellare la sanità pubblica nelle nostre Regioni ... invece di definire irresponsabili solo  i cittadini ,che ormai non hanno più fiducia e riferimenti istituzionali  @mattinodinapoli"
2020-12-20 10:13:51+00:00,marielSiviglia,1340601299566530560,"Comunicazione ufficiale: il covid19 non ha le gambe per circolare,caso mai, fino a prova contraria , muta,come tutti i RNA, o una banale influenza, per capirci."
2020-12-20 10:19:27+00:00,DrKing77,1340602706583580674,"Sperare nel buonsenso delle persone è la prova che non si possiede buonsenso.
Eugene O’Neill #COVID19 #Diciembre2020"
2020-12-20 10:37:12+00:00,MancioRuggiero,1340607175929057281,"L'intollerabile ed inapplicabile nuovo #Dpcm, malgrado i ""disegnini"" del Sindaco.
#DPCMnatale #Manciolandia #coronavirus #Covid_19 #IBDM 
https://t.co/f8it1PmUJx"
2020-12-20 10:39:11+00:00,marielSiviglia,1340607674350776320,"Perché il signore ha letto le cartelle cliniche dei presunti morti da covid19. 

Ps: stia sereno: fame, povertà e disoccupazione causerà più morti.
Contento?"
2020-12-20 10:49:06+00:00,michtrim,1340610171236704256,"lui è solo in mala fede, gli imbecilli sono i suoi elettori"
2020-12-20 10:50:43+00:00,GermanoDottori,1340610575001407489,Evidente la crescita di preoccupazione per la nuova variante del Covid-19 rilevata in UK. Mi chiedo se le drastiche misure adottate ora in Europa non dipendano soprattutto da questo nuovo fattore
2020-12-20 11:05:43+00:00,mar_aie,1340614353335279617,"Ho fatto una ricerca personale sulla variazione del #SARSCoV2.

Ecco... essendo un #coronavirus, come tutti i coronavirus ha delle varianti, sennò non esisterebbe più l'influenza visto che, a quel punto, basterebbe un solo vaccino per la vita.

Quindi tocca vaccinasse sempre!"
2020-12-20 11:06:40+00:00,RiccardoLaudad1,1340614588702879745,😂😂😂 E già mutato 350 volte.. Il vaccino non serve a un emerito cazzo... La FDA usa ha denunciato che non si è a conoscenza della sequenza denica del virus.. Sembra che non sia stato ancora sequenziato. Strana notizia. Ma allora il vaccino mRna su cosa è stato costruito?
2020-12-20 11:21:44+00:00,RafAuriemma,1340618380525617152,"Ormai è chiaro che vuole divertirsi a fare il bastian contrario, allora sarebbe cosa buona e giusta se il signor #DeLuca decidesse di elargire metà del suo lauto stipendio da Presidente della Campania a quelli che costringe alla fame e alla rabbia per le sue bizzarre ordinanze"
2020-12-20 11:28:01+00:00,mar_aie,1340619962814218240,#Johnson cazzaro l'ho già detto?
2020-12-20 11:28:34+00:00,sverza,1340620104107585538,2020 final boss?  #2020 #coronavirusitaly #coronavirus #covid_19 #covid19italia #freezer #dragonball #dragonballz @ Via General Govone https://t.co/mDkCHq0XJT
2020-12-20 11:29:33+00:00,RiccardoLaudad1,1340620347805224960,Ma mi raccomando.. Voi vaccinatevi!!!!
2020-12-20 11:43:25+00:00,decarolis666,1340623837264801793,"ZEN-olio su tela incorniciata- 65x85 cm. 
Per capire come acquistare l'opera in questo periodo, contattatemi-
#artemoderna #prodottiitaliani #pittura #puglia #mostra #matita #letteratura #COVID19 #Cultura #chiesa #chic #christmas #conceptart #sharks #fedez #porcodio #decarolis https://t.co/B8enp5pVwa"
2020-12-20 11:49:15+00:00,morganti_enrico,1340625307485745152,C'è la possibilità che il nuovo ceppo inglese di #COVID19 resista ai vaccini appena distribuiti?
2020-12-20 11:54:33+00:00,CiroTheKill,1340626643027681281,"Che dire ragazzi, grazie a tutti per i tanti messaggi che mi avete mandato per sapere come sto, li ho apprezzati tanto ❤️
Purtroppo questo maledetto #covid19 mi ha preso bene, ma pian piano ne uscirò 💪🏻
Un abbraccio a tutti voi 🤗

#cirofamiglietti #Covid_19 #coronavirus https://t.co/iRl5PiyhHE"
2020-12-20 12:41:28+00:00,Pippo7up,1340638447120359424,"Stesso virus, nuovo ceppo.
Non dovete esserne sorpresi, è nel natura dei virus mutare.
Semplicemente dovete essere felici che sia successo in un paese democratico e trasparente come il Regno Unito che ha avvisato.
Non come la Cina che ha mentito e insabbiato. #coronavirus"
2020-12-20 12:51:09+00:00,Pippo7up,1340640886896648194,"Poi un’altra cosa, il nuovo ceppo scoperto nel Regno Unito e che probabilmente è già in diversi altri paesi, non uccide di più e non provoca sintomi più gravi; semplicemente è più contagioso.
#coronavirus"
2020-12-20 12:59:26+00:00,Bea_Mary84,1340642970178084864,Deduco che in Inghilterra non abbiano l’obbligo di mascherina all’aperto o non si spiega 😱
2020-12-20 12:59:37+00:00,Pippo7up,1340643013551337472,"Non è nella natura del virus diventare più letale, sceglie un compromesso: uccido meno ma rimango in vita, quindi divento più contagioso.
Il ceppo nuovo del Regno Unito non deve essere una sorpresa, chissà quante mutazioni avverranno ancora.
Non cadiamo nel panico.
#coronavirus"
2020-12-20 13:04:13+00:00,SimoniLorenza,1340644171363835904,"Dopo #PaesiBassi ecco il #Belgio
E Italia,  cosa stiamo aspettando?🙏
#COVID19italia"
2020-12-20 13:04:51+00:00,zogifel,1340644332785823746,"ANCHE A NATALE CHIAMA, ANCeSCAO RISPONDE!
☎️ Chiama il numero verde gratuito 800660565
⏰ Dalle ore 9.30 alle ore 12.30
‼️ Per maggiori informazioni: https://t.co/Nca0AOeMvb
#ANCeSCAO #maisoliconancescao #emergenza #Covid19 #emergenzaCovid #Terni #ComunediTerni #volontariato https://t.co/dXIS4WWPwD"
2020-12-20 13:04:56+00:00,INYOUREYESZ4YN,1340644355003084807,"SIAMO ALLA FINE DEL 2020 E HANNO CHIUSO TUTTI I VOLI DEL REGNO UNITO IN ITALIA PERCHÈ HANNO TROVATO UNA VARIANTE DEL VIRUS
PRONTO 118 COSA SUCCEDE IO VE LO DICO IL COVID19 2.0 NON LO POSSO ACCETTARE"
2020-12-20 13:26:58+00:00,Domenic97633723,1340649897591189504,@matteosalvinimi Matteo...i fatto mostri e sciacalli...chi ha rubato a chi e morto di covid19...🤬🤬🤬🤬🤬🤬🤬🤬🤬🤬🤬🤬🤬🤬🤬🤬🤬🤬🤬 https://t.co/qMLzVrRsEb
2020-12-20 13:27:18+00:00,RcCamera,1340649983419289600,"Ma a Marzo il governo non ci aveva detto che era inutile chiudere i voli? 🤔
https://t.co/YpgxInUFjB"
2020-12-20 13:30:38+00:00,paoloangeloRF,1340650822590472193,“Ognuno di noi deve aver raziocinio e non aspettare che vengano imposte le regole “@MassimoGalli51 #Galli #lariachetirala7 #lariadidomenica #Covid_19 #coronavirus
2020-12-20 13:31:02+00:00,leharileiluccia,1340650921781579779,@luciana17955390 @BarillariDav Il vaccino influenzale non protegge dal covid19
2020-12-20 13:52:16+00:00,fabiosilvestri3,1340656266755104768,"Coronavirus, papa Francesco: ""Invece di lamentarci delle restrizioni, aiutiamo gli altri"" https://t.co/ljcCtB7YVy via @repubblica
La migliore risposta a chi si lamenta! Da quelli che non possono sciare alle famiglie che non possono stare insieme.
LO VOLETE CAPIRE CHE SI MUORE?"
2020-12-20 13:56:51+00:00,amorlupi,1340657418238390273,"60 milioni di Italiani e 202 milioni di dosi di vaccino opzionate.
3 somministrazione/cadauno
#COVID19 #VaccinoAntiCovid"
2020-12-20 14:01:11+00:00,paoloangeloRF,1340658508530937857,“ l’unica cosa è blocco europeo” considerazione interessante di @WRicciardi #LAriaDiDomenica #Covid_19 #coronavirus
2020-12-20 14:17:19+00:00,virginiasacchi,1340662569120444422,"Il #coronavirus alle prime vaccinazioni: ""oh toh un vaccino! E io muto, cazzo se muto! 🤣🤣""
#UKlockdown
#VaccinoAntiCovid
#variantecovid https://t.co/jLI68doxDK"
2020-12-20 14:18:25+00:00,marielSiviglia,1340662848087859200,"Per la maggior parte degli italiani la vita vale meno del covid19.
Basta leggere: si sono #cinecesetizizzati."
2020-12-20 14:20:58+00:00,mariamedici10,1340663488482557953,"#Variante #Coronavirus l’#Italia sospende i voli col #RegnoUnito. 
#DiMaio: “Dobbiamo proteggere gli italiani”.Più aggressiva del #Covid19 che si sta diffondendo rapidamente nel Regno Unito è stata rilevata anche in #Danimarca #Olanda e #Australia dichiarato da #MariaVanKerkhove"
2020-12-20 14:27:30+00:00,Agoerre,1340665132515528705,"C'è anche questa, @stebellentani"
2020-12-20 14:33:54+00:00,mariamedici10,1340666742956318721,"L’#Italia sospende i voli col #RegnoUnito. 
#DiMaio: “Dobbiamo proteggere gli italiani”. 
#MariaVanKerkhove: “più aggressiva del #Covid19 che si sta diffondendo rapidamente nel Regno Unito è stata rilevata anche in #Danimarca #Olanda e #Australia“ 
#Variante #Coronavirus #GB"
2020-12-20 14:35:19+00:00,marielSiviglia,1340667097194618889,Wow che perdita! Con la economia in ginocchio.
2020-12-20 14:45:47+00:00,DuilioFilomeni,1340669731708219395,"Fa paura il nuovo coronavirus: è ultracontagioso. Londra in lockdown, l’Olanda sospende i voli https://t.co/MOgrv8YM83"
2020-12-20 14:48:43+00:00,franckye_,1340670471562547201,"Professionisti in prima linea contro il covid-19 
La moneta raffiguara in uomo e una donna in abbigliamento sanitario ,con mascherine, stetoscopio e cartellina medica rappresentative dei Medici , degli infermieri ai volontari e scritto il personale impegnato nella pandemia"
2020-12-20 14:49:55+00:00,rontagnano,1340670774013779970,COME FA A DIRLO?
2020-12-20 14:51:05+00:00,AndreaPetoletti,1340671064993636355,E della “scellerata” #svezia nessuna traccia. Anche il #belgio è scomparso. Come diceva #giuseppi ? “Il modello italiano preso ad esempio in tutto il mondo”.... modello da cui stare alla larga immagino 🤬
2020-12-20 14:52:38+00:00,DuilioFilomeni,1340671455613382656,"Coronavirus mutato, ""ceppo fuori controllo"". Di Maio, stop ai voli tra Italia e Inghilterra https://t.co/txTSIbCa6v"
2020-12-20 14:54:53+00:00,MauroBartolett3,1340672023287242753,Paperino s’è svegliato....!!!
2020-12-20 15:01:21+00:00,DuilioFilomeni,1340673649318215684,"Coronavirus, il nuovo ceppo in Gran Bretagna mette a rischio il vaccino https://t.co/vV5shcKYU5"
2020-12-20 15:03:17+00:00,paoloangeloRF,1340674137338105869,“ la pax #Covid_19 non c’è mai stata “amara constatazione anzi amarissima di #travaglio #lariachetira #lariadidomenica #coronavirus “ mio sogno è quello di @a_padellaro che #Conte vada in parlamento e dica tutto quello che deve dire”qui si riferisce a #renzi immagino
2020-12-20 15:08:11+00:00,paoloangeloRF,1340675372082446338,“ mi fa schifo che ci sia qualcuno che rimpianga #berlusconi “#parolepesanti di #travaglio “ in estate tutti dicevano che la scuola non avrebbe riaperto e criticavano la @AzzolinaLucia #azzolina ora la conversione “#LAriaDiDomenica #Covid_19 #coronavirus
2020-12-20 15:09:55+00:00,cagnuol,1340675805651865600,"Oms, la nuova variante di Coronavirus anche in Danimarca, Australia e Olanda  https://t.co/o8KNb0kux8"
2020-12-20 15:16:16+00:00,PatrizioMia,1340677402549243906,"Coronavirus, arriva il patentino per chi farà il vaccino anti covid"
2020-12-20 15:25:40+00:00,melamorsicata,1340679770519056385,Questa cosa che i giornali devono calcare le paure sul coronavirus per vendere più giornali o fare più visualizzazioni mi fa innervosire. Stanno inculcando un senso d’ansia evitabile.
2020-12-20 15:27:24+00:00,luquetonn,1340680206005243910,"Più contagiosa, non più aggressiva. Ricordiamo che la storia naturale dei virus a rna é quella che verte verso la propria sopravvivenza, quindi maggiore contagiosità e minor letalitá. Speriamo sia così anche per questo coronavirus."
2020-12-20 15:35:28+00:00,albertomura,1340682236669136898,"BBC News - Coronavirus: Trump's Covid vaccine chief admits delivery mistake.

Ho più che il sospetto che #Arcuri si sarebbe guardato bene dall'ammettere qualsiasi sua colpa e che così farà se ci saranno inefficienze logistiche nel piano di vaccinazioni.
https://t.co/oqmgUJy1PO"
2020-12-20 15:39:05+00:00,rexforte1,1340683148565344262,"Chiaro che la GB non volesse condividere il Covid in auge in Europa, gli inglesi vogliono un virus originale solo x loro.."
2020-12-20 15:39:47+00:00,MedjugorjeTO,1340683323002241025,"La raccolta d’inediti di Madre Anna Maria Cànopi (1931-2019) s'intitola

Il #Natale del cuore
(Palumbi, pagine 183, € 20)

«Affidiamoci a una guida sicura che sa prenderci per mano:
madre Anna Maria Cànopi.
In questo momento di #COVID19 come risuonano vere le sue parole!». https://t.co/O25csgsjFT"
2020-12-20 15:45:48+00:00,petergomezblog,1340684835157913600,"Variante #Coronavirus, Galli a La7: “Non è più ‘cattiva’, si diffonde più velocemente. Probabile che sia già oltremanica, primi report di fine settembre” https://t.co/EcRt9BjfTl"
2020-12-20 16:11:41+00:00,RiccardoLaudad1,1340691349671202817,@selinapersonal I coronavirus mutano spesso. Infatti ogni anno in occasione delle influenze si deve realizzare velocemente un altro vaccino.. Ora le mutazioni riconosciute ad oggi sono già 350...a che serve un vaccino allora! Ad altro...
2020-12-20 16:17:24+00:00,emerge67,1340692787499585540,L’Italia ha sospeso i voli dal Regno Unito https://t.co/njKRKprxpR via @ilpost
2020-12-20 16:21:50+00:00,AngeloBraga2,1340693904484646914,"Capito? Ora salva la vita a persone colpite dal virus che lui (che non è mai stato in tv 😂😂😂) definiva clinicamente morto, noi sfigati che le curiamo da mesi (senza tv) dicendo di stare attenti perché il coronavirus non era morto spariamo cazzate! Olè!"
2020-12-20 16:23:21+00:00,danieledv79,1340694284698304512,Grillini come l'ovra.
2020-12-20 16:26:38+00:00,Max52220709,1340695110984589316,"@matteogalass E lo stato potrebbe affrontare mille problemi e situazioni tipo indigenza,disabilità, povertà  svilito scuola a partire dalla materna all'università  ed alle situazioni disgraziate come il Covid19"
2020-12-20 16:26:58+00:00,ilbigno83,1340695194912616448,Pronto per questo #Natale in solitaria.. #covid #iorestoacasa #ilbigno83 #anno2020 #COVID19 https://t.co/AovqIQPlPZ
2020-12-20 16:30:33+00:00,virginiasacchi,1340696097791107074,"Dalla #azzolina scopriamo che le scuole sono l'unica forma di assembramento al chiuso in cui è improbabile il contagio da #coronavirus. 
Seduti a tavola al ristorante ci si contagia ma seduti a scuola no.
Devono essere i banchi a rotelle se no nn si spiega."
2020-12-20 16:38:36+00:00,RiccardoLaudad1,1340698126290710533,Giusta domanda...
2020-12-20 16:40:15+00:00,gattorosarosa,1340698540327231490,"Coronavirus, a Roma nuovi casi scendono a 509. Tamponi per i passeggeri in arrivo dal Regno Unito https://t.co/f73J8dYCya"
2020-12-20 16:42:56+00:00,albertomura,1340699215215865869,"How the Coronavirus Changed Death 
Ricordati che devi morire!
https://t.co/9x0RPbTMtz"
2020-12-20 16:45:44+00:00,N_Tomassetti,1340699917908652037,Non annamo proprio benissimo
2020-12-20 16:47:57+00:00,N_Tomassetti,1340700478477361153,"352 morti di #COVID19 solo oggi. Più di quelli del terremoto dell’Aquila del 2009, ma tanto ormai non ce ne frega niente perché è un mese che abbiamo 500 morti al giorno, anzi pare che oggi sia andata benone, usciamo a festeggiare"
2020-12-20 16:50:14+00:00,virginiasacchi,1340701052325261315,"la #variantecovid del #RegnoUnito pare sia in Italia già da fine settembre (come è ovvio).
Tranquilli: come fu x la 1 ondata dalla Cina i voli con #uk li abbiamo chiusi il 20 dicembre...dopo quei due mesi convenzionali x lasciare che il Coronavirus si ambienti un attimo."
2020-12-20 16:57:28+00:00,EMANUEL_SINDONI,1340702873026506752,"Colossesi 3:1 cerchiamo le Cose di lassù, il COVID-19 ci insegna che la vita sulla Terra non è per sempre #MegaLiveService"
2020-12-20 17:00:29+00:00,paravani_g,1340703629662142465,Cosa sappiamo della nuova variante del coronavirus in Gran Bretagna https://t.co/V1OfdaffFB
2020-12-20 17:02:23+00:00,Michel98066841,1340704109113073664,"Coronavirus, l'Italia sospende i voli con il Regno Unito

https://t.co/YrreK4jStY

via @updayIT"
2020-12-20 17:11:32+00:00,shalomroma,1340706411408461824,"@CarreraJeans_IT , in collaborazione con GAAP Technology, ha donato oltre 1000 mascherine agli studenti delle scuole ebraiche romane, un gesto che rientra nella campagna di sensibilizzazione sulle misure contro il #COVID19 

https://t.co/Lnde5KRPZr"
2020-12-20 17:12:32+00:00,SabriBenetazzo,1340706663469355010,"Articolo interessante. Neanderthal nocivo: chi ha nei cromosomi un certo gruppo di geni ereditato dal cosiddetto ""uomo di Neanderthal"", rischia di subire le forme più gravi della Covid19 e di soccombere più facilmente. 
https://t.co/MiYu0IgsJs"
2020-12-20 17:17:47+00:00,LioneLeonardo,1340707984389922819,@pierpi13 La risposta italiana al covid-19
2020-12-20 17:20:15+00:00,faberskj,1340708607927726082,In un mese circa siamo passati da 8000 ricovrerati a 4000 e da 900 t.i. a 500. Il rapporto tamponi/positivi è sceso da 20% a 8%.
2020-12-20 17:43:17+00:00,Francesco_Mat67,1340714401255579649,"... E visto che non devo fare lo shopping compulsivo o lo stress da regalo di natale (già fatti) il #kilimangiaro mi ha dato l'idea del primo viaggio post covid19... Roatan/Honduras... Altroché Maldive 

https://t.co/674Ajb6Hg4"
2020-12-20 17:43:57+00:00,FolcoLupo,1340714568398606340,"Perché ti obbligano a fare il tampone prima di rientrare in Italia e poi non controllano?!? 🤬
Incompetenti! #COVID19 #NonSonoCapaci
Andatevene!!!!"
2020-12-20 17:51:19+00:00,rebuhonaor,1340716422696210433,"@brigitte_gio E' proprio dei coronavirus di ""mutare"" prova ne sia l influenza che annualmente si presenta ""mutata"" e per questo si fanno vaccini appositamente approntati."
2020-12-20 18:07:41+00:00,ourauntmari,1340720544921116675,"Per una volta vogliamo anticipare il virus ed estendere la zona rossa a tutta Italia almeno fino a fine gennaio o fino a quando servirà? 
Per salvare vite adesso e  per far ripartire l’economia nel 2021, appena possibile? 🙏
@MinisteroSalute @robersperanza 
@GiuseppeConteIT"
2020-12-20 18:10:21+00:00,ourauntmari,1340721216169136134,"Per una volta vogliamo anticipare il virus ed estendere la zona rossa in tutta Italia almeno fino a fine gennaio o fino a quando servirà? 
Per salvare vite adesso e  per far ripartire l’economia nel 2021, appena possibile? 🙏
#variantecovid #RegnoUnito #lockdownitalia"
2020-12-20 18:12:40+00:00,elvisbretzel,1340721798107815940,@EdoardoMecca1 Quindi ti fai il vaccino del covid19 quando arriva il covid21. Interessante
2020-12-20 18:29:40+00:00,EMANUEL_SINDONI,1340726076398575620,@myrtamerlino #MegaLiveService ecco cosa potete sapere riguardo al Coronavirus @FedeTrittoItaly @NicolaColucci19
2020-12-20 18:52:59+00:00,LucaPiermartiri,1340731944431210502,"Anche #ieri e #oggi abbiamo raccolto i #doni #natalizi. Grazie alle #associazioni che, durante tutta la #settimana, si sono impegnate. Il 22-23 #dicembre effettueremo la distribuzione. 
#portosantelpidio #amministrazione #assessorato #servizisociali #emergenza #covid19 #natale https://t.co/b6UWLDLg04"
2020-12-20 19:00:17+00:00,ProtCivPalma,1340733779032363009,"#AvvisoFVG #CoronaVirus

Per effetto dell’Ordinanza del Ministero della Salute del 20/12/20

Sono introdotte NUOVE LIMITAZIONI per chi proviene da Regno Unito di Gran Bretagna e Irlanda del Nord fino al 06/01/21. 

Link ⤵️
https://t.co/Nb5AzOZeMd https://t.co/Vt98ldwoTf"
2020-12-20 19:00:47+00:00,Pannocchia978,1340733906077806592,L'ospedale militare del #Celio isola la mutazione inglese del #COVID19
2020-12-20 19:02:33+00:00,salvfor3,1340734352183975941,#COVID19 Non di pareva che gli inglesi dovevano fare un virus diverso.
2020-12-20 19:05:47+00:00,Liz_Mandy,1340735162318000132,Peccato che non gli possiamo dare fuoco come avrebbe fatto Mariano
2020-12-20 19:08:44+00:00,alearesu,1340735905619992579,"Due fronti del capitalismo politico: a) bisogna pagare la strategia di chiusura al sistema cinese; b) la competizione della connettività accelerata da COVID-19 è liberare il potenziale di tutti i territori, con interesse internazionale per aree interne e rurali."
2020-12-20 19:24:49+00:00,NealaAntinori,1340739952661958663,È arrivata anche qui ( la variante inglese)
2020-12-20 19:27:02+00:00,ANguewo,1340740514174406658,@noemicristofalo @MattiaCristofa2 @DiSantita @AlleStrato #MegaLiveService il Coronavirus sta indicando che questo mondo sta giungendo alla fine
2020-12-20 19:35:58+00:00,LUCAMARANTO,1340742758177398785,"... come in un domino ben organizzato, ogni tessera ne abbatte una successiva, in una concatenazione diabolica.
#Covid_19 
#visoni"
2020-12-20 19:37:28+00:00,beppeferri9649,1340743138122604549,"@luigidimaio @MinisteroSalute Proteggere gli italiani è evitare che i nostri connazionali vengano sgozzati.
Proprio oggi un medico un medico di #Milano è morto.
Non di #covid19."
2020-12-20 19:42:53+00:00,LUCAMARANTO,1340744501166530564,"Bergoglio: ""Il consumismo ci ha sequestrato il Natale"".
Vediamo se prima o poi restituirà magari il cadavere."
2020-12-20 19:48:42+00:00,sister_magister,1340745963774881792,"Con questo virus si comincia in mattinata con ""cosa facciamo a #natale ?"", ci si distrae un attimo su ""#varianteinglese"" e dopo dieci minuti stai a vedere che si riparte con un nuovo #pazientezero e un altro #lockdown di due mesi. 
#covid19UK
#COVID19  

https://t.co/4bdyvJ88mH"
2020-12-20 19:51:50+00:00,eupalla_,1340746753977532416,Ho un Dejavù #GranBretagna #COVID19 https://t.co/7ej5eyUBkM
2020-12-20 20:00:00+00:00,albertomura,1340748806401437697,"«Studies suggest the mutation makes antibodies from the blood of survivors less effective at attacking the virus».
Se le cose stanno così, perché l'efficacia dei vaccini dovrebbe essere la medesima e non ridotta?
#newvirus #COVID19 #vaccinoCovid https://t.co/SNY7WBxkfH"
2020-12-20 20:03:58+00:00,paoloangeloRF,1340749805727977475,“Credo che vada visto su un periodo di una settimana rispetto a punte elevate come 18 %la situazione e indubitabilmente migliorata” #Locatelli su percentuale positivi tamponi #chetempochefa #Covid_19 @chetempochefa #COVID19
2020-12-20 20:07:06+00:00,petergomezblog,1340750596077473794,In Italia un positivo alla “variante inglese” del Coronavirus. “E’ in isolamento con il convivente rientrato a Fiumicino dal Regno Unito” https://t.co/JQQ7U0PM5X
2020-12-20 20:07:07+00:00,paoloangeloRF,1340750598094905344,“27 dicembre data dallo straordinario valore simbolico . Attorno ai primi di gennaio partirà la vera campagna di vaccinazione.. logica di proteggere le persone esposte“#Locatelli #Covid_19 #COVID19 #VaccinoAntiCovid #chetempochefa
2020-12-20 20:07:28+00:00,DuilioFilomeni,1340750685915258884,"Coronavirus, 17.572 nuovi casi e 680 morti. Da lunedì a oggi più contagi degli stessi giorni della scorsa settima... https://t.co/GTjPiUJAf0"
2020-12-20 20:09:40+00:00,paoloangeloRF,1340751240150573059,“ tutti i vaccini approvati rispondono  a requisiti di sicurezza ed efficacia.. la progettualità di quello in Italia in collaborazione con ospedale #spallanzani ha già completato fase uno la risposta è buona “#Locatelli #iss #chetempochefa #Covid_19 #COVID19
2020-12-20 20:11:22+00:00,paoloangeloRF,1340751670083514370,“Vanno smentite interpretazioni di questo tipo “#Locatelli #iss su parole di #DeLuca su mercato dei vaccini “sono sicuro che il personale sanitario avrà percentuali di adesione late”#Covid_19 #COVID19 #chetempochefa
2020-12-20 20:11:50+00:00,Kekko31P,1340751787490422787,@DavideSindoni @FiglioNico @Gionath10857107 @EMANUEL_SINDONI @noemicristofalo @FedeTrittoItaly @DiSantita #MegaLiveService “Quando vedete il Coronavirus sappiate che la terra non è la nostra casa”
2020-12-20 20:13:28+00:00,Ettore_Ribaudo,1340752196351225859,"#staseraitalia ma quali bonifici caro @AndreaRomano9 ancora per i soldi del #Ristoriquater l'inps non ha previsto per le domande on line e tu dici che state provvedendo per il quinto?
Idiota studia capra.
#COVID19 @rete4"
2020-12-20 20:15:59+00:00,paoloangeloRF,1340752828902629380,“ circolano pseudo vaccini in internet non fate l’errore di prendere queste cose !”#Mantovani @HumanitasMilano @chetempochefa #coronavirus “non c’è relazione. Tra vaccino e tumore”#Covid_19 #chetempochefa
2020-12-20 20:20:46+00:00,rebuhonaor,1340754035335376903,"@backtoblacklis1 È proprio nella natura stessa dei coronavirus la mutabilita', prova ne sia il dovuto cambiamento.annuale dei vaccini influenzali."
2020-12-20 20:23:18+00:00,Raffi___,1340754673964376066,"https://t.co/EtvrSPyV7G

Unico punto informativo serio ormai, niente titoli allarmanti, fatti e informazioni chiare."
2020-12-20 20:24:24+00:00,Ettore_Ribaudo,1340754949324587010,"#staseraitalia caro @AndreaRomano9 I monopattini, il cash back, I ristori mai arrivati, sono queste le misure fondamentali messe in campo dal tuo #Governodicialtroni?
#COVID19"
2020-12-20 20:26:36+00:00,EnzoSan69,1340755502020608003,"#Covid_19, con questa variante del #coronavirus non vi permettete di riaprire le #scuole! @GiuseppeConteIT @VincenzoDeLuca #scuolechiuse #noneladurso #nonelarena"
2020-12-20 20:31:15+00:00,MNRuggiero,1340756674743857155,"Contro questo virus #COVID19 occorre marcatura stretta e gioco d'anticipo, chiamate @fabiocannavaro"
2020-12-20 20:32:13+00:00,TheMarioBross,1340756914670604288,"""La gente se ha dei margini di libertà, se la prende."" prima del #COVID19 questa frase sarebbe etichettata come fascista. #noneladurso"
2020-12-20 20:34:59+00:00,PFZ98,1340757613361983489,"Coronavirus, la variante inglese fa paura: un positivo in Italia. Ecco che cosa sappiamo - Il Sole 24 ORE @sole24ore https://t.co/4Xzq7IZYXc"
2020-12-20 20:35:06+00:00,cristianaprato,1340757641006624770,È uscito quello nuovo.. #covid 20 #COVID19 🤦🏻‍♀️ ne avremo per altri 2/3 anni
2020-12-20 20:36:07+00:00,vivaluca,1340757896959823875,Col 2021 passiamo di livello e il #COVID19 diventa supersayan
2020-12-20 20:37:35+00:00,robycatt1,1340758264565428225,"@Andresser33 @MaestroMiyagi3 @mgmaglie @mapkomarco521 Ma vai a cagare troll del cazzo. 
Non serve un virologo per sapere che in virus mutante muta in continuo 

Leggi e taci  

Università di Bologna .

https://t.co/WcBtuyAvTu"
2020-12-20 20:46:20+00:00,ILSOB1LL4,1340760468621811715,"Dedicato ai minchioni che la menano con la storia del bonus vacanze.
#COVIDIOTS #COVID19 #lockdown #Natale 

https://t.co/v1XgjFetOK"
2020-12-20 20:48:49+00:00,SoleBarcaccia,1340761092960759809,che fenomeni !!!
2020-12-20 20:52:48+00:00,giulymuratori,1340762094237573121,Io non credo a Guerra credo di più a Zambon
2020-12-20 20:53:10+00:00,giulymuratori,1340762189620260864,Guerra non ti credo
2020-12-20 20:55:55+00:00,DaniInterrante,1340762880547954694,@La7tv Basta per far capire che vuol fare “scarica barile” @reportrai3 oltre al resto ovviamente #COVID19 #pandemia
2020-12-20 20:57:12+00:00,ntonioGiordano,1340763201898725378,"Variante inglese virus, #Pregliasco: «Vaccino può essere aggiornato». #Galli: «Si diffonde meglio, ma non farà più morti»
#COVID19 #Covid_19 #coronavirus2020 #"
2020-12-20 20:58:32+00:00,quotidianodirg,1340763538621513728,"Coronavirus Italia, 15.104 nuovi casi e 352 decessi https://t.co/dEkhvB0a6s @quotidianodirg #news #notizie https://t.co/NIsIjYmXTM"
2020-12-20 20:58:41+00:00,mcallock,1340763575183437825,"""ritengono"""
2020-12-20 21:19:47+00:00,novedafirenze,1340768885595889664,Coronavirus: 483 nuovi casi. Scendono a 24 i decessi https://t.co/4YH5FJ8Wl3
2020-12-20 21:22:57+00:00,pigimon,1340769683948101637,"""Se vogliamo che tutto rimanga com'è, bisogna che tutto cambi""  #coronavirus #mutazioni #gattopardismo"
2020-12-20 21:27:15+00:00,grilliserafino,1340770766430855168,"Quando capisci che col nuovo mutamento del #covid19, so ca@@i 😲 https://t.co/ML21qY14BD"
2020-12-20 21:39:22+00:00,RiccardoLaudad1,1340773816474226689,Esatto. Sono stati velocissimi.. Che breavi vero? Sembra impossibile... Ma ci diranno che ora sanno cosa cercare come dove è quando.. La verità è che ci vuole una bella rivoltella. Con quella finiscono di parlare.
2020-12-20 21:53:03+00:00,FakeBusters13,1340777259100205058,"La nuova variante di #coronavirus è arrivata anche in #Italia
Foto:@Corriere 
Approfondisci su:https://t.co/uFzIF5U4R9 
#Italy #Rome #Roma #England #unitedkingdom #health #hospital #viaggio #Covid_19mx #coronavirus #pandemia #pandemic #news #notizia #informazione #fakebusters https://t.co/fJeMcttobw"
2020-12-20 21:54:34+00:00,NathanDelMare,1340777642132422658,Il #COVID19 si è evoluto .
2020-12-20 21:56:47+00:00,stagliacollo,1340778197949005831,Il virus che sta distruggendo l'Italia non è il Covid19  ha questo governo di INCAPACI https://t.co/Vg4SxOz729
2020-12-20 22:22:00+00:00,GiovannaCuoco5,1340784542991396864,"Posso sapere che xaxxo facevano esattamente I virologi improvvisati, che ad ogni notizia ridono, commentano alla caxxo, ?
Per tutti quelli che di lamentano,  
#Conte HA CEFFATO IN PIENO
DOVEVA FARE COME LA MERKEL.
CHE AVETE DEFINITO ""GRANDE STATISTA""
#COVID19"
2020-12-20 22:27:13+00:00,helseltz,1340785858748833792,"C’è comunque quello che non ha resistito e ha chiesto “ma tu cosa fai a capodanno?”

#COVID19"
2020-12-20 22:35:59+00:00,beppeferri9649,1340788062259978241,"@EsercitoCrucian Era chiaro.
Tutti i virus influenzali mutano.
E questo #covid19 è un virus influenzale, solo più forte.
E, guarda caso, siamo alla seconda ondata.
In autunno."
2020-12-20 22:41:11+00:00,starnud,1340789370786332674,Io che penso alla #variantecovid #COVID19 #pd https://t.co/D8iyyQ8PuZ
2020-12-20 22:52:31+00:00,francescocipe,1340792222917283845,La stessa cosa che mi domando io da un bel pezzo !!!!
2020-12-20 22:59:10+00:00,todorov_denis,1340793898126422016,"Ma che sorpresa...😁
E guarda caso lo annuncia il servo dei servi...😂"
2020-12-20 23:01:32+00:00,_owhe,1340794493105270785,Ma è un incubo!
2020-12-20 23:02:37+00:00,egidio_gialdini,1340794763361050624,"Ulteriore aggiornamento di sabato 19 dicembre 2020 dal Sindaco di POLICORO, Enrico MASCIA, sull'emergenza coronavirus nella cittadina jonica, con l'invito a rispettare le misure anti contagio vigenti. https://t.co/dwafHfdRoe"
2020-12-20 23:02:38+00:00,Egalit6,1340794771091144705,"Le abitudini alimentari in era #COVID19, sondaggio @EITFood in 10 Paesi UE. ➖ soldi ➕sostenibilità @OttobreInfo @CarloOttaviano @sabrybergamini @assorurale @LiviaVentimigli @asparsamuni @distefanovalori @srpoverty @eric_vanpraag @ConsumatoriCoop https://t.co/09DJ3ix0ma"
2020-12-20 23:05:18+00:00,ItalyFoodTrade,1340795440728563713,"Le abitudini alimentari in era #COVID19, sondaggio @EITFood in 10 Paesi UE. ➖ soldi ➕sostenibilità @VitoGulli @retailwatch_it @GiampaoloRossi @savignygenevi @g_caprotti @eleonoragraffio @StanFabbrino @ARC2020eu @angelodimambro @lcsal @RadioArticolo1 https://t.co/OEX7oyPYCJ"
2020-12-20 23:13:30+00:00,Max09295648,1340797502258343938,Tre troiate in tempo zero.
2020-12-20 23:28:35+00:00,Max09295648,1340801300309663746,Un uomo....una garanzia
2020-12-21 01:35:03+00:00,RiccardoLaudad1,1340833125476298767,Sta succedendo qualcosa alla famiglia Saud... Orecchie dritte..
2020-12-21 01:42:30+00:00,RiccardoLaudad1,1340835000418234375,Lo chiami ancora papa quel gesuita servo della cabala?
2020-12-21 01:53:53+00:00,RiccardoLaudad1,1340837865891246081,Tutti insieme uniti e compatti. Medici e infermieri. Rifiutate l ordine e non riconoscete più l ordine dei medici.. Che sembra non più rappresenterà. Tenete duro.
2020-12-21 03:27:51+00:00,holly0776,1340861513695973378,@nonelarena @piersileri Bene ma nn benissimo#covid19
