Date,User,Tweet_id,Tweet
2020-12-13 06:01:17+00:00,pino_nostro,1338001024162918400,Sempre avanti loro
2020-12-13 06:44:24+00:00,cristian_tava,1338011875649445889,"#COVID19 nel borgo non si sente, non passano le ambulanze, non ci sono ansie... sembra tutto così lontano. #NoFear ma si sente il distanziamento. La paura ti resta dentro a lungo."
2020-12-13 06:56:07+00:00,beppeferri9649,1338014822059962368,"@claudio_2022 Io sto dicendo a questo proposito che se ci vaccineremo tutti saremmo eterni.
Poiché si muore solo di #covid19"
2020-12-13 07:18:10+00:00,pcbassignana,1338020370557833221,"@AllertApc #autostrade #Viaggiare #Emergenza #Coronavirus sospensione divieto di circolazione #strade extraurbane mezzi trasporto cose con massa complessiva massima autorizzata superiore a 7,5 tonnellate 
Domenica #13Dicembre
ℹ️ https://t.co/puy6wZASKU https://t.co/mKc57OLZNG"
2020-12-13 07:19:21+00:00,pcbassignana,1338020669687259142,"#zonagialla #zonagialla #zonagialla Mantieni la calma, e rispetta le regole! Indossa la #mascherina, #distanziamentosociale e lavati spesso le mani #Buongiorno #Piemonte #Bassignana #Natale #Dpcm #COVID19 #coronavirus #Contagio #Covid_19 #Natale2020 https://t.co/h1cWyTk5us"
2020-12-13 07:21:33+00:00,EnnioMacaluso,1338021225260601345,"#coronavirus #Italia Da oggi nuove zone gialle, Governo raccomanda prudenza, nelle ultime 24ore +19.903 nuovi contagi e +649 morti.
 https://t.co/IMwcHBhx6b"
2020-12-13 07:23:58+00:00,Ile2S,1338021831303892993,"Siamo sulla buona strada? #Roma #Covid 
https://t.co/phxwMvczyM"
2020-12-13 07:37:17+00:00,ncltrg,1338025182116646913,Questo paese ha qualcosa che non va: in tempo di #COVID19 si creano file infinite alla mensa dei poveri e in contempo i magazzini del nuovo #iPhone12 sono soldi out.
2020-12-13 07:48:39+00:00,Michele02828265,1338028044091527171,"Stanno arrivando i Fondi Europei per il rilancio del Paese e in Italia si pensa a come far cadere il Governo o a come passare il Natale in libertà dimenticando che il #COVID19 non perdona e oltre 60.000 morti non gli bastano. Basta liti,basta presenze in TV e Social
#COVID192021"
2020-12-13 08:30:39+00:00,RenatoRanieri,1338038612022202368,"Per capire, l'influenza cala grazie al distanziamento e all'uso di mascherine mentre il #COVID19 cresce perché non non rispettiamo il distanziamento e non mettiamo abbastanza le mascherine? 
Fare pace col cervello no?  https://t.co/rTHPNh47J4"
2020-12-13 08:50:22+00:00,owl1957,1338043575846785024,@RaffiPas 🤣🤣🤣🤣🤣🤣 ci deve avere il covid-19 pure lui
2020-12-13 08:59:24+00:00,GianelleMauriz7,1338045849876750338,"@Pontifex_it @robersperanza @RaiNews 
Il covid19 può essere trovato nelle urine?"
2020-12-13 08:59:32+00:00,pcbassignana,1338045882776817665,"@AllertApc #coronavirus #social #media #socialmedia #COVID19 Nuova ordinanza @MinisteroSalute dal #13dicembre

_ Abruzzo passa in area arancione
_ Basilicata, Calabria, Lombardia e #Piemonte passano in area gialla 
Dettagli 👇
https://t.co/VKXYgfIOWH
https://t.co/XZkZgmUUjn"
2020-12-13 09:00:41+00:00,franvanni,1338046169113653249,"La Germania da mercoledì decreta il lockdown fino al 10/1 per evitare assembramenti a Natale

L’Italia da oggi allenta le restrizioni nelle Regioni più a rischio per consentire assembramenti a Natale

I numeri diranno quale strategia è più efficace

#COVID19"
2020-12-13 09:06:23+00:00,giuaddo99,1338047606262554624,Eppure ci dicono tutti i giorni in #TV  che siamo stati presi ad esempio in tutto il Mondo! Bene ecco la triste realtà dei numeri! #COVID19 @Mov5Stelle @robersperanza @GiuseppeConteIT @nzingaretti @fattoquotidiano https://t.co/lWkzjsYu2u
2020-12-13 09:06:57+00:00,bebboamoroso,1338047748927578115,"#13dicembre #COVID19 #coronavirus
Giusto per..... https://t.co/4x4aaSPUeJ"
2020-12-13 09:17:52+00:00,Adelina728,1338050493801779200,🤦🏼‍♀️ che personaggi che gli itagliotti vorrebbero al comando del paese
2020-12-13 09:37:39+00:00,gdt62,1338055473753444353,Le piazze del #Natale in tempo di #Covid_19 #coronavirus via @repubblica     @MinisteroSalute @DPCgov @robersperanza @F_Boccia https://t.co/BxbaEIaUuo
2020-12-13 09:57:58+00:00,barbagi3,1338060586035372032,"Grazie mille Governatore di esistere, congratulazioni 🤝 baci 😘 Giovanna ❤️"
2020-12-13 10:00:35+00:00,blumareblu2,1338061243194765312,Non ci sono parole!
2020-12-13 10:15:38+00:00,lorenzo_rigon,1338065033536933889,"E vero ,noi invece pensiamo alle deroghe per preparare la terza ondata, c'è un discorso fatto da loro e che dovremmo far nostro e che dice:quanti morti vale un giro di shopping?"
2020-12-13 10:24:01+00:00,marielSiviglia,1338067143267586048,"Qualcuno a bocce ferme, mi dovrà spiegare come mai la vita di chi soffre o ha sofferto di covid19, vale  di più di chi soffre di malattie incurabili.
Sono disgustata. 
Vergognatevi tutti ."
2020-12-13 10:36:26+00:00,FabriziaGiulian,1338070265742438400,Perché il decentramento si può intendere in molti modi #Germania #COVIDー19
2020-12-13 10:50:09+00:00,Riccardoelvisi,1338073717247791104,"Interessantissimo articolo circa la reattivita' crociata che coronavirus 'differenti' dal #SARSCoV2 possono provocare,attivando i linfociti T-suppressor CD8+,con effetti 'positivi' sulla risposta immunitaria in caso di #COVIDー19 e possibili impieghi in futuri vaccini 👍"
2020-12-13 10:50:30+00:00,CalosiGuido,1338073805227503624,"Io capisco i numeri di TI e ricoveri, la capacità di resistenza del sistema ecc., ma ha davvero senso che la Toscana sia arancione e il Veneto giallo?

A me sembra, francamente, che con la Toscana si usi la mano pesante.

È difficile, tra l’altro, difendere decisioni del genere."
2020-12-13 11:11:16+00:00,spincatia,1338079034765418497,"CORONAVIRUS e VITAMINA D, un nuovo STUDIO italiano CONFERMA che esiste un LEGAME, ecco cosa c'è da SAPERE https://t.co/ftRbZTyTBa #meteo via @ilmeteoit"
2020-12-13 11:16:14+00:00,SebastianoRus10,1338080282554101761,Porino. Fa molto piddino
2020-12-13 11:21:59+00:00,R__Pizzi,1338081728938831872,Un ottimo modo di aiutare #crocerossa (ed è buono!)
2020-12-13 11:22:11+00:00,SebastianoRus10,1338081779886993408,"Solo qualcosa, non ha funzionato??"
2020-12-13 11:24:01+00:00,animaleuropeRMP,1338082243496071172,E se ve lo si dice non ci credete ...
2020-12-13 11:28:19+00:00,Andreacritico,1338083325307727874,Abbiamo un concept...
2020-12-13 11:37:21+00:00,marielSiviglia,1338085597701926913,"Buon ritorno al medioevo a tutti: soprattutto buone privazioni delle libertà 🗽personali,con il ricatto della  ""salute "".
È ufficiale: #COVID19 = #peste.
Non ho altro da aggiungere.( ***** vs e pure tosti.)
#12dicembre2020 https://t.co/bbB0jhOOkI"
2020-12-13 11:55:18+00:00,eduluongo,1338090113600024585,"Infatti per questo le donne del NORD, vanno pazze per NOI. AIMMT a faccia toja"
2020-12-13 12:33:21+00:00,marielSiviglia,1338099689774833664,"""Qualcuno "" ha già iniziato: buon covid19 a tutti 🎅 """
2020-12-13 12:33:40+00:00,pcbassignana,1338099768904593408,"@AllertApc @pcbassignana #PCProvAL #socialmedia #social #media #strade #autostrade #A26 #protezionecivile #prevenzione #COVID19 #coronavirus #codicegiallo #Natale2020 Niente da fare! Ti ""permettono"" di andare... e tu vai. Rispetta le regole anti #Covid_19 https://t.co/CpgcEs20ct"
2020-12-13 12:59:12+00:00,INRadionews,1338106194259562503,"Coronavirus, Da metà gennaio l’Italia somministrerà il vaccino (di Federica De Santis)

https://t.co/jeVCiOVClM"
2020-12-13 13:07:16+00:00,beppeferri9649,1338108225930076162,"@AntonioSocci1 Un dubbio mi assale.
Vuoi vedere che i morti di #covid19 avranno un calo drastico quando inizierà il #semestrebianco?"
2020-12-13 13:16:13+00:00,VittoGalbiaz,1338110476585209857,Brozovic fai più schifo del Coronavirus
2020-12-13 13:19:01+00:00,marielSiviglia,1338111181396070400,"@MarcoCoccia3 @Sante_Altizio Gli imbecilli che offendono gratuitamente li blocco.
Buona fortuna, con la  tempesta economica devastante in corso, ne servirebbe a quintali, altro che ""covid19 ""
 @Sante_Altizio"
2020-12-13 13:28:36+00:00,COLIZZIALMERICO,1338113595100565504,"😷 #Coronavirus, #Campania blindata. Forze dell’ordine già in strada, multe e sanzioni."
2020-12-13 14:14:34+00:00,davidedm_91,1338125161732640768,"Penso alla reazione delle famiglie dei 60mila italiani deceduti per #COVID19, nel vedere una pagliacciata del genere. E mi vergogno per chi ha pensato di proporla. https://t.co/qS5zqLenkQ"
2020-12-13 14:42:52+00:00,petergomezblog,1338132282310356993,"Coronavirus, Germania in lockdown duro da mercoledì fino al 10 gennaio. Merkel: ""Misure non hanno funzionato, bisogna agire subito"" - https://t.co/yF09xxkhep"
2020-12-13 14:59:49+00:00,GianlucaManfra,1338136550656368641,"Coronavirus, Germania in lockdown duro da mercoledì fino al 10 gennaio. Merkel: “Misure non hanno funzionato, bisogna agire subito” https://t.co/LPRsQL8WJf via @fattoquotidiano"
2020-12-13 15:05:13+00:00,giuseppetp55,1338137908855844866,"Pensate che potremo farcela?Alcuni Presidenti di Regione,leghisti soprattutto,litigavano col Governo per i colori,appena”gialli”tutti per strada,uno sull’altro,pure senza mascherina,siamo primi in #Europa per morti da #Covid19 primi per debito pubblico,continua così,ce la faremo?"
2020-12-13 15:07:01+00:00,LinaVadal,1338138361178058754,Noi sacrifici e controllati questi hanno i soldi e si fanno beffa dei nostri controlli. Che schifo
2020-12-13 15:10:04+00:00,LeonardoMontef6,1338139130560122885,"@LaGazzettaWeb Meno pazienti curati fuori dalla Basilicata? Ma siete o ci fate ? Dopo un anno che non si poteva andare da nessuna parte per restrizioni da covid19, oltre che tutti gli ospedali avevano sospesi tutte le visite in calendario escluse le urgenze era logico avere un calo di migrazion"
2020-12-13 15:17:33+00:00,quotidianodirg,1338141014318403585,"Coronavirus, Arcuri: Da metà gennaio vaccino a primi 1,8 milioni https://t.co/rc3ajKWYU4 @quotidianodirg #news #notizie https://t.co/lz4bgVjpuC"
2020-12-13 15:37:44+00:00,profondo,1338146092521836544,Dimissioni
2020-12-13 15:43:49+00:00,Michele02828265,1338147621161013248,"Una grande Angela Merkel. Questo significa governare con saggezza cari @matteorenzi
@matteosaIvimimi
@GiorgiaMeloni
Bravo solo il Ministro @robersperanza
Coronavirus, in LOCKDOWN la Germania chiude negozi e scuole https://t.co/dEXyQBzFcB via @repubblica"
2020-12-13 16:15:34+00:00,LeonardoMontef6,1338155611553411076,A proposito di piano Pandemico aggiornato non si poteva prevedere il covid19 e quindi avere uno stoccaggio di reagenti per poter individuare il virus. Queste corbellerie li può dire solo chi non ha mai lavorato in un laboratorio chimico- clinico. L' unico materiale erano i DPI.
2020-12-13 16:25:04+00:00,OlderGf,1338158002235379714,"@paolacella @paolacontini64 Arcuri è un furbo. Sa dire in modo convincente ai politici che sa risolvere i problemi. Sempre. Qua è spiegato bene.
https://t.co/mccWHJiHDe"
2020-12-13 16:43:02+00:00,quotidianodirg,1338162527130112008,"Coronavirus, la primula simbolo della campagna di vaccinazione https://t.co/oXHpT1d9lA @quotidianodirg #news #notizie https://t.co/SpazZN8afe"
2020-12-13 16:47:06+00:00,GermanoDottori,1338163546904027144,Natale in Galleria al tempo del Covid-19 https://t.co/Wfyi9mNqhZ
2020-12-13 17:16:10+00:00,francescocipe,1338170863301107712,"@PaoloGentiloni Si muore solo x covid19...
Come dire che TUTTI i politici sono ladri
Mi trovi la differenza o cominciate a dirci la verità, quanti sono le morte solo per covid19 o TUTTI i politici sono ladri !!!"
2020-12-13 17:59:55+00:00,profondo,1338181873202294790,Vedi lamorgese
2020-12-13 18:13:57+00:00,Italianbirder,1338185406676934658,"@RN_Inchieste Interessante, due su tre sono bufale: covid19 e riscaldamento globale..."
2020-12-13 18:22:43+00:00,castellanzcuore,1338187610087436290,L'andamento apparentemente migliora: tamponi potrebbero essere di più?
2020-12-13 18:26:00+00:00,RiccardoLaudad1,1338188435572527107,La narrazione dice che si deve andare verso un mondo diverso.. I rothshild caccerannp tutti i denari del caso per dare questa immagine. Non bisogna credere a queste sirene. BOICOTTARE TUTTO.
2020-12-13 18:36:02+00:00,quotidianodirg,1338190962825125888,"Bollettino Coronavirus, 17.938 nuovi casi e 484 decessi in 24 ore https://t.co/AwwuXJKHr2 @quotidianodirg #news #notizie https://t.co/ztoYUhawZM"
2020-12-13 18:51:32+00:00,Televallata,1338194863599341571,"#AGGIORNAMENTO CORONAVIRUS CIRCONDARIO IMOLESE- 13 DICEMBRE 2020

91 CASI POSITIVI

 Su 829 tamponi molecolari e 75 tamponi antigenici sono 91 i nuovi casi positivi registrati oggi, di cui 49 asintomatici e 42 sintomatici. 37 sono stati individuati dal contact tracing.
#COVID19 https://t.co/zPdb5qzi2a"
2020-12-13 18:56:38+00:00,sitornabene,1338196144917245953,"Questo grafico mostra chiaramente che la seconda ondata di #COVID19 ha colpito l’Italia duramente, quasi come la prima che ci ha colti di sorpresa. E siamo al “liberi tutti” per fatturare a Natale. Non serve un governo per dirci che la passeggiata in Duomo può aspettare https://t.co/c1rr6kbkl9"
2020-12-13 18:59:07+00:00,russotweet,1338196770267033601,Quanti morti vale un giro di shopping? #Merkel #COVID19 #COVIDー19 #Covid_19 #lockdown #Germany #VaccinoAntiCovid #Pzifer
2020-12-13 19:15:43+00:00,N_Tomassetti,1338200948322291716,Veneto regione gialla
2020-12-13 19:16:18+00:00,GuglielminoS,1338201094338584580,"Mi dispiace dirlo, ma se nei prossimi giorni non faremo come la Germania che chiude tutto, accadra’ quello che abbiamo gia’ vissuto in estate: un’ondata spaventosa di contagi da #COVID19 e di morti."
2020-12-13 19:27:07+00:00,spincatia,1338203819264651265,La primula e il vaccino contro il coronavirus - Il Post https://t.co/wHkdcUGK7k
2020-12-13 19:34:27+00:00,asian_bebecita,1338205665475637254,"ma dico perche' non facciamo come la Germania? da mercoledi lockdown.. 

#fannobene
#Germania 
#covid19"
2020-12-13 19:38:22+00:00,pcbassignana,1338206648217833474,@AllertApc @pcbassignana #PCProvAl #Bassignana #social #media #socialmedia #news #DPCM #COVID19 #coronavirus #socialpa Le regole base per il #Piemonte in #zonagialla. Le #FAQ sul sito del Governo #Covid_19 👇 https://t.co/18nJuQpXGk https://t.co/xkm9MFfkwB
2020-12-13 19:40:47+00:00,spincatia,1338207257528578057,"Coronavirus e psicologia, come aiutare bambini e persone sole a gestire lo stress a Natale https://t.co/IodemKLcwV"
2020-12-13 19:40:51+00:00,pietrocristof12,1338207272980385794,“Quando vedete il Coronavirus sappiate che la terra non è la nostra casa” #PowerfulSundayExpo
2020-12-13 19:46:02+00:00,ILSOB1LL4,1338208578692321281,"Vivere ancora di scatti alla risposta e col duplex.
#Natale #telefonia"
2020-12-13 19:54:22+00:00,sayfrak,1338210674414116865,"Sogno un mondo senza Covid-19 
#freedom"
2020-12-13 19:57:56+00:00,maxfound77,1338211572452298755,"@ricpuglisi Stamane passeggiata sulla neve nelle montagne friulane, non Cortina o Curmayeur. Gente ovunque. Abbiamo avuto il Covid-19 un mese fa, quindi non siamo in pericolo e nemmeno lo costituiamo.  La situazione pare (in FVG) sia tutt'altro che rosea.
P.S. non sono fan del lockdown, anzi"
2020-12-13 20:07:50+00:00,leonemaschio,1338214066448441346,Bella gente la coca cola risulta positiva a coronavirus https://t.co/LvOSqlsUof
2020-12-13 20:07:52+00:00,Max_Alle,1338214072089763841,I vaccini non ci sono...#Fontana #Gallera dovete andare a casa!!!
2020-12-13 20:14:37+00:00,nottetwitt,1338215770363400197,"Se in Germania c‘è un morto di covid19 ogni tre minuti, quanti ce ne sono nello stesso lasso temporale in Italia???"
2020-12-13 20:23:02+00:00,NathanDelMare,1338217890294722561,Niente da dire. #Duomo #Milano #Covid_19 #CoronaVirus #assembramenti #coronavirusitalia https://t.co/l0XozIvo2C
2020-12-13 20:24:02+00:00,SimoniLorenza,1338218143249014788,Non che @RegioneER se la passi tanto meglio...😱
2020-12-13 20:27:02+00:00,chiaradinenno,1338218895149240323,"@RobertoBurioni sei la luce in fondo al tunnel.
Rassicuraci con la scienza. 
#CTCF 
#COVID19"
2020-12-13 20:28:07+00:00,stefanodirusso1,1338219168970248193,"Il #pianopandemico poteva salvare anche 500 persone ma serviva, doveva esserci, le indicazioni all'apparato sanitario chi le doveva fate se non il piano pandemico, chi risponderà per questa mancanza, chi dirà alle famiglie che perdono loro cari per #coronavirus che si è sbagliato"
2020-12-13 20:29:02+00:00,fpav,1338219397983375362,Mi viene da piangere!!! 😢😢😢ma quando mandiamo a casa questi incompetenti?????
2020-12-13 20:31:31+00:00,RobertoG_tweet,1338220026411835395,@PatriziaRametta La Germania va in lockdown..... era quella che prendeva ad esempio!!!!
2020-12-13 20:32:05+00:00,pietrocristof12,1338220167189458946,"@DiSantita Il coronavirus sta annunciando alla Chiesa:
➡ La venuta del MESSIA
➡ L’ora di giustizia e ravvedimento per catturare i cuori delle persone
#PowerfulSundayExpo"
2020-12-13 20:34:36+00:00,pietrocristof12,1338220799426256899,"@MattiaCristofa2 @DiSantita IL SIGNORE sta utilizzando il Coronavirus e la piaga delle cavallette per attirare l'attenzione dell'umanità, che EGLI ha zero tolleranza al peccato e per istruire il mondo intero ad allontanarsi dalla malvagità e abbracciare il RAVVEDIMENTO #PowerfulSundayExpo"
2020-12-13 20:39:44+00:00,stefanodirusso1,1338222093398405123,"Ma dico e penso, perché questi tizi non rispondono alle domande, perché non studiate la democrazia liberare cari ""tizi"" rispondete almenno per i 63mila morti per #coronavirus dov'è il #pianopandemico #nonelarena @nonelarena #OMS"
2020-12-13 20:39:55+00:00,fpav,1338222138235494401,"Ascoltate bene “rivolgo un appello alle compagnie telefoniche del settore digitale (?????)”
“ se per Natale e per la vigilia lo renderanno gratuito” (cosa????)#
Va bene non avere i contenuti ma la comunicazione non è che sia top 😬😬😬"
2020-12-13 20:45:17+00:00,carlo54656923,1338223488268722180,Che prendesse il coronavirus e si levasse dai coglioni
2020-12-13 21:14:53+00:00,novedafirenze,1338230937113518084,"Coronavirus, 673 nuovi casi e 34 decessi https://t.co/u7iIhJt58A"
2020-12-13 21:37:20+00:00,RobertoSambuco,1338236586677374979,Spiegato bene ed in poche parole perché dovremmo fare come la #germania per non pagare un caro prezzo tra gennaio e marzo. Invece da noi tana liberi tutti. #COVID19
2020-12-13 21:45:42+00:00,AnnaOcchiolini,1338238694621409283,"@DSantanche @PaneQuotonlus Già che ci sono dovrebbero legarci nei campi di concentramento con un pentolino per una minestra del ""cavolo"". Non si ricordano del 29 che ha fatto fallire il mondo ? Questa sera, su rete 4, hanno ricordato questo governo sostenuto dal coronavirus che nasce nel 2006...E VAI !"
2020-12-13 22:14:57+00:00,CalosiGuido,1338246053171224579,"#Arcuri taci e lavora, cazzo.

https://t.co/WSwK4NH34Q"
2020-12-13 22:17:24+00:00,NathanDelMare,1338246672778997760,Mi sa proprio che tra un paio di settimane l'Italia sarà un'unica #zonarossa. #coronavirus #Covid_19
2020-12-13 22:50:02+00:00,ZenatiDavide,1338254885003792384,"Lockdown alla Merkel dal 16 dicembre? Rimborsi fino a 500mila euro alle imprese: Nel documento concordato tra la cancelliera Angela Merkel e i premier degli Stati federali per inasprire le misure atte a contenere il coronavirus, le nuove restrizioni in… https://t.co/nImlCTyI2z"
2020-12-13 22:58:29+00:00,PrimaiLavorator,1338257011037925380,"E questi tir sarebbero refrigerati a -80°?

Chiedo per un amico della Bofrost."
2020-12-14 00:40:37+00:00,RiccardoLaudad1,1338282712109621251,Un grafico così lo so fare anche io... Che cazzo di roba è.. Ma siamo. Matti?
2020-12-14 00:44:14+00:00,djmisterpiu,1338283624739856384,"Mo che finisce i covid19 vi atrippano di botte tanto nelle folla specialmente in Grandi città ,non li vede nessuno ,si vede solo cade come na pera secca chi di dovere."
2020-12-14 02:14:39+00:00,VilmaBerta17,1338306377077452806,Succede quando ti piantano un seme nel.... #semidelmale #tispuntaunfioreinbocca
2020-12-14 04:31:34+00:00,giancarlofelic1,1338340834333384706,"Covid, governo valuta nuova stretta a Natale e Capodanno con qualche deroga. Arcuri: “Insopportabili assembramenti” https://t.co/KePOe663I5 via @LaStampa"
2020-12-14 05:01:29+00:00,MancusiMmancusi,1338348360223363075,@PoliticaPerJedi @LucaBizzarri Se esistesse il colore ad capocchiam andrebbe utilizzato per la gestione #COVID19 in #Italia ...che disastro...
