Date,User,Tweet_id,Tweet
2020-10-11 05:06:08+00:00,cannedcat,1315156709942472721,"Il coronavirus può sopravvivere sulla pelle circa 9 ore, dice uno studio giapponese"
2020-10-11 05:11:38+00:00,Andreacritico,1315158092427014146,"Coronavirus, l’isolamento domiciliare è una malattia? L’Inps fa chiarezza https://t.co/7672H2gMbW via @LaStampa"
2020-10-11 05:30:25+00:00,gen_napoli,1315162821211164677,"@rtl1025 @DavideGiac In Campania tampone rapido 40€, tampone molecolare 82€. Prezzo imposto dalla regione. Massiccio uso di tamponi rapidi ha fatto impennare curva dei positivi perché essi spesso danno false positività perché ricercano l'antigene comune a tutti i coronavirus."
2020-10-11 05:43:58+00:00,ElisaGusella,1315166229695475712,"Queste le regole, compatibilmente ..."
2020-10-11 05:56:43+00:00,LelikEmanuele,1315169438572961793,"@VaeVictis @LiutoGiusto E poi escono altri studi interessanti (o fuorvianti?) che sostengono che una parte molto significativa di aumento mortalità è stata causata dal mancato accesso alle cure per altre patologie durante la fase più grave del Covid19
https://t.co/sputgw35AR"
2020-10-11 06:25:22+00:00,Marchess86,1315176649588199424,In Italia i nuovi casi di #COVID19 sono stati 5.724 nelle ultime 24 ore e i morti sono stati 29 e il governo pensa di anticipare il varo del nuovo #Dpcm a domani sera con stop al calcetto e somministrazione di alcol fino alle 21 e forse la quarantena ridotta a 10 giorni https://t.co/KJOgwcXfmm
2020-10-11 06:32:50+00:00,Marchess86,1315178526757269505,#KimJongUn mostra i super missili alla parata militare della #coreadelnord a #Pyongyang e smentisce i casi di #COVID19 nel suo paese e intanto nella regione autonoma del #NagornoKarabakh è scattato il cessate il fuoco ma rimangono le tensioni tra #Armenia e #Azerbaigian https://t.co/vTNCchXJz6
2020-10-11 06:43:11+00:00,pcbassignana,1315181131394842624,"@AllertApc #Buongiorno #Piemonte #protezionecivile @pcbassignana #PCProvAL #Bassignana #social #media #socialmedia #prevenzione #coronavirus Finalmente sono arrivati i nuovi gusti, Lampone e Menta...😷
Lavati spesso le mani ed usa l'#igienizzante #COVID19 https://t.co/d8ejaeeuXs"
2020-10-11 06:44:49+00:00,RcCamera,1315181543665602560,"Rompono i coglioni a Salvini e poi fanno lo stesso.... 
@MediasetTgcom24 @SkyTG24 
#lockdown #11ottobre #coronavirus #COVID19italia https://t.co/GFG9sqUW5h"
2020-10-11 06:59:52+00:00,aramini_maria,1315185330996367362,"In nome di una pandemia ci mettono tutti in galera usano la paura per attuare la Dittatura. Preferiscon@ ammalarmi de Coronavirus che per la privazione della Libertà. Sbaglio? Può essere ma nessuno mi farà cambiare idea,"
2020-10-11 07:02:47+00:00,MartaCortinovis,1315186065423110144,"@massimo_porro @GiusiFasano @franco_sala Comunque con 'sta balla delle autopsie...
Consiglio la lettura di questo articolo
https://t.co/qSajL7Njp7"
2020-10-11 07:04:39+00:00,manuelaprofeta,1315186535696920577,"METTETEVI QUELLA CAZZO DI MASCHERINA!!!
#coronavirus 
#11ottobre"
2020-10-11 07:04:55+00:00,vimawa44,1315186600410841088,Perché siamo accoglioni!!!
2020-10-11 07:16:00+00:00,MIF_76,1315189391493652482,"Ecce virus. Il virologo Fabrizio Pregliasco su @ilmessaggeroit ammette: se il trend rimane questo, possibili chiusure tra regioni. #coronavirus #NoMask #notrip"
2020-10-11 07:16:49+00:00,vimawa44,1315189595869515781,"Solo una curiosità, perché una signora ansiana? E no magari un ragazzone di trenta anni magari?"
2020-10-11 07:20:44+00:00,Giuseppe_Galli,1315190581690335232,"#Covid19 #Deaths
1.064.038 deceduti nel mondo 🌍
     36.111  deceduti in Italia 🇮🇹 https://t.co/37tnow7T7S"
2020-10-11 07:24:09+00:00,marco171292,1315191443061903363,"TWEET INVECCHIATO BENE, 30000 CONTAGIATI AL GIORNO."
2020-10-11 07:26:43+00:00,Defcon1979,1315192086874992642,"Certo, solo che quest'anno non è il caso di creare situazioni di rischio e far andare in ospedale gente. Siamo in piena pandemia e gli ospedali vanno evitati
Questa è la differenza, non che la gente non sa veleggiare
#Barcolana #Barcolana52 #COVID19"
2020-10-11 07:31:01+00:00,Defcon1979,1315193169080995840,"#2020worstyear 
#Barcolana annullata causa meteo non si era ancora mai vista... Ma è giusto tenere gli ospedali vuoti in periodo #COVID19 https://t.co/WCA41lU00M"
2020-10-11 07:57:33+00:00,AlliataAnna,1315199847847407616,Quando sento parlare Di Maio mi cadono le braccia e mi sento l’orticaria addosso @AlbertoLetizia
2020-10-11 07:57:55+00:00,ArchRatti,1315199937550843908,"Abbiamo raggiunto il colmo!#cantiereedile #direzionelavori #progettazione #Covid19 #struttureinacciaio #Steel @ Carrara, Italy https://t.co/Zce21VUi59"
2020-10-11 08:09:41+00:00,vascopirri,1315202901501980672,"Mi pare di capire che per il calcetto se ne riparla ad aprile, maggio.
#COVID19"
2020-10-11 08:13:27+00:00,MarzioCpi,1315203848441655298,"Raccontare la realtà corredata con la prova incontrovertibile dei dati, non significa negare il #coronavirus, ma che si vuole tornare ad una normalità, e che invece ai servi ipocondriaci della #DittaturaSanitaria fa comodo una crisi economica peggiore di questa che stiamo vivendo https://t.co/Q0LFm9zqpR"
2020-10-11 08:18:46+00:00,palleggetti,1315205185925451776,"La ""truffa"" finirà quando scadrà il contratto bisConte/Elkann per la fornitura delle mascherine ??
Chissà!!"
2020-10-11 08:26:31+00:00,lauracio,1315207135945461760,"@d9vid9 @dalsenfuggito @arscomunicandi @myrtamerlino Come sai che questo virus uccide? COME SAI CHE QUESTO VIRUS UCCIDE? Dai che a Comedy Central cercano gente... come fa a contagiarti? Per via aerea. Perché ruba il posto? Perché i posti sono limitati, capisci? Se ci stanno 11 posti e 11 polmoniti da COVID19 l’infartuato dove va?"
2020-10-11 08:31:27+00:00,cristianbruschi,1315208379816648704,Complimenti a noi italiani 🇮🇹 #lockdown #Italia #coronavirus #Conte https://t.co/gEZjSsXhwo
2020-10-11 08:44:01+00:00,e_didone,1315211539121688577,"Coronavirus, contagi e ricoveri in aumento. Organizzare per tempo strutture alternative - ospedali da campo, alberghi attrezzati, altro - per “isolare” i malati dimessi dagli ospedali, dopo la fase critica, che sono ancora positivi al tampone e non possono ritornare in famiglia."
2020-10-11 08:52:01+00:00,Mediagol,1315213554715222016,"#HellasVerona, nuovo caso di #Coronavirus in #SerieA: comunicata la positività di Günter https://t.co/R6s3U0REat"
2020-10-11 08:56:06+00:00,LelikEmanuele,1315214583565615104,"@reqvenge2020 @OverlookHotel71 @the_best_one_on @belarusboy @MoonLuchy @AdryWebber @Morrisqan @MeryQ12 Questa informazione da dove arriva? A me pare farlocca. I dati pubblici dell'ISS mostrano che nelle regioni del nord con più vittime per Covid19 la % di persone vaccinate con l'antinfluenzale era molto bassa, a differenza per esempio del sud Italia."
2020-10-11 09:03:39+00:00,AlexBazzaro,1315216483044163584,"Fuori, più mascherine per paura di possibili multe che per paura del virus. #coronavirus #COVID19 #mascherine"
2020-10-11 09:07:54+00:00,AntoninoArconte,1315217553359360003,"@marcogregorett1 Marco ho ricevuto una notizia incredibile sul coronavirus e la truffa che ci sarebbe dietro. Te la allego, puoi dirmi se sono fake news?"
2020-10-11 09:17:46+00:00,JOEtb57,1315220035623944198,"«Coronavirus, la mascherina può far diminuire i contagi ma attenzione a tempo di esposizione e carica virale» https://t.co/OLwBbe55kF"
2020-10-11 09:21:54+00:00,unoenessunoe,1315221073168936963,"Un altro effetto negativo del #coronavirus, le operazioni e i controlli rinviati perché chirurghi e anestesisti erano impegnati nei reparti #Covid @Virdiesse https://t.co/Ggu4YsrDPM"
2020-10-11 09:23:26+00:00,Loretta88197243,1315221461699878913,"ALLA FACCIA DEL...GOMBLOTTO!🙄😡 Coronavirus, esplodono i casi in Francia: sono quasi 27mila in più. In Europa record di 100mila infezioni nelle ultime 24 ore - Il Fatto Quotidiano https://t.co/jGOe3TCx6T"
2020-10-11 09:34:55+00:00,SergioPandolfi2,1315224352380444677,"Con una notevole dose di ipocrisia e di malafede #DiMaio chiede che l'Europa faccia presto a erogare i fondi del #RecoveryFund, cioè del #nextgenerationeu, per contrastare l'emergenza #coronavirus. Qualcuno gli spieghi che per l'emergenza sanitaria c'è il #MES. Senza vergogna!"
2020-10-11 09:44:20+00:00,marielSiviglia,1315226722007093249,"Fermo restando che il covid19 allo stato attuale è innocuo soggetti con un #sistema #immunitario nella norma.
Cordiali saluti al suo. @myrtamerlino"
2020-10-11 09:47:18+00:00,marielSiviglia,1315227467074990083,"Premesso che 
covid19 allo stato attuale è innocuo su soggetti con un sistema immunitario nella norma, cordiali saluti al sistema immunitario di chi lo ha ridotto come un colabrodo, accusando di negazionismo chi rifiuta di suicidarsi con mascherine dannose alla salute e ambiente."
2020-10-11 09:47:34+00:00,gioganci,1315227535161131008,Il governatore della Florida ha dato il via libera alla riapertura degli stadi a piena capienza...
2020-10-11 09:48:26+00:00,Figliomeni_FdI,1315227750643445760,"Su @tempoweb la mia denuncia riguardo i contagi #Covid19 in alcune scuole di #Roma  vogliamo da @virginiaraggi e @nzingaretti misure adeguate per evitare il propagarsi del contagio e maggiori protezioni per insegnanti, operatori scolastici e alunni. @FratellidItalia @VContivalcon https://t.co/36bgwHg6XE"
2020-10-11 09:52:31+00:00,marielSiviglia,1315228778403115010,"Non ci provate a paragonare no mask a no vax. 
1 : non esistono evidenze scientifiche sulla loro efficacia per fermare virus. 
2: ho ritirato un referto presso un laboratorio di microcrobiologia che non lascia spazio ai dubbi: sono un regalo formidabile al covid19."
2020-10-11 10:00:18+00:00,FrancescoCio81,1315230739286417409,Ne resterà soltanto uno
2020-10-11 10:04:10+00:00,pananost,1315231711110721539,Altro che movida provare Esselunga stamattina pazzesco distanziamento zero entrata libera a fiumi #COVID__19 #coronavirus #11ottobre #facciamorete
2020-10-11 10:09:35+00:00,BenedettoMario,1315233072862748673,Agghiacciante #COVID19 #negazionisti
2020-10-11 10:09:50+00:00,jeschiralli,1315233138293972993,Giochiamo noi del Twitter
2020-10-11 10:11:59+00:00,CAMARDELLAGio,1315233680571260929,"Anche #young positivo, sono 5 per l'inter.
Qualche dubbio viene 😏"
2020-10-11 10:13:50+00:00,Ilariamiarellim,1315234142347358208,La resilienza è la chiave. Messaggi positivi
2020-10-11 10:15:38+00:00,DavideFm1899,1315234598670876672,"E sono 6...
Il #DerbyDellaMadonnina lo vedo male..."
2020-10-11 10:16:54+00:00,Rosy87234986,1315234917060501505,"@francescatotolo @Efisio31251859 Già, e ricordiamo anche che la Prof CAPUA è fra quanti hanno minimizzato all'inizio la pandemia, come sindrome similinfluenzale.
Indimenticabile la GISMONDO:
il 26-2 diceva che di lì a 7gg si sarebbe fatta un ciondolo con il coronavirus😲
poi abbiamo visto le bare sui camion😪"
2020-10-11 10:22:46+00:00,MarzioCpi,1315236391006081024,"D'altronde cosa aspettarsi dal  giornale del #PD che diffonde #FakeNews un giorno si, e l'altro pure... Ormai non lo distinguo più con Lercio."
2020-10-11 10:23:02+00:00,Mediagol,1315236460660891648,"#Inter, anche #Young positivo al #Coronavirus: il comunicato del club https://t.co/g6zgEErc46"
2020-10-11 10:23:03+00:00,quotidianodirg,1315236461839486976,"Coronavirus, Lamorgese: Ora serve responsabilità da parte di tutti https://t.co/XRe5nYs6w4 @quotidianodirg #news #notizie https://t.co/Sirop8fiBr"
2020-10-11 10:26:20+00:00,GianlucaDeFeo,1315237288566169601,"Tutto regolare alla Casa Bianca 🦸🏼

https://t.co/ztBjj35HNF https://t.co/bhyPYyhA1E"
2020-10-11 10:26:52+00:00,DuilioFilomeni,1315237423647916034,"Coronavirus, il Governo accelera: la stretta potrebbe arrivare molto prima https://t.co/YKpIKtrbiY"
2020-10-11 10:32:31+00:00,Supergeoaquila,1315238848004268032,Il problema sarebbero gli sport amatoriali? Quando gli autobus con gli studenti sono stipati all’inverosimile? #lockdown #coronavirus
2020-10-11 10:33:21+00:00,DuilioFilomeni,1315239055349542913,"Coronavirus, 5.724 nuovi contagi in Italia su oltre 133mila tamponi https://t.co/lvJHxBmqzP"
2020-10-11 10:39:45+00:00,pinuzzedd26,1315240667728154624,#Bastoni #Skriniar #Gagliardini #Radu #Nainggolan #Young dovrebbero rappresentare la misura di un protocollo mal seguito e di qualcosa che non funziona. I provvedimenti vanno presi ora e non prima del calcio di inizio di una partita. #COVID19 #COVID19italia
2020-10-11 10:42:24+00:00,Biancarosabesso,1315241332802310148,"Questo ""regime"" porta iella..ormai è assodato...🌶🌶🌶🌶🌶🌶🤘🏿🤘🏿🤘🏿🤘🏿🤘🏿🤘🏿🤘🏿🤘🏿🤘🏿🤘🏿🤞🤞🤞🤞🤞🤞"
2020-10-11 10:42:59+00:00,DGiuly,1315241479330304000,"Se è così, solo a me pare come sempre una cosa pasticciata, un po’ barocca, all’italiana (duole solamente scriverlo ma è così)?
@zaiapresidente @GiuseppeConteIT @PTridico @robersperanza @RobertoBurioni @RobiVil @Cartabellotta 
 https://t.co/sN62VYih4i"
2020-10-11 10:43:02+00:00,Mediagol,1315241494156988422,"#Calcio e #Coronavirus, #Guerra (#Oms): “Protocollo da aggiornare, ecco cosa proporremo” https://t.co/8HTGeLXLh9"
2020-10-11 10:43:03+00:00,MarcoXVII,1315241495218225152,Praticamente tutti quelli che non sono partiti con la nazionale sono stati contagiati
2020-10-11 10:46:43+00:00,lorenzo_bosi,1315242419055742976,Addirittura fanno andare in #Sicilia le #ambulanze dalla #Cina. Guardate le scritte 🤣 ma #CiLibereremo mai da questo tipo di informazione?
2020-10-11 10:47:32+00:00,melissa6412,1315242626325635072,"La regole sono solo per noi,loro possono noi no!!"
2020-10-11 10:50:37+00:00,MarianoNuzzo,1315243400497631234,"@VincenzoDeLuca  #Campania #COVID19 41esimoparallelo: Troppi contagi, scatta la nuova ordinanza in Campania: proclamata ""zona arancione"", chiusi negozi e scuole.
https://t.co/2Rm7J7vu1b"
2020-10-11 11:11:21+00:00,IlVantodiMilano,1315248619566424064,"Ma calcetto inteso anche il campionato o soltanto fra ""amici""!?"
2020-10-11 11:15:46+00:00,MARIOOl17011350,1315249728855199746,"Fermati solo gli sport amatoriali, perché quelli professionisti sono immuni dal coronavirus, altrimenti le multinazionali con i vari sponsor devono andare in quarantena con riduzioni a loro dire dei lauti profitti Economici. Ecco come gira il mondo."
2020-10-11 11:18:31+00:00,AnnaRagosta,1315250423570329605,"C’è un positivo a scuola,tutta la media è in DAD. AST prescrive isolamento,e io lo attuo x mio figlio(potrebbe essere asintomatico,anche no,ma  lo sapró dopo). Io Sn la paranoica e gli altri i bravi,ok, ma mio figlio è a casa e gli altri in giro.KTM. Figli saranno peggio di noi🥺"
2020-10-11 11:23:55+00:00,gNellerba,1315251781094563840,Era l’ora!
2020-10-11 11:33:19+00:00,Antonel36628575,1315254144995819520,@sciarpuccio @fferrant @GuidoCrosetto Ah si? E si vede che all’OMS li assumono con la 3^ elementare. Ora gli mando una pec segnalando urgentemente che su Twitter c’è un/a Sciarpuccio che sa tutto sul covid19 e dovrebbero assumerti subito perché i loro studi sono carta straccia ... mi metto al lavoro
2020-10-11 11:40:00+00:00,Bett_Calcaterra,1315255830053302272,"#Calcetto al #COVID è già stato detto?

#COVID__19 #coronavirus"
2020-10-11 11:49:51+00:00,beppeferri9649,1315258307133702144,"Sto vedendo la tappa del #GirodItalia.
Se il #virus fosse nell'aria tutti i concorrenti avrebbero contratto il #covid19.
Ma così non sembra che sia."
2020-10-11 11:51:51+00:00,Am_Parente,1315258812962672640,"La salute e la sicurezza sul lavoro sono una priorità per il futuro del nostro Paese e per le nuove generazioni,in un momento storico in cui l’incertezza e la preoccupazione per il futuro,sono diventate una costante soprattutto a fronte dell’epidemia legata al Coronavirus. #anmil"
2020-10-11 11:55:00+00:00,piac_med,1315259602141949952,La mia amata Buenos Aires ...L'enorme baraccopoli alla periferia di #BuenosAires - Il Post https://t.co/nlsofYV5d7
2020-10-11 12:19:42+00:00,CatanzaroAngelo,1315265817974657025,"il COVID-19 ha stravolta la nostra vita. Fino a pochi mesi fa, non avremmo mai pensare di limitare la nostra libertà, per proteggerci da un maledetto virus.
Riusciremo a vincere anche questa battaglia, poi potremmo tornare ad abbracciarci. https://t.co/MAYQYU6UeZ"
2020-10-11 12:23:51+00:00,dfrancolino6,1315266863321014272,@antonio_bordin @metaanto @LucaSucci @ElenaInvernizzi @CesareOrtis @scenarieconomic @fuoridallaue @AndFranchini @valy_s Invece di dotare tutti gli italiani che non lo avevano di Wi-Fi per consentire la didattica a distanza o comunque aiutare le famiglie italiane mantenendo il distanziamento sociale. Se il #coronavirus aumenta e non c’è il #vaccino perché ostinarsi a riaprire tutto ? Vergogna !
2020-10-11 12:29:17+00:00,killermedia,1315268231611977729,"10 persone in 1 ora?!
Il Complesso dei Girolamini a #Napoli, Museo e Biblioteca, funziona più come parcheggio privato per dipendenti pubblici che per il “pubblico”!
Cultura NEGATA! #GiornataDellaCarta
In #Italia, prima di lottare x #COVID19 serve farlo x la #cattivaPA https://t.co/3MHn4D2T74"
2020-10-11 12:38:58+00:00,Miceli11Zaira,1315270668460621824,@Giampistyle Tutti possono mangiare senza mascherina e tutti hanno il diritto di gareggiare. Il fatto che lo sport sia qualcosa di più sano del coronavirus forse è sfuggito a tanti come te come quelli che han criticato il triathlon a Egazia. Gli organizzatori si son fatti un mazzo così
2020-10-11 12:43:37+00:00,Luihi9,1315271838818328577,"Come si fa a bere o mangiare con la mascherina, fanno dei corsi?"
2020-10-11 12:47:41+00:00,Mauro_Cattaneo_,1315272860957585409,"""Non temete il virus..."""
2020-10-11 12:55:53+00:00,italia_pro,1315274925901516800,Citare almeno tre pandemie che hanno interessato l Italia dal dopoguerra ad oggi
2020-10-11 12:57:31+00:00,giovannidalloli,1315275337526390784,"""COME SI STA A WUHAN OGGI? VIAGGIO NELLA CITTÀ DA CUI È PARTITO IL CORONAVIRUS: CONTAGI ZERO"" da @ilpost https://t.co/yaKFEmqmB2"
2020-10-11 13:07:04+00:00,SErrico77,1315277738866102276,"#mezzorainpiu di stupidaggini dette da #Dimaio .
Ha proprio la faccia come il culo, ora dice che è fiero dell'alleanza col #pd .
#11ottobre 
#StaseraItalia #statodiemergenza #coronavirus #COVID #NonelArena #Salvini"
2020-10-11 13:08:54+00:00,mauricetti,1315278201745281030,"@MilanNewsit 😷si, il coronavirus è interista😷"
2020-10-11 13:10:33+00:00,quotidianodirg,1315278616989589504,"Coronavirus, Premier Conte: Le forze politiche lavorino insieme https://t.co/hMJCWGt3it @quotidianodirg #news #notizie https://t.co/QY5y2lxJaf"
2020-10-11 13:31:11+00:00,RcCamera,1315283810871922688,"@paoloroversi Ma che cazzo scrivi, coglione? Sono metodi che usavano i nazisti prima e la polizia comunista del blocco sovietico dopo. 
Siamo in uno stato di diritto,  ricordatelo testa di cazzo .
#lockdown #iononrischio2020 #11ottobre #coronavirus"
2020-10-11 13:40:16+00:00,VonCaste,1315286095001792512,"La #Francia ha un tasso di positività all’11%, in #UK contagi triplicati in due settimane. Nello stesso arco di tempo, l’#India ha registrato un milione di nuovi casi

🌎Su @SkyTG24 un aggiornamento sulla #pandemia di #coronavirus nel mondo https://t.co/g4VaNSZuED"
2020-10-11 13:57:23+00:00,JoesNews_,1315290402690342912,"Solos

#venecia #venice #italia #italy #piazzasanmarco #covid_19 #coronavirus #2020 #joeduran #shotoniphone11promax @ Piazza San Marco Venezia https://t.co/TNzpy1BxqY"
2020-10-11 13:59:58+00:00,angianna78,1315291054539714561,"@juventibus @willy_signori ""Quando si parla di Coronavirus il CTS è lo Stato"" (potere conferito da D.L.)
Peccato che nella gerarchia delle fonti, le attribuzioni a Regioni, province, delle competenze siano conferite direttamente dal titolo V della costituzione.
Chissà quale sarà la fonte superiore?🧐"
2020-10-11 14:02:14+00:00,Luihi9,1315291623245271040,"Usura, perché  il governo che fa"
2020-10-11 14:03:35+00:00,IoNonFaccioNien,1315291963931983873,Ricominciamo con la giurisprudenza delle circolari
2020-10-11 14:05:51+00:00,CardelliAc,1315292533275136000,Esatto
2020-10-11 14:22:54+00:00,terry50mm,1315296822781501440,"Neanche a me,mi sembra una trappola."
2020-10-11 14:26:42+00:00,forzadraghi,1315297779007262722,"@GuidoCrosetto @azangrillo Un medico bravo non si espone con dichiarazioni che dopo qualche mese smentisce dicendo che si è sbagliato a dire che il coronavirus era morto , da più l'impressione di uno che  presume di dire ciò che vuole perché si ritiene al di sopra degli altri solo tanta albagia"
2020-10-11 14:29:44+00:00,todorov_denis,1315298545394692096,Roba da matti...🤦‍♂️
2020-10-11 14:30:08+00:00,Silvanella8,1315298646129246208,https://t.co/YljogG1MBz.     Che delusione Montesano. Rifletti bene prima di dire cavolate. Hai perso un sacco di simpatizzanti.😏
2020-10-11 14:43:16+00:00,to133,1315301949688999941,Mettetela in carcere.
2020-10-11 14:47:52+00:00,todorov_denis,1315303106301833217,Scommetto che quelli che inventano queste assurdità non hanno mai fatto neanche una corsetta di 10 metri altrimenti non si spiega.
2020-10-11 14:50:41+00:00,IlGiacobino,1315303816619847681,La vita ai tempi del #coronavirus @ Porto di Anzio https://t.co/measPn2Ztj
2020-10-11 14:57:28+00:00,lattuga99,1315305524750168065,"Bollettino di oggi:
Casi attuali: 79.075 (+4.246)
Deceduti: 36.166 (+26)
Guariti: 239.709 (+1.184)
Totale casi: 354.950 (+5.456)
#coronavirus #COVID__19 #COVID19italia #COVIDー19 #COVID #Covid_19 #coronavirusitalIa #coronavirusitalia"
2020-10-11 15:07:33+00:00,franzrusso,1315308059376443394,"Ricominciamo adesso con l'emanazione di regole assurde per contrastare il #COVID19. Ma davvero c'è qualcuno che pensa che si possa correre con la mascherina? Tanto vale vietarla da subito. Voi che ne pensate? 

https://t.co/fw9naWQVWC"
2020-10-11 15:13:04+00:00,faberskj,1315309450799046658,"Ok, ci risiamo."
2020-10-11 15:25:13+00:00,cannedcat,1315312505921695744,"Coronavirus: il governo spinge sullo smart working, lavoro da casa al 70%

Obiettivo: ridurre gli spostamenti e i conseguenti rischi di contagio"
2020-10-11 15:37:59+00:00,pcbassignana,1315315719538696193,"@AllertApc #protezionecivile @pcbassignana #PCProvAL #social #media Come cambia il piano comunale di #protezionecivile con l'emergenza #COVID19?
⛺️Come cambieranno le aree di ammassamento per rispettare il #distanziamento?
#iononrischio2020 #prociv
#Anpas https://t.co/o7kLRyPwm1"
2020-10-11 15:46:22+00:00,ValerioCuppari,1315317830099693568,"La raccolta di un bene primario essenziale eccezionale. Io lo chiamo Oro
#MapOfTheSoulOne_D2 #iononrischio2020 #oro #mezzorainpiu #11ottobre #BuonaDomenica #GWE20 #coronavirus #Dimaio #Formula1 #rolandgarros2020 #Giro103 #olivo #valeriocuppari #Belarus #NagornoKarabakh #calcetto https://t.co/mmxvQtDikR"
2020-10-11 16:03:07+00:00,ProvinciadiRE,1315322042393255939,"🔴#Coronavirus La giornata a Reggio

• 0 decessi (tot. 597)
• 37 nuovi casi (tot. 6.062) di cui 30 sintomatici
tutti in isolamento a casa (tot. 635)
• 47 ricoverati in ospedale/albergoCovid (+2)
• 1 ricoverato in intensiva (=)
• 4.857 guariti con doppio tampone neg.vo (+10)"
2020-10-11 16:06:38+00:00,to133,1315322928905494530,Fuori di testa!
2020-10-11 16:09:30+00:00,AntennaGambero,1315323651059785729,"#SaraCunial: ""più facile morire per un #asteroide che per #COVID19"".
Saretta, amore, ti colga pure l'asteroide: per il #benecomune, concetto a te ignoto, possa tu pigliare una di quelle botte non da ucciderti, ma da costringerti ad allacciartelo sotto il c*lo, quel casco!
#NoMask https://t.co/p2clVJzeiK"
2020-10-11 16:12:05+00:00,Loretta88197243,1315324302720405506,Sottoscrivo!👍👍
2020-10-11 16:13:36+00:00,_vinz95,1315324682523025411,"Si discute della mascherina obbligatoria mentre si corre, ma la situazione sui treni e sulle metro è questa e in alcuni casi anche peggio

#coronavirus #lockdown https://t.co/Wjr9uMbYUV"
2020-10-11 16:15:57+00:00,karimtoncelli,1315325273856978945,La crisi dell'ordine mondiale dopo il coronavirus 25.06.2020 https://t.co/A459XGf7Tc via @YouTube
2020-10-11 16:16:34+00:00,annamandelliyr,1315325429285351431,"Così, forse .....la smettono di prenderci per i fondelli !
(sono stata gentile ) 😊
#11ottobre #coronavirus #lockdown #Italia #Twitter #twitta #friends https://t.co/apuvGHbAPE"
2020-10-11 16:19:21+00:00,fuoripostoluogo,1315326129272692736,"""Così non va bene"" quale sorta di eufemismo nasconde?"
2020-10-11 16:22:05+00:00,DuilioFilomeni,1315326818652745730,"Coronavirus oggi, bollettino 11 ottobre. Nuovo record di positivi nelle Marche https://t.co/h3P3Uu5wSm"
2020-10-11 16:22:57+00:00,AntennaGambero,1315327033963089920,"#NoMask #webeti socialmente pericolosi. ""Il #COVID19 non esiste"" e ti tossiscono addosso augurandoti la morte.
Un po' come i terrapiattisti che, carichi di entusiasmo, dichiarano di essere sparsi in tutto il globo. 😠
#Solidarietà a #SaverioTommasi. 💖
https://t.co/ZsTX2nvHUO"
2020-10-11 16:27:05+00:00,SindacoCampagna,1315328074049822722,"Un contributo sull’uso della #mascherina #Coronavirus, come e quando utilizzare mascherina e guanti (Ilaria Capua) https://t.co/Iyx2QqJVGf"
2020-10-11 16:28:34+00:00,Valentineladiva,1315328450270502913,#Covid19 #Dpcm  questa storia delle mascherine obbligatorie durante  attività motoria magari pure in solitaria è una gran cazzata ! ! ! Una vergogna accettare  certe imposizioni ! Incapaci !!!
2020-10-11 16:30:12+00:00,Giulian21091523,1315328860184076288,Una dose quando arriva fattela al cervello.
2020-10-11 16:36:17+00:00,PivaEdoardo,1315330390836609029,"mi fa pena
povero vecchio rincitrullito Il Tempo: Ecco perché attaccano Enrico Montesano.
https://t.co/2wYlGcDuaD

tramite @GoogleNews"
2020-10-11 16:36:51+00:00,rosydandrea1,1315330534135009281,"@PolAlberto @leonemaschio Tutti zitti ai TG
Ci facevano vedere solo quando cascavano per terra per il covid19"
2020-10-11 16:36:51+00:00,PivaEdoardo,1315330534743199752,"TGCom24 - Mediaset Play: Coronavirus, in Italia 5.456 nuovi casi nelle ultime 24 ore e 26 morti.
https://t.co/ZiPxWMIXQw

tramite @GoogleNews"
2020-10-11 16:50:33+00:00,Mediagol,1315333979667525633,"#Coronavirus Sicilia, il bollettino dell’11 ottobre 2020: 297 i nuovi contagi, la situazione a #Palermo https://t.co/ASK3FjHItZ"
2020-10-11 16:55:57+00:00,MarcoAlici,1315335341793050627,"Il #COVID19, pur non esistendo, ha colpito il sindaco di Fermo. Che non si sta affatto divertendo. #Daje
  https://t.co/cJdVBsyZ0K @cronachefermane"
2020-10-11 16:59:48+00:00,OrazioZoccolan,1315336307988627461,Tra 15 giorni sarà il nostro scenario
2020-10-11 17:02:14+00:00,Artlandis,1315336919895678978,"Complimentoni anche agli amici della signora (stessa pasta) che se la son presa con gli operatori sanitari.

#Covid o non #COVID__19 stiamo dimostrando l’inadeguatezza sociale radicata in tutta la nazione: totale  disprezzo e noncuranza delle regole e del rispetto degli altri."
2020-10-11 17:15:14+00:00,apulderico,1315340192329457664,"Il modello di lotta al #COVID19, giustamente imposto, fa però acqua da tutte le parti. Si chiedono misure di protezione al contagio senza mettere risorse là dove lo stato dovrebbe fare la sua parte. Ambienti di lavoro e trasporto. Fare leggi non basta, ci vuole uguaglianza."
2020-10-11 17:18:24+00:00,PaoloLuraschi,1315340989263880192,"....classico esempio di chiarezza comunicativa istituzionale/media.
Io faccio footing in solitaria  indossando la mascherina all' approssimarmi potenziali rischi affollamento,quindi sono come sempre 100% compliance. https://t.co/JvcbFZoLPS"
2020-10-11 17:21:03+00:00,ClaudioMori7,1315341658599325702,Covicogliona.
2020-10-11 17:26:09+00:00,danielemerqurio,1315342939036569600,Dirò ai miei figli che lui fu il medico che salvò l’Italia dal coronavirus
2020-10-11 17:30:33+00:00,MattiaCristofa2,1315344045556760576,"#SundayPowerfulWord
Ascoltiamo il Profeta del Signore alla quale ha profetizzato il Coronavirus...
Sintonizziamoci su @DiSantita https://t.co/lu0fxyas3s"
2020-10-11 17:34:25+00:00,pvsassone,1315345020304662530,Ma #Bassetti non aveva detto che aveva azzerato la mortalità del #COVID__19 al #SanMartino? #chiedoperunamico #liguria
2020-10-11 17:40:43+00:00,arsenico,1315346606988890119,"Coronavirus, aumento dei casi in 24 ore: 212 positivi in Puglia, 7 in provincia di Lecce https://t.co/9GYdVeLa4Q"
2020-10-11 17:44:26+00:00,Elutari,1315347542234759168,"Ma il concetto che abbiamo avuto mesi per prepararci: per avere test rapidi, zero giorni di attesa per i risultati, piú posti in terapia intensiva. Per organizzarci. E invece chiudiamo i ristoranti alle 22. 
#maiunagioia"
2020-10-11 17:45:07+00:00,andreghezzi82,1315347714817904640,ma zio pera sei anche una persona intelligente. ma come fai a fare una stagione intera nella bolla? se l'NBA avesse dovuto giocare 82 partite ad Orlando non si sarebbe nemmeno iniziato. Basta con sta roba dell'Nba brava bella e buona perché non è cosi
2020-10-11 17:53:31+00:00,PrimaiLavorator,1315349826104684545,"In Sicilia hanno le ambulanze con le scritte in cinese.

Che informazione penosa!

E i #covidioti abboccano.

#covid"
2020-10-11 17:53:34+00:00,Federicafan94,1315349841879486464,@DiSantita “Quando vedete il Coronavirus sappiate che la terra non è la nostra casa” #SundayPowerfulWord
2020-10-11 17:58:39+00:00,RcCamera,1315351120580153345,"Foto-bufala già usata mesi fa.
VERGOGNATEVI!!!"
2020-10-11 18:03:55+00:00,68Ocram,1315352446626156545,"Oggi, come ho fatto ieri e come farò nei prossimi giorni, chiedo a @GiuseppeConteIT e a @robersperanza : come aiuterete le #coppieinternazionali bloccate dall'emergenza #coronavirus ? 

Grazie
@ItalyMFA @LINT_IT 
#LoveIsEssential"
2020-10-11 18:14:32+00:00,fabrizio_cappi,1315355115994447878,"@DiSantita Il coronavirus sta annunciando alla Chiesa:
➡ La venuta del MESSIA
➡ L’ora di giustizia e ravvedimento per catturare i cuori delle persone #SundayPowerfulWord"
2020-10-11 18:17:02+00:00,quotidianodirg,1315355747274772480,"Coronavirus, 285 positivi in Sicilia: 10 Ragusa,79 Palermo, 70 Catania https://t.co/OIEnC8Kyme @quotidianodirg #news #notizie https://t.co/SqwCnaIKa5"
2020-10-11 18:21:36+00:00,DuilioFilomeni,1315356895109165061,"Coronavirus, il fisico Giorgio Sestili: ""Tra 10 giorni positivi triplicati e ricoveri decuplicati"". Tutto porta a... https://t.co/VCRAYLvnMF"
2020-10-11 18:25:55+00:00,antoniobi63,1315357979617767432,Una vergogna inaudita....il problema caro Alessandro è che non siete in grado di fermare questo schifo...
2020-10-11 18:45:59+00:00,giovycut,1315363029987590149,A ke cazzo serve #immuni??? Chi me lo spiega...? #covid #coronavirus https://t.co/pCN9mT7WG8
2020-10-11 18:54:32+00:00,VitoeCarmelaPis,1315365183007731713,"@pbecchi Chiunque ha il diritto di crepare liberamente, purché non danneggi gli altri! E per cortesia, uomini che amate la libertà, non chiamate il pronto soccorso a causa del covid19 così lasciate liberi i posti in ospedale a quelli che non amano la libertà!"
2020-10-11 18:59:41+00:00,pcbassignana,1315366480616226817,"@AllertApc #Piemonte #social #media #socialmedia #iononrischio2020
@pcbassignana #PCProvAL #protezionecivile 🎥 Come sono cambiate le richieste della popolazione vulnerabile?
https://t.co/6iI9BA2BaH
#coronavirus #COVID19 #disabilità @PsipopoliFed @AbiliProteggere @PsiPopoliPiemo https://t.co/1I6fblqBob"
2020-10-11 19:09:19+00:00,SofiaGinanni,1315368902327767041,"@repubblica Trump ha inscenato, il Contagio del Covid-19 e Resurrezione ... visto che Lui e Bannon sono il Capo dei Negazionisti... ora sono Io Che Dico : Non CREDO AVESSE  IL Covid-19, È stato un Colpo di Teatro 🎭 per attirare riflettori su di se ed Oscurare L’Opposizione"
2020-10-11 19:10:12+00:00,LitteramAnte,1315369126383280130,"«Io se fossi in te, leggerei qualche libro di medicina, così impari un po' di salute pubblica.»

Il viceministro Sileri è fantastico ✈#nonèlarena #COVID19"
2020-10-11 19:10:29+00:00,mikzanellini,1315369194637193217,#NoMask #iononrischio2020 #NonelArena #coronavirus che problemi ha il sommo filosofo Fusaro?
2020-10-11 19:16:29+00:00,Antonio80155302,1315370707983966208,Ma questo da dove lo hanno tirato fuori? Qualcuno chiami l'igiene mentale..😳
2020-10-11 19:19:36+00:00,SofiaGinanni,1315371492432019457,@chetempochefa @fabfazio Trump :ammalato di Covid-19 e RISORTO ? Troppa Grazia SANT’ANTONIO ! Trump e Bannon sono i demagoghi che Tirano per i Fili 🧵 i Negazionisti del 🌎 Mondo🌏 trump NON ha avuto il Covid e poi È Risorto : È Stato un colpo di TEATRO 🎭 per Attirare i Riflettori Su di Se /
2020-10-11 19:22:42+00:00,danielhazan,1315372272195194881,Vogliamo i colonnelli - assembramenti in luoghi pubblici https://t.co/wnpHF7AyZc via @YouTube           @GiuseppeConteIT @MaxLap7 @AlessioParodi6 @ArkadiMaslow @iurimariaprado @corrini @ildelfinogiulio #COVID19italia #COVID19 @F_Boccia
2020-10-11 19:23:04+00:00,antonellabolla,1315372361466687490,Appunto mi chiedo:qual è il senso di sottolineare che la maggior parte sono asintomatici? Non è abbastanza chiaro che i ricoveri e le TI crescono in proporzione? Vogliamo arrivare DAVVERO ai numeri di marzo-aprile prima di preoccuparci?!? #coronavirus #COVID19italia
2020-10-11 19:25:32+00:00,NKiuky,1315372986053070848,Prima di essere una mamma questa è un stronza.
2020-10-11 19:37:14+00:00,yledea,1315375930517454849,"Questo ottobre mi ricorda febbraio scorso... non facciamo gli stessi errori, non trasformiamo novembre in un nuovo marzo. #COVID19"
2020-10-11 19:42:25+00:00,Federicafan94,1315377231493988352,"@NicolaColucci19 @DiSantita COVID-19 sta inviando il Messaggio globale degli ultimi tempi alle nazioni
Ma quando queste cose cominceranno ad avvenire, rialzatevi, levate il capo, perché la vostra liberazione si avvicina. Luca 21:28 #SundayPowerfulWord"
2020-10-11 19:43:17+00:00,cesaridan,1315377450625519617,"Se chiudiamo nel GF Fusaro e il prof Becchi, ne escono di tutti i colori...
Da fare impallidire gli autori di Crozza!
😂"
2020-10-11 19:44:14+00:00,FabrizioDelpret,1315377690074120193,"Una donna ha organizzato - nonostante i sintomi del #COVID19 - due feste di compleanno per il figlio di 8 anni.

A Monte di Procida invece un matrimonio con 200 invitati ha fatto scoppiare un mega focolaio.

Poi sarebbero i migranti, quelli che portano il virus.
Mavaffanculo."
2020-10-11 19:46:21+00:00,pcbassignana,1315378221001715722,"@AllertApc #Bassignana #Vademecum per quanti nei prossimi giorni avranno la #febbre e non sanno cosa fare.
Innanzitutto, CALMA, potrebbe essere #raffreddore. Secondo, NON chiamate l'#ambulanza, ma subito il vostro #medico/#pediatra #prevenzione #coronavirus #COVID19 #virus ↘️ https://t.co/RWHDT8QQKy"
2020-10-11 19:49:33+00:00,giulymuratori,1315379029843771394,Vergognoso pidioti fate schifo
2020-10-11 19:54:47+00:00,PUNKITALIANO_It,1315380343806009348,"#noifacciamoeventi #piazaduomo #piazzaduomomilano
#Milano

#concerti #LOCKDOWN #eventi #dpcm #musicalive #musica #covid19 @ Piazza Duomo, Milano https://t.co/QPlO8fSWCZ"
2020-10-11 20:08:20+00:00,PatriziaMinelli,1315383755297742855,"Ringrazio Gianni Mammoliti di aver utilizzato una mia foto per porre l'accento sul comportamento superficiale di molti, che sta portando a nuove misure di messa in sicurezza nelle RSA, con l'impossibilità dei familiari d'incontrare nuovamente i propri cari.
#COVID19 https://t.co/oXtlqSAxCX"
2020-10-11 20:11:45+00:00,MarcoTubiolo,1315384615368978432,@Moonlightshad1 qualcuno che da letture serie sul covid19. Ed è donna. https://t.co/4BFiFqQ3kM
2020-10-11 20:48:03+00:00,giosalvu0,1315393750659665923,Informaxione=0Com’è finita a Wuhan https://t.co/Shfx0PfrM4 via @ilpost
2020-10-11 20:48:48+00:00,AndreaCorea1,1315393936991584267,Allora noi mascherine e limitazioni mentre per loro nessun rischio!! Pietà !!!
2020-10-11 20:49:17+00:00,ntonioGiordano,1315394060635561984,#COVID19italia. Ad un passo da una nuova crisi. “Segnali di criticità significativi. Servizi territoriali sotto stress e i ricoveri aumentano”. #COVIDー19 #COVID__19 #coronavirus #COVID19france
2020-10-11 21:11:18+00:00,StefanoLagna,1315399602103869440,Dai su...date una bella pulita e lubrificata ai rulli e ai tapins roulant...e riattivate zoom... #covid19
2020-10-11 21:15:16+00:00,pcbassignana,1315400599366758411,"@AllertApc @pcbassignana #PCProvAL #Bassignana #social #media #socialmedia 👉 #Inquinamento #indoor e #COVID19: la #prevenzione è utile a #casa e al #lavoro
Oggi l'#allerta deve essere massima: operariamo per la salubrità dell'#aria che respiriamo 👈 https://t.co/rfCZnM5VQe https://t.co/BUyjbP4rNa"
2020-10-11 21:16:44+00:00,dariodriu,1315400969388261376,"Speriamo che dopo pasqua ci faccia saltare anche la rimpatriata di natale

#coronavirus"
2020-10-11 21:33:30+00:00,ndreamascaretti,1315405186656018432,"Ho scritto al Sindaco #Sala per chiedere di sospendere #AreaC e rendere gratuito l’uso dei parcheggi fino alla fine della #pandemia.
#COVID19 https://t.co/5Wxn2SJkSY"
2020-10-11 21:37:38+00:00,amangela75,1315406228022087683,"La. Lamorgese già sa
Migranti immuni da covi, dovremmo studiarli."
2020-10-11 21:52:06+00:00,GermanoDottori,1315409867381846018,@Marcozanni86 @LegaSalvini Soprattutto non capiscono che la spesa sanitaria deve essere legata ad esigenze Covid-19
2020-10-11 21:56:48+00:00,Lucia79528064,1315411050196602881,"La cosa che mi manca di più di questo periodo è viaggiare 🥺
A voi? 
#coronavirus"
2020-10-11 22:10:07+00:00,ClaudioMori7,1315414400707289090,Funziona meglio di Immuni. Grazie. 😊 😊 😊
2020-10-11 22:13:15+00:00,mmaritato,1315415192189186048,Domani si lamenteranno perché non hanno una vita #italy #restriction
2020-10-11 22:18:42+00:00,miriconosci,1315416564355813376,Un virus pericoloso più che mai
2020-10-11 22:26:08+00:00,Emiliano_IFNweb,1315418432314241025,"Non puoi voler male all'italiano medio(cre) che parla di #DittaturaSanitaria al massimo può suscitare tenerezza, nemmeno pena, ti viene spontanea una carezza #COVID19 #mascherina https://t.co/KjYxRDqyF4"
2020-10-11 22:41:33+00:00,ZenatiDavide,1315422312724746240,"Quarantena, cosa sta per cambiare: Stop al doppio tampone negativo in uscita per decretare la guarigione dal Covid-19 e via libera alla quarantena ‘accorciata’ a 10 giorni. Questa la svolta che ha ricevuto l’ok del Comitato tecnico scientifico, dopo una… https://t.co/AuB7QpwGkl https://t.co/8WJZfiEcE8"
2020-10-11 22:54:30+00:00,DylanTasinato,1315425572001120256,"Impossibile, gli Scienziati di Twitter (che GODONO nel sentire le parole: lockdown, restrizioni, contagi) hanno già decretato nuove chiusure, cosa ne sapranno mai gli Scienziati di Harvard, Oxford(produttori di vaccino per l’Italia) e Stanford di #COVID19 ? Ovvio, nulla https://t.co/AJXAWIsJgt"
2020-10-12 03:06:57+00:00,sdapi13,1315489102926577664,"Un 🤡. Va bene solo come comico. Ha sbagliato mestiere, anzi l’errore è stato dei Campani che l’hanno votato."
2020-10-12 03:22:26+00:00,sdapi13,1315493001087586305,"Non abbastanza, altrimenti reagirebbero."
