Date,User,Tweet_id,Tweet
2020-10-04 04:18:09+00:00,guich76,1312607917145812993,"Adesso spuntano i fenomeni a fare la morale... 🤦‍♂️

#JuveNapoli"
2020-10-04 04:58:52+00:00,givegiugio,1312618165558480898,"Riqualificazione manodopera per la gestione lavorativa automatica!
Es. Automi elettrici raccolta Frutta e Verdura e droni per controllo campi all'infrarosso, ai colori, controllo liberi insetti impollinatori. 
https://t.co/uahCK89bV2"
2020-10-04 05:42:31+00:00,Marchess86,1312629149924810752,In Italia i nuovi casi di #COVID19 sono stati 2.844 nelle ultime 24 ore e i morti sono stati 27 e il governo mercoledì farà il nuovo #Dpcm con forse l'obbligo di mascherine all'aperto https://t.co/jWqVKJz9q3
2020-10-04 05:58:16+00:00,AngeloBraga2,1312633114661969921,"Della serie: “A Montesá, facce ride!”. Il grande epidemiologo alle prese con le ordinanze....anche voi disperati perché LUI l’ha bocciata? 

Enrico Montesano boccia l'ordinanza mascherina anche all'aperto: inutile e dannosa - Il Tempo https://t.co/hzsnQq8ao3"
2020-10-04 06:10:15+00:00,cirotozzi1973,1312636129833877504,"@robersperanza
Ci stavate ammazzando tutti, ma un giorno ne risponderete a chi di dovere
Gianatti, il primario &amp;#8220;disobbediente&amp;#8221; del Papa Giovanni che ha smascherato il coronavirus https://t.co/LBn3XLcdEO"
2020-10-04 06:14:15+00:00,FloMa12_,1312637135409872899,@AzzolinaLucia - Annullamento concorso docenti durante il Covid-19 - Firma la petizione! https://t.co/D1YjtVXQQG via @ChangeItalia
2020-10-04 06:15:30+00:00,Marchess86,1312637450217455616,"Il @sscnapoli è in isolamento dopo che sono positivi al #COVID19 i calciatori #Zielinski ed #Elmas, ma è stata confermata la partita #NapoliJuventus delle 20.45 e ieri il @SassuoloUS ha vinto 4 a 1 contro il @FcCrotoneOff e la @OfficialASRoma ha vinto 1 a 0 contro l'@Udinese_1896 https://t.co/d3bOCIbloP"
2020-10-04 06:18:18+00:00,GrassoEmanuele2,1312638153157750785,"@milaunicoamore Questa è un altra storia negativa di questo Covid19.
Non puoi stare vicino alle persone care nei loro ultimi momenti.
È veramente uno schifo."
2020-10-04 06:32:01+00:00,Madrefad43,1312641607217405952,In Italia i nuovi casi di #COVID19 sono stati 2.844 nelle ultime 24 ore e i morti sono stati 27 e il governo mercoledì farà il nuovo #Dpcm con forse l'obbligo di mascherine all'aperto https://t.co/vt6wZscMn4
2020-10-04 06:40:47+00:00,Madrefad43,1312643813261881345,Il @sscnapoli è in isolamento dopo che oltre a #Zielinski è positivo al #COVID19 anche #Elmas ma la @SerieA ha confermato la partita #NapoliJuventus delle 20.45 e ieri il @SassuoloUS ha vinto 4 a 1 contro il @FcCrotoneOff e la @OfficialASRoma ha vinto 1 a 0 contro l'@Udinese_1896 https://t.co/EtfTSYjhYZ
2020-10-04 06:44:30+00:00,marielSiviglia,1312644748893728768,"@Claire317X @PiovonoMacerie No: per reprimere persone: i principali quotidiani al libro paga della società di Elkann, dipingono il paese come un lebbrosario di infetti. Il covid19 è metodo della dittatura sanitaria in corso, a immagine e somiglianza di Xi Jinping ."
2020-10-04 06:51:02+00:00,marielSiviglia,1312646393505492992,"Esprimo il mio disprezzo ai pennivendoli al libro paga del governo a pecorina alla dittatura di #XiJinping. 
Fare passare il messaggio che @realDonaldTrump ha incontrato il covid19 perché non usa le mascherina, è un insulto alla intelligenza degli americani."
2020-10-04 06:57:36+00:00,cesarebrogi1,1312648044278697984,"Coronavirus, Roberto Giacobbo: «Sono stato in rianimazione, ero ad un passo dalla fine» https://t.co/srLyGpMtFm"
2020-10-04 07:01:08+00:00,cesarebrogi1,1312648934779748353,"""Covid, cinquanta magazzinieri positivi nella piana fiorentina"": la denuncia dei sindacati https://t.co/Flc7lLX8Hc via @nazione_firenze"
2020-10-04 07:07:32+00:00,quotidianodirg,1312650545304281089,"Coronavirus, 182 nuovi positivi in Sicilia: 52 Palermo, 42 Catania e 8 Ragusa https://t.co/0lP5hG72mY @quotidianodirg #news #notizie https://t.co/RDN1Y95FqQ"
2020-10-04 07:23:44+00:00,sara_netboy88,1312654620762738690,Così è
2020-10-04 07:38:12+00:00,marielSiviglia,1312658262781820928,"Il covid19 esiste, ma non è più in grado di uccidere soggetti con un sistema immunitario solido.
Se a lei sta bene che un covo di cialtroni al governo lo hanno politicizzato e idealizzato per stare incollati alle poltrone, continui a votarli.
Oms = braccio armato della Cina ."
2020-10-04 07:41:08+00:00,rosati22,1312658999662325760,"Coronavirus, il luminare Pio Conti: «La salvezza arriverà con il vaccino americano» https://t.co/zSlx33FpQf"
2020-10-04 07:47:23+00:00,Michele02828265,1312660574279475201,"Il Problema non è la Juve ma una Federcalcio che vive su un  altro pianeta. La Juve si attiene semplicemente alle regole, il Napoli no."
2020-10-04 07:48:00+00:00,IPibia,1312660728822861824,Liscio come l'olio. Aggiungo. E tutto questo cinepanettone perché sono assenti Zielinski Insigne e il panchinaro Elmas. Ma come non ha preso Osimeh il nuovo pallone d'oro. Ma l'anima de li mortacci loro e de chi li esalta ogni anno. Presidente pagliaccio
2020-10-04 07:57:35+00:00,marielSiviglia,1312663139687817216,"La parte intollerante di me stessa spera che la mascherina venga usata come ""stile di vita"", in massa dagli italiani. 
I resort anti covid19 li stanno organizzando per loro.
Gli effetti collaterali delle mascherine,sono più gravi dei sintomi del virus di XiJinping."
2020-10-04 07:59:35+00:00,carloscatozza,1312663644874956800,Rip in pace Padre Vescovo
2020-10-04 08:09:27+00:00,wlt_g,1312666128137814016,"Io sono incredulo, facciamolo girare a più non posso, magari qualche genitore comincia a capire........"
2020-10-04 08:12:07+00:00,lucianoranieri7,1312666796034527233,@marcotravaglio Spero che finalmente tu ti renda conto che questi sono dei pagliacci che fossero degli ignoranti penso che tu lo sapessi da tempo(non capisco come è possibile che tu li difenda) e che sono veramente una pandemia peggio del Coronavirus per l’Italia e spero che tu lo ammetta
2020-10-04 08:12:57+00:00,marielSiviglia,1312667007175798784,Caserta deve essere chiusa: è morto il vescovo per il virus terribile covid19.
2020-10-04 08:12:57+00:00,gen_napoli,1312667009482715138,@rtl1025 #indignatospeciale Il tema aziende è vero. Proprio stamane ho eseguito 2 tamponi #COVID19 a dipendenti di aziende risultati dubbiamente positivi ma messi in quarantena per 15gg. I tempi biblici della #aslnapoli li costringerà a casa ancora per molto anche se negativi.
2020-10-04 08:24:13+00:00,ElisaSoldani1,1312669842672152577,"@StefanoDePonte @matteobast 😉 Preferisco tu e sorella 😂. Che ne dite?:1.Premesso che il contagio da Covid19 si manifesta ed è rilevabile in ...; 2.Ove le squadre X ed Y abbiamo giocato l'una contro l'altra,e nei 10 giorni successivi nella squadra X ci siano.. contagi è rinviato il successivo incontro di Y"
2020-10-04 08:30:45+00:00,robedibasile,1312671485417476096,"Scherzi a parte stasera la #Juventus vincerà per la prima volta nella sua storia senza chiudere arbitri nello spogliatoio.
#JuveNapoli #JuventusNapoli #Napoli #ForzaNapoliSempre #SerieATIM #campionato #LegaserieA #Covid_19 #COVID19"
2020-10-04 08:44:16+00:00,gen_napoli,1312674890194059264,"@rtl1025 #indignatospeciale Ci sono imbecilli che scrivono che si smettesse di fare tamponi, il #COVID19 sparirebbe. È come dire ai diabetici di smettere di misurare la glicemia che così guariscono dal diabete. L'idiozia è un universo parallelo in cui tanti sono intrappolati."
2020-10-04 08:47:41+00:00,Giulia_46,1312675749355311104,"Torta alla frutta
#fruitcake #banane #kiwi #ananas #mirtilli #uva #cremapasticcera #bologna #tortadelladomenica #dolcedelladomenica #pastry #Colors #BuongiornoATutti #coronavirus #dolcifattiincasa #fattodame #FoodNetwork https://t.co/QYcaiFwBif"
2020-10-04 08:51:47+00:00,RenatoBeggini,1312676782122860544,@realDonaldTrump grande trump auguri di pronta e guarigione il covid19 non uccide e normale influenza modificata dalla casta satanica bilderberg fauvi democrativi ed bill gate
2020-10-04 09:00:51+00:00,SperoniAlberto,1312679060263370753,"“La valla”, La serie distopica spagnola che ha anticipato l’arrivo del coronavirus https://t.co/v2bhBYXmmu"
2020-10-04 09:07:07+00:00,Luca61940846,1312680639871803392,E viva pure il Covid19 in presenza?😂🤣😂
2020-10-04 09:08:26+00:00,paolo83237426,1312680971943260160,@paolo83237426's account is temporarily unavailable because it violates the Twitter Media Policy. Learn more.
2020-10-04 09:09:59+00:00,salvaetore74,1312681359777902592,"Facciamo
Tutto Seguendo
Le "" Nuove "" ...Regole

Aiutiamo
Questa Buona Causa

Contro Il Covid-19 https://t.co/n15eSVOCRm"
2020-10-04 09:10:03+00:00,quotidianodirg,1312681377767149568,"Coronavirus, Oms: solo le mascherine non ci salvano: serve pacchetto misure https://t.co/ZVRb6mnB4X @quotidianodirg #news #notizie https://t.co/Go508XY7bs"
2020-10-04 09:30:53+00:00,MarianoNuzzo,1312686618403196928,"#Caserta piange il suo #Vescovo mons. Giovanni D'Alise. Era ricoverato per #COVID19 all'ospedale #Sant'Anna di Caserta. Era una persona buona e giusta, amava i giovani, era vicino ai più deboli. Una grande perdita! https://t.co/bcrHAxUE1l"
2020-10-04 09:34:19+00:00,svaroschidiego,1312687485323968512,"Credo che a decidere debba essere il regolamento!
#4ottobre #BuongiornoATutti #JuveNapoli #JuventusNapoli #aslnapoli #COVID19 #SerieA #SerieATIM"
2020-10-04 09:52:03+00:00,salvaetore74,1312691947023237121,"@TheJackSparrow Finalmente
Abbiamo Sconfitto
Il Covid-19"
2020-10-04 09:53:52+00:00,GiovannaCuoco5,1312692406236647425,"@vfeltri Il problema è che la gente come te, nemneno il covid-19 la vuole"
2020-10-04 09:57:12+00:00,IPerturbante,1312693243000360960,Faccie sveglie ne abbiamo #4ottobre #BuongiornoATutti #COVID19 #coronavirus https://t.co/LE5qo3Exhp
2020-10-04 10:01:22+00:00,bmark85,1312694290498441216,I tedeschi non sono famosi per essere fessi
2020-10-04 10:02:03+00:00,quotidianodirg,1312694463202906113,Secondo caso di coronavirus al Napoli: positivo Elmas https://t.co/3sYHAGbzby @quotidianodirg #news #notizie https://t.co/Nvoza7CfB8
2020-10-04 10:12:33+00:00,pmattoccia,1312697107669815296,"@nero_a_meta @lapoelkann_ vista la sua sensibilità verso temi più grandi , non ha niente da dire su questa faccenda ? Qui si parla di #COVID19 !! Fino a che punto può arrivare la  #setedipotere ? #JuveNapoli"
2020-10-04 10:23:27+00:00,vittobonfante,1312699849243058177,𝐐𝐔𝐄𝐒𝐓𝐀 𝐄' 𝐏𝐔𝐑𝐀 𝐅𝐎𝐋𝐋𝐈𝐀.
2020-10-04 10:25:16+00:00,cleona77,1312700308326363142,@NapMiky @Zelgadis265 @saltaluomo Ci sediamo tutti ed aspettiamo il coronavirus....viviamo così’ allora 👍👍👍
2020-10-04 10:29:10+00:00,mauromare,1312701288384270337,Se la ricostruzione è corretta c’è da riflettere molto    Trump e il coronavirus: quali sono le sue reali condizioni https://t.co/Q7qEwBWUsK
2020-10-04 10:35:05+00:00,FRANZ2708,1312702778352054273,"Il #Napoli non giocando contro la #Juventus tutela da un eventuale #contagio i giocatori, i dirigenti, le loro mamme e anche le loro sorelle.
#JuveNapoli
#Covid_19
#coronavirus"
2020-10-04 10:36:51+00:00,Federissao,1312703222130380801,"Questo non è sport! Piantatela con questo sciacallaggio, vergogna!"
2020-10-04 10:41:26+00:00,pierluigiubezio,1312704374687371264,"Sta cosa dei social per cui se hai un’opinione contraria ai più sei un deficiente [nella migliore delle ipotesi] o un nemico [nella peggiore] dovrebbe finire. Ma starebbe a noi umani, percui ciao. #coronavirus"
2020-10-04 10:43:39+00:00,marielSiviglia,1312704931246342144,"Media e politica smettano di delirare, in Italia il mal tempo non è paragonabile con la emergenza sanitaria.
Il Piemonte per rialzarsi, potrebbe distribuire mascherine e tamponi, gli sfollati nei resort covid19, per fare un esempio pratico."
2020-10-04 10:52:39+00:00,bruno02211955,1312707196392747008,"Donald Trump, la teoria del complotto negli Usa: ""Chi gli ha inoculato il coronavirus di proposito"" https://t.co/09fIhmrxVV"
2020-10-04 10:53:10+00:00,animaleuropeRMP,1312707327762538496,"#Denmark crudeltà , 13 razze di cani strappati a forza alle famiglie -#iceberg -, oche spiumate a migliaia per il #piuminodanese, delfini e balene assassinate con asce e coltelli nel #grindadrap alle #faeroer , #pulcinelladiMare specie cacciabile , #boycot"
2020-10-04 11:12:54+00:00,gcuntog,1312712294183448576,"UN ALTRO COGLIONE NEGAZIONISTA. PURE PREMIO NOBEL. PER L'IDIOZIA???Coronavirus, Vargas Llosa: ""Molti governi hanno usato pandemia per limitare libertà. Inaccettabile"" https://t.co/O60tS2MnK9 via @repubblica"
2020-10-04 11:13:40+00:00,_domenicomonaco,1312712487603785730,"L'app #Immuni sembra essere scaricata da sempre piú persone. Ma quant'è la disinstallano dopo nei primi 5minuti? La veritá è che l'utilità percepita dell' #App è pari a zero, anche se potrebbe servire a qualcosa. 
https://t.co/s1Yc7ftoqU"
2020-10-04 11:22:47+00:00,vij80_v,1312714782722658304,Detto da uno di parte e con questo ho detto tutto #JuveNapoli
2020-10-04 11:29:52+00:00,ciafapino,1312716564664397826,Il vostro si al referendum vi ha rinchiusi in casa brutti stronzi https://t.co/2Hvvh3EprL
2020-10-04 11:59:59+00:00,DemosuMarte,1312724143427772417,C'è Contessa nei TT ed io pensavo al cantante de i Cani positivo al Covid-19
2020-10-04 12:15:38+00:00,maxxo55,1312728081770184704,@ilgiornale Cioè COVID19?
2020-10-04 12:28:51+00:00,emilianofabbri,1312731405533802496,LA STORIA DEL CORONAVIRUS A LODI #typimedia #leggere #libri #instalibri #letture #books #instabooks #lastoriadelcoronavirusalodi #coronavirus #covid19 #lodi @ Torrione https://t.co/AiXLBfmwKT
2020-10-04 12:43:53+00:00,fiamma1990,1312735190985461763,In arrivo altre foto dei piccoli Cambridge 😍😍
2020-10-04 12:45:46+00:00,VitoeCarmelaPis,1312735663436034049,"@_DAGOSPIA_ Va bene i rigori dagli arbitri, ma avere la partita vinta dal covid19 è davvero scandaloso!"
2020-10-04 12:47:04+00:00,CAMARDELLAGio,1312735992424607745,"Allora continua a nn fare il tifoso visto che una settimana fa il #Napoli nn ha reso onore al #Genoa con 2 positivi in squadra vincendo addirittura 6-0.
Di moralisti a senso unico ce ne sono già abbastanza, nn servi!
#NapoliGenoa
#JuventusNapoli"
2020-10-04 12:54:08+00:00,braciulone,1312737770172035073,"Opinione personale ed umile:

se pensassimo ad altre questioni più importanti e serie con lo stesso vigore ed impegno di come si sta pensando a Juve-Napoli, l'Italia sarebbe un tantino migliore... disse bene Winston Churchill...

#JuveNapoli #Napoli #coronavirus #aslnapoli"
2020-10-04 12:54:57+00:00,fcaras_fc,1312737973759340551,Ma quelli che parlano di #privacy sono gli stessi che ricevono centinaia di #spam nella propria #mail e non hanno alcun dubbio sulla provenienza? Scaricate #Immuni #buffoni  #Dpcm #COVID19italia #COVID19
2020-10-04 13:00:53+00:00,LucaDordolo,1312739467057389572,"@SinistroTOP Beh, gli spacciatori hanno tutto l’interesse a rimanere anonimi, quindi a indossare #mascherine e perció a non essere controllati #COVID19 #covidiota"
2020-10-04 13:18:10+00:00,ZomeroAndrea,1312743817515339776,"#COVID19: ormai, dopo 7 mesi e finché non ci sarà concretamente un efficace #vaccino, siamo pronti ad usare sempre la #mascherina appena si esce da casa."
2020-10-04 13:18:25+00:00,PrimaiLavorator,1312743880442421249,"In Campania hanni riempito gli ospedali di persone positive questo qui e ora cercani i resort dove metterle per poterli svuotare.

Curatevi, ma non dal virus.

#DeLuca #COVID19 #JuventusNapoli"
2020-10-04 13:21:02+00:00,quotidianodirg,1312744539732365314,"Coronavirus, Sergio Mattarella: preoccupati per aumento contagi https://t.co/iP9e1GCL62 @quotidianodirg #news #notizie https://t.co/I9srwYU81R"
2020-10-04 13:25:57+00:00,LucaDordolo,1312745776234323970,Siamo pronti. https://t.co/pjPw6hzBDh  #COVID19italia #COVIDIOTS #covidioti #mascherine
2020-10-04 13:29:39+00:00,mariellacaruso,1312746706128244737,"La Guida Slow Wine, in tempo di emergenza Covid-19 non assegna chiocciole e correda  quasi metà delle schede con 940 video interviste cui accedere QrCode.

1120 pagine a 24 euro,  copertina stampata su carta ecologica CRUSH Uva, in libreria dal 14/10.

#slowwine #vino #mww #wine https://t.co/NX5ids2EF0"
2020-10-04 13:34:34+00:00,CristinaShonny,1312747944496463872,"@Pattizia7 Sta andando alla grande, l'ha scritto un anno fa, tanto è vero che doveva fare la presentazione in questo paese a marzo, solo che arrivò il Covid-19 e così ogni cosa venne sospesa, ad ogni sé continuiamo di questo passo la situazione sarà drammatica, il virus aumenta ogni giorno."
2020-10-04 13:45:32+00:00,Marco_Abatecola,1312750705015390210,Uno dei migliori interventi letti in questi mesi assurdi di #statodiemergenza per #COVID19
2020-10-04 13:53:41+00:00,thebrightside0,1312752756529270792,"📌📌📌

#COVID19 permettendo, é in fase di lancio la quarta edizione del nostro web TG nazionale delle Buone Notizie 🍏 fatto dagli studenti!
Per info ed iscrizioni ✏ brightside@outlook.it 

@orasolaretv2000 @comieco @Conad @pubbliprogresso @CorriereBN @redooc @scarpdetenis https://t.co/Lck5DK1hbB"
2020-10-04 14:08:27+00:00,LucaDordolo,1312756470405050368,Sia chiaro: uso la mascherina (quasi mai) solo quando il buonsenso me lo suggerisce e niente e nessuno mi potrà obbligare. #mascherine #Governodincapaci #COVID19italia #coronavirus #Covidioti https://t.co/yENs2dPOnw
2020-10-04 14:09:00+00:00,RProkopio,1312756610352263169,"Coronavirus, contagi in salita. Riapre il reparto Covid a Rimini https://t.co/TFoOyghg6S via @carlino_rimini"
2020-10-04 14:09:55+00:00,SebastianoRus10,1312756842347593728,"L'omettino/quacquaraquà della ""provvidenza"" 🤡🤡🤡🤡🤡"
2020-10-04 14:10:39+00:00,ristogardenia,1312757026150375425,"NON  è  un bracciale e NON va sull' avambraccio come  accessorio al vostro outfit quotidiano!!! LA DOVETE INDOSSARE SOLO ED ESCLUSIVAMENTE COSI!
#mondogardenia🌍 #covid19 #misureanticovid #dpcm #mascherine #igienizzantemani # #ristorantelagardenia https://t.co/sQWZDvKVvW"
2020-10-04 14:12:16+00:00,marielSiviglia,1312757434239332352,@Solocarmen1 Le mascherine sono un regalo formidabile al covid19.
2020-10-04 14:15:31+00:00,malinca73,1312758251109449728,"@NicolaRaiano Per chi nega ancora l'esistenza del covid19 ,si.non c'è altra soluzione."
2020-10-04 14:15:36+00:00,marielSiviglia,1312758273469276163,"Avete voluto la bicicletta 🚲  anti covid19? : non si gioca, si pedala."
2020-10-04 14:19:40+00:00,atlentus,1312759296015437825,si vabbè dai ahaha e esce solo ora
2020-10-04 14:21:22+00:00,DenisDecorte,1312759722521616384,Chi glielo dice ora al vicediretur???
2020-10-04 14:29:24+00:00,unoenessunoe,1312761743077236738,"Cosa pensano gli americani su come #Trump ha gestito il #coronavirus
@lorepregliasco @Mezzorainpiu https://t.co/xdjDkw8pJU"
2020-10-04 14:38:33+00:00,novedafirenze,1312764049197801472,Coronavirus: 188 casi in più con un'età media di 42 anni https://t.co/ZMZbVhTWhG
2020-10-04 14:42:16+00:00,ALisimberti,1312764982463852545,No ! Occorre ridurre le  tasse ed effettuare poderosi investimenti in  tutti i settori : dalle infrastrutture alla ricerca scientifica..
2020-10-04 14:44:17+00:00,PrimaiLavorator,1312765490574635008,"Per quelli che si stracciavano le vesti perché al Parlamento Europeo Lega e FdI avevano votato contro il #RecoveryFund detto altresì #RecoveryFraud o #RecoveryFuffa

https://t.co/iQGCGPuiMv"
2020-10-04 14:44:35+00:00,savethepisqua,1312765563702325254,Via alle mariomerolate
2020-10-04 14:53:13+00:00,sdapi13,1312767740172808192,Menomale...tutti più furbi di questi fanatici dittatori che abbiamo al governo in Italia.
2020-10-04 15:05:19+00:00,AlexDeCinti,1312770781462568961,E che #Kenzo!!!
2020-10-04 15:07:31+00:00,AldoModica,1312771337799245829,@MinutemanItaly Ma ovviamente è morto di coronavirus...
2020-10-04 15:08:52+00:00,andreabonazzabz,1312771676279631872,Stronzi!
2020-10-04 15:13:18+00:00,synergydent,1312772791830286336,"🧪Test Sierologico Covid-19 ( composto da 20pz.) 
✔️Uso professionale e ha il marchio CE ed è regolarmente Iscritto al Ministero della Salute come ✔️Dispositivo Medico BD/RDM n. 1930377.
🛒Prezzo €298,00 
#testcovid19 #lavorareinsicurezza

https://t.co/bHrN23Wl8f https://t.co/j8DJ8QfhvY"
2020-10-04 15:16:07+00:00,atlentus,1312773500659261440,COSA DITE
2020-10-04 15:18:50+00:00,francescoceccot,1312774186176217090,Ma solo io la notizia su Gattuso non l'avevo mai letta?
2020-10-04 15:19:44+00:00,mariellapallini,1312774409619415041,"Io di più perché nel frattempo i casi sono aumentati e siamo nelle fase di salita della curva Gaussiana, che non credo si possa bloccare facilmente, salvo miracoli...."
2020-10-04 15:20:02+00:00,profluigimarino,1312774484861095936,I gatti mostrano una forte risposta immunitaria all'infezione da coronavirus @ Università degli Studi di Milano https://t.co/P4Cd3imhKZ
2020-10-04 15:21:25+00:00,MarcoTurini75,1312774835286740993,Boh? Solo io vedo decine di persone al giorno che andrebbero multate? 🤔
2020-10-04 15:23:51+00:00,MarianoNuzzo,1312775449412501504,#coronavirus Muore lo stilista #KENZO  https://t.co/YTGem8K7DH
2020-10-04 15:30:06+00:00,CeciliaVari,1312777020204605449,"Coronavirus, morto lo stilista Kenzo Takada. Aveva 81 anni https://t.co/lYHtXn7DTj via @repubblica"
2020-10-04 15:30:22+00:00,ferrua_notte,1312777088747933696,"Coronavirus, morto in Francia lo stilista Kenzo https://t.co/lWSdDDBTq2 via @LaStampa"
2020-10-04 15:37:50+00:00,BabboleoNews,1312778966395228164,"#Coronavirus in #Liguria: sono 121 i nuovi positivi su 2.385 #tamponi effettuati. 61 in più a #Genova. Si registra un decesso, si tratta di un uomo presso il #PoliclinicoSanMartino. 190 gli ospedalizzati, 2 in più rispetto a ieri, 23 le persone in #terapiaintensiva. https://t.co/PROpcfo2SM"
2020-10-04 16:04:02+00:00,quotidianodirg,1312785558494568450,Coronavirus in una scuola a Vittoria: classe in quarantena https://t.co/QsDCXjDGvW @quotidianodirg #news #notizie https://t.co/BBgG8EUxjD
2020-10-04 16:11:15+00:00,paolopasquale,1312787376796819456,"Fermi tutti !! Abbiamo un nuovo idolo...👏🏻👏🏻👏🏻

https://t.co/P3H2fZRFHU
@micheleboldrin #Boldrin #Burioni #Borioni #lockdown #Lockdown2 #nolockdown #StopDictatureSanitaire #stopdittaturasanitaria"
2020-10-04 16:19:38+00:00,ciafapino,1312789483700584448,"CORONAVIRUS: NUOVI STUDI, il VIRUS c'era Già da ANNI e NON si trasmette per VIA RESPIRATORIA! Ecco i DETTAGLI https://t.co/gW8PlI7dX1 #meteo via @ilmeteoit"
2020-10-04 16:25:02+00:00,franzrusso,1312790845045837825,"Morto per #COVID19 lo stilista giapponese #Kenzo Takada. Il primo stilista asiatico ad imporsi a Parigi

https://t.co/Mqmu6krQGD"
2020-10-04 16:50:57+00:00,FRANZ2708,1312797367523999744,"Quando stasera vincerete 3 a 0 portate il tavolino così potrete dire che avrete a tavolino ma ""SUL CAMPO""
#SerieATIM #JuventusNapoli #Juventus #napoli #aslnapoli #coronavirus"
2020-10-04 16:53:49+00:00,leonbor7,1312798086239055872,Ma volete mettere 90 minuti di #JuventusNapoli contro 2 gg di #JuventusNapoli su Twitter con i vari varriale e i chiangnefotte al seguito #DeLaurentiis #SerieATIM #aslnapoli #coronavirus
2020-10-04 16:57:55+00:00,ettore_agostino,1312799119258386432,"Non è l'Arena, ospiti e anticipazioni. Giletti sul caso Ares. Poi intervista a Salvini, Coronavirus e tanto altro. La scaletta - Corriere dell'Umbria https://t.co/XcHrEuUiTk mi raccomando con Salvini niente domande scomode.....😂😂"
2020-10-04 17:01:30+00:00,gianlucarossitv,1312800023084761088,"Video-editoriale del 4.10.2020
Nel casino magno tra protocollo e cavill isul Covid19 l'#Inter, come mi aspettavo alla vigilia, ha lasciato 2 punti con la #Lazio all'Olimpico. Punti persi ma niente drammi perché ci siamo e ci saremo
Ne parlo qui
https://t.co/W0CNQ7XVAD https://t.co/pcMreyaDLO"
2020-10-04 17:04:14+00:00,GiulianaTumiat1,1312800711252508672,"MA LE ORECCHIE GLI TENGONO SEPARATO IL CERVELLO   COSA HA NELLA TESTA, SA COSA DICE O PARLA PER DARE ARIA ALLA BOCCA CORONAVIRUS: NUOVO LOCKDOWN, le Parole di Zingaretti mettono PAURA. Ecco Cosa ha Detto https://t.co/LaVLifqvR6 #meteo via @ilmeteoit"
2020-10-04 17:10:52+00:00,ciafapino,1312802377586675719,"Da dati ISTAT nei primi 6 mesi compresi i morti di covid-19 sono decedute 191000 persone 
Con la pandemia in corso a fine 2020 saremo al di sotto dei morti del 2018
A cazzariiii"
2020-10-04 17:12:30+00:00,AntonioParisi00,1312802788632600582,"Coronavirus, morto lo stilista Kenzo Takada. Aveva 81 anni https://t.co/KmRiBLhRFc via @repubblica"
2020-10-04 17:16:30+00:00,Kekko31P,1312803798008705024,"@DiSantita “Quando vedete il Coronavirus sappiate che la terra non è la nostra casa”
#MegaGlobalService"
2020-10-04 17:18:39+00:00,ProvinciadiRE,1312804337983336448,"🔴#Coronavirus La giornata a Reggio

• 0 decessi (tot. 597)
• 17 nuovi casi (tot. 5.873) di cui 10 sintomatici
   tutti in isolamento a casa (tot.561)
• 44 ricoverati in ospedale/albergoCovid (=)
• 2 ricoverati in intensiva (=)
• 4.736 guariti con doppio tampone neg.vo (+11)"
2020-10-04 17:29:09+00:00,ProvinciadiRE,1312806979572768768,"#coronavirus #scuoleRe @Ausl_RE comunica 2 nuovi casi: un insegnante dell'asilo nido Haiku e un alunno della scuola dell'infanzia ""Sant'Agostino"" di @ComuneRE. Per entrambi i casi è stata individuata la fonte di contagio in ambito familiare (segue)"
2020-10-04 17:34:04+00:00,paravani_g,1312808217181814784,"Coronavirus a scuola, più di mille gli istituti con almeno un contagio e cento i focolai https://t.co/bghyH0TwFP via @repubblica"
2020-10-04 17:50:08+00:00,cirotozzi1973,1312812260843282432,Ciak si parte
2020-10-04 17:52:59+00:00,giadif,1312812976458653700,L'hanno già arrestata la Clinton?
2020-10-04 18:17:54+00:00,saimirgrishaj85,1312819249723969536,Che barzelletta .....
2020-10-04 18:34:32+00:00,cribettt,1312823434385252354,Un altro maestro della moda e dello stile che ci lascia. #KENZO
2020-10-04 18:39:34+00:00,1927Calcio,1312824701073457153,"Mentre si parla di #JuventusNapoli di Asl, di #COVID19 etc noi con orgoglio abbiamo fatto esordire un 2004 in prima squadra: L’intervista al giovane Simone Bressi
💪🏼 #francavillavola

https://t.co/wIiKBivD05"
2020-10-04 18:40:53+00:00,FabioSdogati,1312825034445074432,Anche stavolta sono perso: non doveva esserci la ‘Nike swoosh recovery’? (Per chi non sapesse le lingue: guardatevi le scarpe)
2020-10-04 18:41:43+00:00,ManueleCorradi,1312825240498712583,@SerieA  sto seguendo la vicenda Juev Napoli e francamente sono sconvolto e indignato dalla vostra irresponsabilità. Andreste commissariati immediatamente  #COVID19
2020-10-04 19:01:04+00:00,Lellasilvi,1312830112069550080,"@stanzaselvaggia Selvaggia, non toccare i gobbi che ti si rivoltano contro peggio che i bambini quando gli tocchi le patatine. Il coronavirus è come la maionese, come il ketchup per loro."
2020-10-04 19:25:02+00:00,adolfo_urso,1312836144137154560,"#Coronavirus, Vargas Llosa: ""Molti governi hanno usato pandemia per limitare #libertà. Inaccettabile"" https://t.co/p87lVxx6jW via @repubblica"
2020-10-04 19:33:23+00:00,waltermax74,1312838244493668357,@realvarriale Il provvedimento della ASL è scaturito dal fatto che dopo le positività Covid-19 non è stato osservato il protocollo sanitario del Ministero della Salute che prevede l'isolamento del gruppo squadra. I calciatori del Napoli anziché isolarsi in gruppo sono rientrati ognuno a casa..
2020-10-04 19:34:40+00:00,MarcoMacagnino5,1312838567102734337,"Pregliasco mi ha bloccato il terzo profilo su tre. Ringraziasse il COVID-19 meglio...prima della pandemia non lo conosceva nemmeno sua madre, ora pontifica su qualsiasi argomento...ma levati dai coglioni dai."
2020-10-04 19:37:39+00:00,FVenettacci,1312839320076791809,@Fra23101988 de laurentis ha saputo che giocava frabby altro che covid19
2020-10-04 19:39:53+00:00,cirotozzi1973,1312839882130313217,"Giusto, belle parole"
2020-10-04 19:44:51+00:00,fefodero,1312841129558265856,"Sentendo #Agnelli a #SkyCalcioShow è chiaro ancora una volta che #JuventusNapoli è l’ennesimo casino di questa disgraziata gestione mista del #COVID19 tra regione e governo. Il governo ha varato il protocollo, ma la sanità in ultimo è responsabilità regionale. Viva l’Italia"
2020-10-04 20:01:06+00:00,MarcoTubiolo,1312845219730251778,"@ilabassani @vitalbaa Piuttosto si incominciava senza tamponi. Ai primi sintomi di covid19, tampone ed isolamento obbligatorio. Punto."
2020-10-04 20:11:54+00:00,Figliomeni_FdI,1312847935764410370,Ringrazio @GiorgiaMeloni per gli auguri sinceri e tutti i colleghi ed amici che stanno dimostrando la loro vicinanza. Continuerò comunque a portare avanti le battaglie di @Fratelliditalia in Campidoglio!
2020-10-04 20:17:12+00:00,gpazzaglia71,1312849272245755905,"Pare il protocollo sia stato disatteso dal Napoli calcio, che lo aveva liberamente sottoscritto. @ValerioDeMolli @BentivogliMarco"
2020-10-04 20:34:08+00:00,mariodl816,1312853533213982720,"Una cosa è certa se il #Genoa si è ritrovato con 24 contagi di #COVID19 vuol dire che il protocollo della #LegaserieA non funziona
#JuveNapoli #JuventusNapoli.
#JuveMerda ⬅️ non guasta mai."
2020-10-04 20:50:00+00:00,Ilariamiarellim,1312857526543822858,Un pezzo di moda ce non c'è più
2020-10-04 20:59:28+00:00,thebrightside0,1312859908757389312,"#buonoasapersi💡

#Cuba uber alles nella lotta contro il #COVID19 ed ha in maniera molto pratica e a costo zero risolto anche il problema dei banchi senza spendere come noi 200 milioni per quelli con le ruote!"
2020-10-04 20:59:52+00:00,franzrusso,1312860008510558210,"Non ho capito molto sulla vicenda #JuveNapoli, non conosco il regolamento. Ma non era davvero possibile un rinvio? E a parte inverse, come si sarebbe comportata la #Juve? Il #Covid19 non è una motivazione sufficiente per la @SerieA? Chiedo eh, senza polemica"
2020-10-04 21:39:12+00:00,Fistazolam,1312869905918758913,Perso anche lui 🤦🏼‍♂️
2020-10-04 21:48:33+00:00,CinziaPetronel1,1312872258642350082,"IL NEMICO ST AFACENDO DI TUTTO PER DISTRARRE L'ATTENZIONE DELL'UOMO
#MegaGlobalService"
2020-10-04 23:47:19+00:00,Egalit6,1312902147286147073,"Quanto costerà la #emergenzaclimatica, all’Italia, ogni anno? Poco meno di Covid19 anno zero. Tutto bene, un eufemismo @OttobreInfo @asparsamuni @distefanovalori @aniramiznat @ap_legambiente @FerroniFranco @DD_Forum @RadioArticolo1 @RadioCusano @pelopida 
https://t.co/l9kEErFk9A"
2020-10-04 23:51:05+00:00,ItalyFoodTrade,1312903097992216576,"Quanto costerà la #emergenzaclimatica, all’Italia, ogni anno? Poco meno di un Covid19 anno zero. Tutto bene, un eufemismo  @eric_vanpraag @eleonoragraffio @GreensEFA @savignygenevi @ConsumatoriCoop @MovConsumatori @GiampaoloRossi @AlsidoMauro @assorurale 
https://t.co/XslqMItzfL"
2020-10-05 02:01:33+00:00,ClaudioMori7,1312935930387402754,"Perché mai ipotetici? Ancora no vax? No mask non basta, c'è qualcuno che proprio vuole che finiamo male. 😉"
2020-10-05 02:11:10+00:00,sdapi13,1312938349762613260,Eeeee già ....ma in Italia ci dicono che muoiono tutti di COVID.
