Date,User,Tweet_id,Tweet
2020-11-08 06:18:50+00:00,gpazzaglia71,1325321864856678405,"Dieci volte superiori? Mi sembra molto strano.. (non è che non li considerano in base alla popolazione? Btw, numeri Svezia sono migliori di quelli dell’Italia, ad oggi)"
2020-11-08 07:44:41+00:00,ClubRadioCB,1325343468894433280,"Inizia la seconda giornata di screening con test rapido COVID19 in modalità DriveIn per le scuole di secondo grado di Barcellona Pozzo di Gotto. Le attività si concluderanno alle ore 13:00
#clubradiocb #barcellonapozzodigotto #protezionecivile #volontariato #anpas #anpas_sicilia https://t.co/t0o6q4Y9p6"
2020-11-08 08:54:22+00:00,Rosy87234986,1325361006856597504,"Sì, non c'è che dire:
Con i barconi non arrivano
-né terroristi
-né covid-19
Qualcosa la dovevano pur dire se un terzo del Parlamento ha arraffato voti con ""obiettivo SBARCHI ZERO"",
e  ha quasi diramato inviti ai clandestini,anche positivi
https://t.co/bsx4FzknGl https://t.co/pfgHvJQ85V"
2020-11-08 08:58:33+00:00,paolazito1,1325362057009655809,"@BentivogliMarco Non ho parole per quei poveretti dei calabresi, davvero.

Tra l’altro il nuovo commissario è pure positivo al coronavirus e in isolamento.

@GiuseppeConteIT tutto bene?"
2020-11-08 09:05:50+00:00,italiafirst,1325363893598826496,"@TELADOIOLANIUS I giornalisti diranno che bidet ha messo il Covid sotto controllo,  i medici firmeranno certificati che escludono il covid19 come causa di morte e la pandemia è finita in USA."
2020-11-08 09:23:20+00:00,baucopaolo,1325368297286725632,"Italia 08/11/2020
In fila alla Conad una signora mi ha appena detto che prevenire ed eventualmente curare il Covid19 bisogna mangiare tantissima insalata.

👀"
2020-11-08 09:37:44+00:00,DavideFm1899,1325371920964083712,Dal titolo dell'articolo si capisce perfettamente quale si la reputazione della @SerieA all'estero...
2020-11-08 09:39:40+00:00,ansa007,1325372405838065674,"In questo momento a Casalnuovo si sta svolgendo il funerale di Simone Frascogna, il ragazzo accoltellato dal bulletto di periferia.
Vicenda terribile, non commento.
Casalnuovo ha però più di 300 casi di coronavirus attivi. Sapete che c'è in chiesa? Fuori distanziati...più o meno https://t.co/J8U6SGdT4N"
2020-11-08 09:45:18+00:00,GanimedAntonio,1325373823961735168,Quando l’ho visto pensavo fosse uno scherzo. Ma ci siete o ci fate. Bastaaaaaaa
2020-11-08 09:47:06+00:00,GaeCutello,1325374278620106752,Quante ne sanno! Grandi
2020-11-08 09:47:19+00:00,baucopaolo,1325374332244287488,"@Stefanialove_of @GiorgiaMeloni Lasciando stare che la Meloni a me fa solo ridere ma non ha detto una bugia,senza Covid19 sarebbe stato rieletto, l'America sotto l'aspetto della ripresa economica e diminuzione della disoccupazione stava messa benissimo."
2020-11-08 09:52:42+00:00,beppesevergnini,1325375684773109760,"Minimizzatori, superficiali, distratti: leggete qui. #COVID19italia @Corriere"
2020-11-08 09:54:13+00:00,cirotozzi1973,1325376067008409601,😂😂😂 no dai
2020-11-08 10:01:04+00:00,RoccaAlbornoz,1325377791181934592,"Si comunica che i Musei afferenti alla @DirMuseiUmbria, secondo le disposizioni del DPCM del 3 novembre u.s. per la prevenzione della diffusione del coronavirus, resteranno chiusi dal 6 novembre sino al 3 dicembre p.v. 
Le attivita' e gli eventi in presenza sono quindi rimandati https://t.co/ylWTW832gh"
2020-11-08 10:05:26+00:00,patrizia455,1325378891918270464,Professore da calabrese mi sento in un film horror 😓😓😩😩😭😭
2020-11-08 10:10:16+00:00,richardferry_rf,1325380108438413313,"'Ehi Marty,  non impostare mai l'anno 2020!'
'Perchè Doc??'

#2020
#coronavirus 
#Cinema 
#ritornoalfuturo
#satira
#kotiomkin
#spinoza @spinoza #lercio
@lercionotizie
@la_Biennale @cannes https://t.co/EpGanxQbPU"
2020-11-08 10:16:06+00:00,unoenessunoe,1325381573089357824,"Ditemi voi cosa centra il #coronavirus con #Mussolini? E poi, quale Italia amò Mussolini, il fascismo e tutto il resto? @RaiLibri https://t.co/AY13D1TRTj"
2020-11-08 10:16:24+00:00,CAMARDELLAGio,1325381648788152321,L'umorismo di sto cazzo
2020-11-08 10:34:41+00:00,richardferry_rf,1325386251403489280,"Si sta avvicinando il 2021
E se i Maia si fossero sbagliati?

#21122012
#2012
#maia
#profezia
#coronavirus 
#COVID19italia 
#satira
#kotiomkin
#spinoza
@lercionotizie"
2020-11-08 10:49:22+00:00,MaurizioMarzano,1325389944593014784,"Così non ne veniamo fuori più
#andratuttobenestocazzo"
2020-11-08 10:51:04+00:00,ElenaVassallo2,1325390374282604546,"Day 3 part 2 ~ aperitivo 🍻 al giardinetto #moscowmule e #spritz grazie al @dream_bar di #Racconigi 
L’arte dell’arrangiarsi all’epoca del #covid19 
.
.
#racconigibuonadagustare 
#giardinetti #iobevoaigiardinetti https://t.co/d3Yt1sOeYm"
2020-11-08 11:02:01+00:00,svaroschidiego,1325393128375934976,"""Ci troviamo davanti a una crisi senza precedenti, mi chiami il presidente!""
""È lei il presidente ""
""Bene, allora so già tutto ""
#Conte #COVID19italia #coronavirus #dpcm3novembre #8novembre"
2020-11-08 11:07:00+00:00,egidiodonadio,1325394382179233793,"#coronavirus, a #Napoli folla sul lungomare: ristoranti presi d'assalto e traffico @demagistris ... che sia veramente un coglione decelebrato? @GiuseppeConteIT https://t.co/FvzbO50C65"
2020-11-08 11:31:29+00:00,faberskj,1325400544496787457,@KotetsuJeegu Questo è abbastanza chiaro
2020-11-08 11:33:38+00:00,alfredovattimo,1325401086518243333,"@GiuseppeConteIT ma questo sarebbe il nuovo commissario? Un’altra figuraccia vedo all’orizzonte, ma era questo ciò che i calabresi si meritavano? Presidente la prego"
2020-11-08 11:44:40+00:00,LeonardoMontef6,1325403865429274624,@Corriere Questo è l' errore più grave che ha commesso questo governo. Ogni regione doveva individuare alcuni ospedali da curare il covid19 ed altri dovevano continuare la normale routine senza abbandonare altri malati sicuramente più grave del covid19. Le cure per questa patologia a casa.
2020-11-08 11:52:32+00:00,gattonero,1325405842066300929,"@peppeprovenzano @christianrocca Ha 76 anni. Settantasei anni.

Non è una questione di ageism, qui: avete nominato uno che dovrebbe essere in pensione in un ruolo amministrativo e di coordinamento alla sanità in Calabria in epoca di coronavirus.

Settantasei anni."
2020-11-08 12:09:24+00:00,bencimar,1325410086831919104,E dalla finestra socchiusa filtra un meraviglioso raggio di sole ☀️#lockdownitalia #LockdownLight #inquarantena #quarantena #covid #coronavirus #cremona #natura #sole https://t.co/aBTM5Gv2ht
2020-11-08 12:24:18+00:00,richardferry_rf,1325413835826663424,"Aver chiuso i manicomi pare che non sia servito a niente, visto che hanno contestualmente istituito i presidenti di regione.

#regioni
#coronavirus 
#manicomi
#Satire #satira
#kotiomkin #spinoza
@lercionotizie"
2020-11-08 12:33:38+00:00,vitobarile,1325416187212271616,Di pessima qualità peraltro
2020-11-08 12:35:09+00:00,LMoscogiuri,1325416568591888388,Oh che belli in comune non solo hanno il cognome che finosce in elli ma anche una ridotta capacità mentale ed intellettuale.
2020-11-08 12:35:42+00:00,francescocipe,1325416706987208704,"L'unica cosa ""  buona "" con l'elezione di Biden è che a breve avremo una vera guerra e nessuno penserà più al covid19."
2020-11-08 12:46:00+00:00,Enrico60729315,1325419297003466755,"🔴 AGGIORNAMENTO #CORONAVIRUS IN #VENETO 🦁 :

La #regioneveneto 🦁 sospende tutti gli interventi e le visite non urgenti. https://t.co/DDNljuEhlw"
2020-11-08 12:46:40+00:00,Cocco060477,1325419464884621313,"Dai che avanti così, si ESTINGUERANNO da soli !
💪"
2020-11-08 12:51:03+00:00,Loretta88197243,1325420569710501891,...che chieda al suo guru berlusca come si fa a guarire!👎👎
2020-11-08 12:54:26+00:00,francescocipe,1325421418738290688,"@fattoquotidiano @stefanomannucc1 Che cazzo dite....
Almeno mettetevi d'accordo fra voi giornalai.....
CAZZARI
CAUSA ALTRE PATOLOGIE E PRENDENDO ANCHE IL COVID19 NON È RIUSCITO A SALVARSI
è sempre deceduto ma è la notizia che poi gira diversa e non METTE PAURE O ANSIE"
2020-11-08 12:54:47+00:00,francescocipe,1325421508265713665,"Che cazzo dite....
Almeno mettetevi d'accordo fra voi giornalai.....
CAZZARI
CAUSA ALTRE PATOLOGIE E PRENDENDO ANCHE IL COVID19 NON È RIUSCITO A SALVARSI
è sempre deceduto ma è la notizia che poi gira diversa e non METTE PAURE O ANSIE"
2020-11-08 12:59:25+00:00,k0kin0,1325422675024556033,Comunque secondo me l’usciere era più preparato...     #Conte #Calabria #SanitaCalabrese #COVID19 #Zuccatelli #Cotticelli #regionecalabria
2020-11-08 13:13:11+00:00,strescino,1325426137904918528,L’ignoranza dilaga #PD #M5S #ItaliaViva #governodincapaci #governoconte #Italia #Covid_19 #COVID19 #COVID19italia #Commissario #Zuccatelli
2020-11-08 13:17:34+00:00,Gi71376847,1325427243364065280,Che dici? Mangiate voi e noi anziani a casa?
2020-11-08 13:32:15+00:00,gianlucaorlandi,1325430935668535296,"Vorrei dirti una cosa a te che sei attenta alla comunicazione. Sembra assurdo solo a me che da mesi si comunicano dati, indici e percentuali e nessuno mai ha pensato di farli spiegare da uno statistico? Non sarebbe utile sapere tra i positivi quanti sono asintomatici?"
2020-11-08 13:37:29+00:00,fuoripostoluogo,1325432254722691072,"@scazzottate Romanista covid19 per il 2021
Ecco la mia posizione 😁"
2020-11-08 13:44:36+00:00,CalloriFabio,1325434044272816135,"La verità spesso si conosce sempre dopo, però se ci sono dubbi, si deve intervenire !!!! Me lo auguro, l’inverno è ancora lungo! #COVID19 #EmiliaRomagna #8novembre https://t.co/g6HpxiEFvD"
2020-11-08 13:47:55+00:00,GioGuzzetta,1325434879476191232,Domanda ingenua: ma che utilità ha conoscere il numero di aumento dei contagi in termini assoluti se non la sl mette in relaIazione al numero (sempre variabile) di tamponi effettuati e se non si considera il trend (positivo o negativo) di aumento? #COVID19 #contagi
2020-11-08 13:49:28+00:00,Patrizia63,1325435270821502983,"La passeggiate nei tempi di Covid19. @4dicembre ci ha immortalato in un momento di riflessione.... ❤️
.
.
.
.
#igersroma #photoshoot #rionemonti #walking #streetphotography #thinkpink #dog #doglover #bordiercollie https://t.co/1fr7ZSNKDw"
2020-11-08 13:51:55+00:00,apulderico,1325435888919334912,"Il prosciutto è democristiano.
Mortadella agli #anziani
#toti"
2020-11-08 13:57:57+00:00,pierfrosini,1325437407123165184,Ma chi li nomina questi personaggi discutibili ? @robersperanza @GiuseppeConteIT
2020-11-08 14:11:27+00:00,g_rizzo76,1325440801112018944,@carloalberto @jacopogiliberto @GiuseppeConteIT @robersperanza @gualtierieurope @nzingaretti @CacioliRiccardo Speranza ha appena confermato quest’altro soggetto (ora in quarantena per Coronavirus) “perché 30 anni di Curriculum non si cancellano”. Per capire che non é all’altezza non basta l’evidenza delle cavolate che dice ...
2020-11-08 14:14:35+00:00,ClaudiaPriano,1325441590844907522,"«Noi sappiamo che ci sono delle procure che già stanno indagando sui dati che le regioni danno al ministero» 
Grandissima Lucia Annunziata, dialogando con il ministro Speranza, mentre sta aspettando al varco #Toti
#mezzorainpiù
#Covid_19 #COVID19 #covidliguria
#genova @RaiTre"
2020-11-08 14:20:49+00:00,profondo,1325443159967543296,@MassimGiannini @LaStampa Il covid19 ti ha divorato quel poco cervello rimasto
2020-11-08 14:22:18+00:00,cerberoTO,1325443535089389570,Procedure per i sintomatici in Piemonte.
2020-11-08 14:25:58+00:00,RosyilCapo,1325444454564696064,Ringrazio chi di competenza per aver lasciato le #scuoleaperte. 1) ci son docenti che hanno bisogno di una connessione migliore di quella che avrebbero a casa; 2) stare a casa a fare #dad mi deprime; 3) un minimo di interazione sociale è fondamentale per non scapocciare #COVID19
2020-11-08 14:47:08+00:00,petergomezblog,1325449783474085897,"Coronavirus, tutto l’Alto Adige diventa zona rossa. Nuova ordinanza del presidente della provincia Kompatscher https://t.co/9UuGEPMc7a"
2020-11-08 14:53:31+00:00,VikSom71,1325451387896025088,Di diritto nel @TeamEstinzione
2020-11-08 14:53:41+00:00,paolo83237426,1325451430484959234,@paolo83237426's account is temporarily unavailable because it violates the Twitter Media Policy. Learn more.
2020-11-08 14:54:35+00:00,LoveMi66833922,1325451656423727108,#COVID19 #COVID__19 #coronavirus @robersperanza giusto per capire: ma se a Whuan non hanno più morti e praticamente zero contagi...allora un modello vincente esiste!!! Imitarlo??
2020-11-08 14:57:27+00:00,Latigre72,1325452378901000195,"@MarianoSalis1 @PauDybala_JR Mariano ci sono problemi anche finanziari, li stadi chiusi sono un grosso problema, specialmente per noi, l’ingaggio di Ronaldo è pesante... se no avremmo fatto un mercato diverso senza sto cazzo dì COVID-19"
2020-11-08 14:58:31+00:00,albertomuritano,1325452645495140352,"La pandemia ci spinge ad affrontare nuove sfide, noi possiamo aiutarti a digitalizzare il tuo punto vendita.
Vai su https://t.co/kdFmJZnPEr e contattaci subito.
#Retail #negozi #ristoranti #bar #DigitalMarketing #app #COVID19"
2020-11-08 14:59:58+00:00,MaroneLoredana,1325453012534489088,Per caso mi viene in mente il MES
2020-11-08 15:06:23+00:00,FakeBusters13,1325454626804600839,"Lazio sotto indagine per i tamponi 
Foto:repubblica roma
Approfondisci su:https://t.co/uFzIF5U4R9 
#italia #italy #italy🇮🇹 #serieatim #seriea #calcio #calciogiocato #lazio #sslazio #calcio #calciatori #sportlife #sport #immobile #covid19 #coronavirus #covid #News #fakebusters https://t.co/eY3KA0NY14"
2020-11-08 15:10:00+00:00,Max_Alle,1325455536863797250,Situazione tristissima
2020-11-08 15:17:49+00:00,cmqpiena,1325457504172732416,Gentilmente non fate zuppe di visone
2020-11-08 15:44:03+00:00,quotidianodirg,1325464105751212032,"Coronavirus Ragusa: 1.877 positivi, 98 ricoverati e 3 morti in 24 ore https://t.co/4lzKmJz53U @quotidianodirg #news #notizie https://t.co/6b7pfBzFoI"
2020-11-08 16:01:01+00:00,FedeDiGianni,1325468375401836544,"Ci ha chiamato un medico dell'ASL per sapere come stiamo, visto che abbiamo #COVID19
I nostri cani hanno iniziato ad abbaiare e ci siamo scusati per il fracasso.
Ci dice ""Nessun problema, io sono un veterinario""
🤔
#andratuttobene #Covid_19 #COVID #coronavirus #Coronavirusitalia"
2020-11-08 16:26:12+00:00,Lorenzo_Dolce,1325474715218141187,"#COVID19 in #Abruzzo 584 nuovi casi. È il secondo dato più alto di sempre. Positivo il 17,34% dei 3.349 #tamponi analizzati. #LAquila +242, #Chieti +123, #Teramo +115, #Pescara +81. 527 #ricoveri (43 in #terapiaintensiva. Nessun decesso. https://t.co/880gLOnU9a"
2020-11-08 16:27:06+00:00,RaffaeleUgliano,1325474939143643136,Di male in peggio
2020-11-08 16:31:21+00:00,LeonardoMontef6,1325476011190915073,"@PiazzapulitaLA7 Allora basta isolare gli anziani dal contesto curandoli in strutture adeguate. Senza fare tutto sto casino di lockdaun che pesa sull' economia del paese, questo covid19 può essere curato a casa per le fasce di età sotto i 60 senza patologie."
2020-11-08 16:35:08+00:00,franzrusso,1325476962429775875,"Sono 32.616 i nuovi casi di #COVID19 nelle ultime 24 ore, in calo, su 191.144 tamponi ; 331 le vittime, in calo; tamponi/contagi 17%.
Ricordarsi sempre di:
▪️Indossare la mascherina 😷
▪️Lavarsi le mani 👐
▪️Mantenere la distanza 📏
▪️Evitare assembramenti
▪️Scaricare @immuni_app"
2020-11-08 16:42:33+00:00,quotidianodirg,1325478828412555264,Coronavirus Sicilia: 1.083 nuovi positivi e 13 morti: i dati provincia per provincia https://t.co/Df2BgBlMz7 @quotidianodirg #news #notizie https://t.co/ZrQM7kIwVD
2020-11-08 16:44:41+00:00,studiogiametta,1325479363702353921,#hardday13 #napoli sotto il #pressuretest e siamo ancora zona gialla! E cosa accadrà nel mentre quei gran geni a #roma decidono i colori della #Campania?
2020-11-08 16:47:41+00:00,beppeferri9649,1325480120203800577,"@LaStampa Chiedo, ormai in Italia si muore solo di #Covid19?"
2020-11-08 16:50:43+00:00,Carloalvino,1325480882757644288,E adesso come la mettiamo? Chi ha chiamato alla ASL? De Laurentiis? De Luca? Manitù?
2020-11-08 17:03:06+00:00,ItalyFoodTrade,1325484000547385347,Guai in arrivo per l’export di #surgelati @FabrixDeStefani @retailwatch_it @VitoGulli @StanFabbrino @Andrea_Radic @angelodimambro @ninnipetrol @paoloigna1 @GiampaoloRossi @RadioArticolo1 @primaitaly @ItaliaZootecnia
2020-11-08 17:08:14+00:00,LoveMi66833922,1325485291034062848,"Finirà dalla D’Urso in prima serata.
Ma io non do la colpa a questa signora siciliana. Perché dovrei? In fondo lei ha capito che è certa TV a vivere di ste trashate....la colpa è solo degli editori che sposano certe linee editoriali.
""La cultura ci rende liberi"". #coronavirus"
2020-11-08 17:21:42+00:00,synergydent,1325488682015580160,"🦠NOVITÀ COVID-19
🧪Kit Tampone Rapido Combo Covid19 &amp; Influenza  A e B confezione  20pz.
✅Prezzo € 439,00
🛒Disponibile dal 11/11/2020 e prenotabile tramite sito internet con pre-ordine o via email a : info@synergydental.it 
#TamponiCovid #tamponicovid19 #TamponiCombo https://t.co/A73JVpUjab"
2020-11-08 17:21:52+00:00,LucaMarelli72,1325488724440969219,"Notizia per nulla marginale.

#ASL #COVID19"
2020-11-08 17:24:32+00:00,LucaDordolo,1325489393562423300,Lo strano modo di scrutinare i voti negli USA... che sia la democrazia al tempo del covid19??? The Usa strange scrutiny way... Is this Covid-19 new democracy?? #Election2020  #votopostale #BidenPresident #BidenPedofilo #TrumpvsBiden https://t.co/n1g2O9Fepu
2020-11-08 17:25:43+00:00,ravvediti,1325489690330484738,@DiSantita #MightySundayExpo il Coronavirus ci fa capire che sulla terra qucosa è cambiato
2020-11-08 17:35:32+00:00,quotidianodirg,1325492163417788416,"Coronavirus, sciclitano ricoverato al Maggiore di Modica https://t.co/DVWXpZjMYj @quotidianodirg #news #notizie https://t.co/CHzzTmqxtF"
2020-11-08 17:36:34+00:00,pietrocristof12,1325492421745135617,"Poi udirono la voce di Dio il Signore , il quale camminava nel giardino sul far della sera; e l’uomo e sua moglie si nascosero dalla presenza di Dio il Signore fra gli alberi del giardino.
Genesi 3:8 NR06
https://t.co/WZ5cXxbVSv

#MightySundayExpo"
2020-11-08 17:38:06+00:00,melissa6412,1325492807738548227,Ma perché multano a noi?mentre loro possono fare tutto!!
2020-11-08 17:39:28+00:00,MattiaCristofa2,1325493150979395584,"Gloria a Dio Ascoltiamo i servi di Dio!!!!!
#MightySundayExpo"
2020-11-08 17:44:04+00:00,Federissao,1325494310888935425,Si dovrebbe vergognare e chiedere scusa a tutti i parenti delle vittime del #COVID19. Davvero rimango basito di fronte a tanta grettezza!
2020-11-08 17:45:30+00:00,CitoRomina,1325494669187407872,"@DiSantita #MightySundayExpo Il coronavirus sta annunciando alla Chiesa:
➡ La venuta del MESSIA
➡ L’ora di giustizia e ravvedimento per catturare i cuori delle persone"
2020-11-08 17:48:07+00:00,NicolaColucci19,1325495328213245958,Sal 33:12 Beata la nazione il cui DIO è l'Eterno; beato il popolo che egli ha scelto per sua eredità. #MightySundayExpo
2020-11-08 17:52:37+00:00,COLIZZIALMERICO,1325496459211526150,"🇮🇹 #Coronavirus. Il #ministro della #Salute, Roberto #Speranza, annuncia la distribuzione del #vaccino anti-Covid a tutti i #cittadini entro la fine del primo trimestre o del primo quadrimestre del 2021"
2020-11-08 17:55:10+00:00,Carolin12196021,1325497102139592705,"Coronavirus,  nuovo picco di contagi in Usa, oltre 126000 casi in 24 ore.
#hastatotrump vero @LUCRIGONI ? https://t.co/lbWm0nyVZ2"
2020-11-08 17:57:38+00:00,beppeferri9649,1325497725518041088,"@Topo_Ligio @MattWalshBlog Qui non c'è #covid19
Dai #dem."
2020-11-08 18:02:50+00:00,apulderico,1325499030319865856,"Un abbraccio al #Piemonte dove per ogni persona che guarisce di #covid19, altre cinque si ammalano e dove i morti sono il 10% del dato nazionale."
2020-11-08 18:06:29+00:00,corte_dc,1325499950483070976,"Si dice che nei paesi anglofoni, causa Covid19 stiano facendo incetta di lire turche..."
2020-11-08 18:12:26+00:00,CCIAARIVLIG,1325501447233019906,"@infocamere L'emergenza #COVID19 fa crescere il bisogno di strumenti digitali per gestire il proprio business su #Mobile 
""Coronavirus: con https://t.co/jXedkcBacJ l’azienda è “in tasca” su @Adnkronos
👉https://t.co/rdAvEqgKfx
#digitaltransformation https://t.co/EH2aQMKJzf"
2020-11-08 18:15:23+00:00,corte_dc,1325502188379049988,Quindi adesso gli untori accusano gli appestati di essere potenziali untori?
2020-11-08 18:24:02+00:00,quotidianodirg,1325504367730913280,"Coronavirus, 38 positivi a Scicli https://t.co/K6ts2BpzSg @quotidianodirg #news #notizie https://t.co/jYj3UK7jUN"
2020-11-08 18:32:28+00:00,Ever__89,1325506488861855744,"Bellissimo chiudere i centri commerciali il weekend quando comunque tieni aperti i negozi su strada, oggi via dei castani sembrava via del Corso di un 23 dicembre qualunque #covid19 #lockdown"
2020-11-08 18:41:41+00:00,petergomezblog,1325508810681749509,"Coronavirus, i dati – 32.616 nuovi contagi con 191mila tamponi. 331 morti. Tasso positivi-test stabile al 17%. Quasi 1.500 ricoveri in un giorno https://t.co/eQuFnvodo1"
2020-11-08 18:45:25+00:00,nuccia20,1325509748402360320,"Questi sono matti. Levateceli dai piedi, vi supplico"
2020-11-08 18:47:49+00:00,NathanDelMare,1325510352210169856,"Comunque devo ammettere che quando si potrà REALMENTE tornare a ballare nelle DISCO, ci andrò sicuramente. Sarà un atto liberatorio quello di ballare post #coronavirus e poter riabbracciare tutti. Quel giorno arriverà."
2020-11-08 18:50:33+00:00,quotidianodirg,1325511040944152576,"Coronavirus Italia, 32.616 nuovi casi e 331 decessi https://t.co/TnnKTaimiu @quotidianodirg #news #notizie https://t.co/TYmhN0sS09"
2020-11-08 18:55:09+00:00,and_mic,1325512199373279232,"@lucasalvioli @lforesti Ma non si era detto che avere avuto il covid-19 non garantiva dal non avere una nuova infezione, e che gli anticorpi tendono a diminuire e sparire nel tempo?"
2020-11-08 19:31:00+00:00,marco9894,1325521219957874688,Ti stai svegliando finalmente(forse)
2020-11-08 19:39:31+00:00,antoniomercurio,1325523364698607620,"@GiuseppeConteIT @robersperanza @F_Boccia I numeri non mentono, state sbagliando, servono misure più drastiche ora per non vedere realizzarsi una ecatombe tra 3 settimane...."
2020-11-08 19:45:38+00:00,CAMARDELLAGio,1325524900614901788,"Cmq ragà ha pienamente ragione: quelli della Lazio possono partire 
quelli della Roma no 
Sono due asl differenti e hanno preso due decisioni opposte per lo stesso motivo.
No, così proprio nn va"
2020-11-08 19:46:11+00:00,EnzoSan69,1325525041237422082,"#NonelArena, altro che critiche e ingiurie, #Bassetti dovrebbe essere nominato #Ministro della #Salute! #sanita #coronavirus #COVID19"
2020-11-08 19:54:06+00:00,gilenosav,1325527032755851266,"Un intervento quasi perfetto quello di #Berlusconi di oggi a #ctcf . La lotta al #covid19 non può essere faziosa, grazie."
2020-11-08 19:58:55+00:00,acerracido,1325528244083421184,"In piena pandemia, #Mancini, positivo al #Covid_19, convoca 41 calciatori!.. questo è uno squilibrato e va cacciato!
#SerieA #nazionale #coronavirus"
2020-11-08 20:00:28+00:00,ClaudiaPriano,1325528637609742339,"Come siamo messi. Bassetti incaricato della gestione dei pazienti Covid al ministero della Salute.
Eccolo
#COVID19 https://t.co/KDiyBYRvDf"
2020-11-08 20:10:14+00:00,EnzoSan69,1325531094469447681,"#NonelArena, con questa impennata di casi di #coronavirusitalIa, #Governo e #Regioni si trastullano e se la menano sui dati: purtroppo il #Lockdown2 è un male .. necessario per ammorbidire la curva dei #Contagi! #COVID19"
2020-11-08 20:13:29+00:00,manomela,1325531909573775363,Va tutto bene a #Roma. Nel frattempo fuori gli ospedali c’è la fila delle autoambulanze. #COVID19
2020-11-08 20:14:50+00:00,BelliTiziano,1325532251187195906,"quando penso che Bill Gates vuol farci fuori tutto col covid-19 non ci dormo la notte, ho molta paura proprio perché ha detto che i primi saranno quelli che usano apple"
2020-11-08 20:18:47+00:00,alottohandle_,1325533246332022788,Il lungomare di Napoli da una parte e le cure nelle macchine perché in ospedale non c’è posto ——&gt; Zona gialla= liberi tutti. La Campania doveva essere rossa. Punto. #ctcf #covid19
2020-11-08 20:23:15+00:00,LinoCangemi,1325534367876255744,"Tra poco a #NonelArena parlerà l'ex commissario ad acta della sanità calabrese #SaverioCotticelli, vuoi vedere che in una notte ha capito tutto quello che non ha fatto in due anni??

#calabria #sanita #COVID19 #SanitaCalabrese"
2020-11-08 20:23:18+00:00,gilenosav,1325534381600092166,"Le dichiarazioni dei principali medici italiani da #Torino, #Milano e #Napoli. La situazione è critica. #ctcf #Covid_19 #coronavirus https://t.co/t2C9VteOzT"
2020-11-08 20:24:21+00:00,simonagiacobbi,1325534644993986560,Sileri che perde il suo self-control. #silerinonelarena #dpcm #covid19 https://t.co/0ojFN3uMYH
2020-11-08 20:25:06+00:00,ClaudiaPriano,1325534836585603072,"«I cittadini irresponsabili, i negazionisti, quelli che danno false notizie, sono correi, conniventi e colpevoli di quanto sta succedendo».
#CTCF #COVID19 #COVID19italia https://t.co/CpcYV7tGXa"
2020-11-08 20:27:24+00:00,giomo2,1325535411704385537,Napoli lungomare https://t.co/1H2kfC2JHE
2020-11-08 20:32:37+00:00,C0NFIT3B0R,1325536724366319616,Ho finalmente incontrato dal vivo un #negazionista con mascherina. Mi ha informato che il Governo sta artatamente aumentato i morti per #covid19 perché l'Europa ci darà 1.300 euro per ogni deceduto. #noncenecoviddi #cosedapazzi
2020-11-08 20:41:33+00:00,GianniTacchini,1325538975457701890,quindi stanno salvando l’economia a sfavore della salute #ctcf #COVID19
2020-11-08 20:41:59+00:00,Trimani1977,1325539084983554048,"Se fosse vero che i numeri sono falsati in #Campania sarebbe gravissimo e vergognoso. 🤬

#NonelArena #DeLuca #DeMagistris #Napoli #coronavirus #terapieintensive #COVID__19"
2020-11-08 20:47:22+00:00,rpingar,1325540436711190541,Occorre riuscire a convivere con il Convid.... non é più possibile combatterlo. 😔
2020-11-08 20:49:08+00:00,simonagiacobbi,1325540881550766080,Sono assolutamente d’accordo xon De Magistris. Gli italiani si responsabilizzeranno - purtroppo - solo e unicamente con un lockdown da area rossa. Altrimenti è la giungla. #nonelarena #covid19 #dpcm
2020-11-08 20:52:38+00:00,NathanDelMare,1325541765152186370,"Domani sarà una lunga giornata. Forse l’ultimo giorno in ufficio. Poi andrò in #SmartWorking. La cosa non mi va affatto, ma per il bene comune si fa. #coronavirus"
2020-11-08 20:56:31+00:00,k0kin0,1325542741993000960,"“Cerco di capire con un medico cosa mi sia successo in quel momento” 😂😂😂

Cit. Cotticelli 

#Cotticelli #calabria #COVID19 #conte"
2020-11-08 20:59:56+00:00,TgRaiBasilicata,1325543600088887297,Sono 26 i  positivi  al  #coronavirus nella casa di riposo di Calvello. Si tratta di 17 ospiti e 9 operatori.  @TgrBasilicata @TgrRai
2020-11-08 21:04:24+00:00,cla952,1325544726414716931,Non mi ricordo più i miei problemi esistenziali prima del #COVID19 #noneladurso
2020-11-08 21:06:08+00:00,niccolo_f,1325545159749201920,#COVID19 #COVIDー19 #schifo #norispetto #virus #italiani #domenicalive #mondello #vergogna una canzone sul covid siamo alla frutta
2020-11-08 21:07:36+00:00,k0kin0,1325545529930108930,"Non lo riconoscono più neanche in famiglia 

#cotticelli #Conte #calabria #sanita #COVID19"
2020-11-08 21:13:14+00:00,PrimaiLavorator,1325546948959596544,"Se non sanno fare il proprio lavoro, che cambino mestiere

https://t.co/ZeJTwNttec.

#nonelarena #dpcm #noneladurso"
2020-11-08 21:18:12+00:00,fsrana74,1325548197276692482,"@nonelarena io non capisco, la risposta a domande su ulteriori responsabilità sul #covid19 è arrivata a fine ottobre ed è stata letta al giornalista di #TitoloV. E xché si è dimesso? Non bastava chiarire l’equivoco? È meno chiaro di prima @RaiTre #NonelArena"
2020-11-08 21:26:19+00:00,VitoeCarmelaPis,1325550242360680452,"@lucianocapone @claudiocerasa Brogli? Veramente Trump ha fatto tutto da solo! Ha detto e fatte tante di quelle cazzate, incominciando dal covid19, da aver convinto una buona parte degli americani a voltargli le spalle!"
2020-11-08 21:38:31+00:00,ILSOB1LL4,1325553308673716227,"Una delle regioni in cui  il presidente vuole impugnare il #dpcm e il cui assessore alla sanità dichiara l’allarme rosso.
DIMETTETEVI CIALTRONI!
#Piemonte #COVID19 #Ciriò #Icardi #Fazio"
2020-11-08 21:40:36+00:00,PiramideRossa,1325553836069687298,Come cambia il concetto di “#personafragile” e di “#personaforteesana” ai tempi del #COVID19 #pamdemia @INPS_it @MinLavoro @MinisteroSalute @cgilnazionale @cislfp @UILofficial @GiuseppeConteIT @nzingaretti https://t.co/bQtKKAwa6w
2020-11-08 21:45:13+00:00,robtor83,1325554996352610306,Non ce n’è dignità #COVID19
2020-11-08 21:47:33+00:00,ntonioGiordano,1325555584209391616,Quello a cui assistiamo oggi nei PS e negli #ospedali dice solo una cosa: che non è stata potenziata alcuna rete #sanitaria. E questo è vergognoso. Poi fate tutti i semafori che volete. #Covid_19 #COVID19 #coronavirus2020 #COVID2019 #coronavirus
2020-11-08 21:48:25+00:00,AntennaGambero,1325555801449230343,"Da ""Leggo"": #Roma, #ViaDelCorso, oggi pomeriggio.
Se a breve il #Lazio diventerà arancione o rosso, il primo che farneticherà di #DittaturaSanitaria, giuro che farà arricchire il suo dentista grazie alle stampelle che uso in questo periodo di merda. 😠
#COVID19 #sciagurati https://t.co/1st8THyc2F"
2020-11-08 22:02:04+00:00,fsrana74,1325559236705873920,E quindi come lo dovremmo chiamare il piano citato nel servizio di #TitoloV se non è “piano anti covid19”? Piano sui tamponi? #nonelarena #Cotticelli
2020-11-08 22:03:23+00:00,AntonioParisi00,1325559566906646533,"Nessuno si salva da solo  - Per vincere contro il Covid-19, il diritto alle cure deve essere per tutti. Firma l'appello! https://t.co/KZFQgrOh5V"
2020-11-08 22:04:31+00:00,cicciomont,1325559854199672834,"@nonelarena  comunque catticelli va curato ...
#COVID19"
2020-11-08 22:11:39+00:00,marilamb2011,1325561648602619904,Ma speriamo!
2020-11-08 22:25:25+00:00,MirarchiSimone,1325565113731076098,"Ma quindi tutti si sordi cu si pappau?!
NON CI RESTA CHE PIANGERE CARA LA MIA #CALABRIA!
#La7 #nonelarena #Calabria #Covid19 #SanitaCalabrese https://t.co/jVmPuspsfe"
2020-11-08 22:33:46+00:00,TricomiF,1325567214389497857,"@BaianoAngela1 @Tg3web @GiuseppeConteIT @VincenzoDeLuca @demagistris Scusate, ma se invece di stare in televisione a criticare @demagistris si fosse occupato di controllare la città che amministra, forse, e dico forse, ci sarebbe qualche macchina in meno in coda al ps
#Napoli 
#COVID19"
2020-11-08 22:35:15+00:00,FamiglieSanSalv,1325567586797576198,"https://t.co/VAhHoGzUab

Lavori in corso all'#Ospedale da campo al #Parco del #Valentino, nel 5° padiglione, da concludersi entro 7-10 gg. Nuovo presidio ""attendato"" da 450-500 posti letto. L'estrema risorsa d'una #città per ricoverare i malati di #Covid."
2020-11-08 22:57:33+00:00,CateniAndrea,1325573199850049541,Non è possibile
2020-11-08 23:06:20+00:00,LauraMlb7,1325575410688675843,"Maria, Infermiera: “la Pandemia da Coronavirus questa volta è diversa, vado al lavoro con il terrore addosso”. https://t.co/iaw046mKn3 via @AssoCareNews.it - Quotidiano Sanitario Nazionale"
2020-11-08 23:25:30+00:00,circus_imperial,1325580234930982912,"Chiediamo solo di poter lavorare
 Che ci diano l'autorizzazione con tutte le normativi covid19,ad aprire le nostre porte al pubblico,a tutte quelle persone che hanno bisogno di sorridere,di distrarsi,piccole o grandi che siano,x fargli vivere ancora oggi""un sogno ad occhi aperti https://t.co/Sjogb32j62"
2020-11-08 23:58:17+00:00,mbosisioCPE,1325588485160439810,"@stefaniaconti @FMenegalli @DottAngeloC @guffanti_marco @MaddalenaOlive1 @zanchettin83 @ricpuglisi @gianlucac1 @ThManfredi @raffaelebruno Trovato. Me ne ero completamente scordato, ma quando ha citato la nave mi sono ricordato di aver già letto qualcosa in merito. Mi è bastato cercare tra i miei retweet di qualche mese fa.  https://t.co/jfMm6idtql"
2020-11-09 00:39:40+00:00,LoveMi66833922,1325598897889218560,"L'ho sempre stimato. Sempre stato imbarazzato per gli errori della politica. Ora si è rotto e spara a zero per rispetro della sua intelligenza...infatti non si candiderà mai più. #COVID19
La sfuriata di Sileri: «Lo vogliamo capire che siamo in guerra?» https://t.co/3Km0trahcv"
2020-11-09 03:25:25+00:00,LuisB,1325640612855635969,Secondo una #ricerca #McKinsey in #Italia circa il 89% dei #giovani e il 69% degli over 60 preferiscono lavorare in #smart_working. #lavoro #COVID19 https://t.co/idlz1CEWMB
2020-11-09 03:37:42+00:00,cdlavoro,1325643702488936448,"Il  male può farci del male, però non può toglierci la cosa più essenziale e radicale che ci ha ottenuto Gesù sulla Croce: la libertà. Oggi si chiama Coronavirus, ma nella vita di una persona possono avvenire cose ancor più tragiche.  

La speranza non è morta!
Consigliato https://t.co/nEP9kNwgRN"
2020-11-09 04:58:43+00:00,francoinzirillo,1325664088920371201,"#Capaci #emergenza #COVID19 #SindacoPietroPuccio ordina #chiusura #bibliotecacomunale causa presenza di un soggetto #positivo. Disposta #sanificazione #anticontggio da #Covid_19 #Coronavirusitalia @rep_palermo @TgrSicilia @RetweetPalermo @AnsaSicilia 

https://t.co/12pqOmFVWO"
