Date,User,Tweet_id,Tweet
2020-10-18 04:06:14+00:00,furiomorucci,1317678347598659586,#Oggi #18Ottobre2020 siamo #online insieme al microbiologo Dottor Duccio Cavalieri che ci parla della situazione #Coronavirus in #Italia. #Seguiteci! #web #webtv #tv #socialtv #news #informazione #pareri #puntidivista #notizie #interviste #noi #link 👉 https://t.co/CTYWrB6nmK https://t.co/A4VB4za8OS
2020-10-18 04:31:43+00:00,DuilioFilomeni,1317684761318608897,Lilli Gruber sempre a sinistra https://t.co/BCw38QRRWA
2020-10-18 05:11:09+00:00,DuilioFilomeni,1317694687994662912,"Coronavirus, salgono ancora i nuovi contagi: +10.925 in 24 ore con 165mila tamponi. 47 morti. Su i ricoveri: 439 ... https://t.co/5stLniAArR"
2020-10-18 05:14:23+00:00,DuilioFilomeni,1317695501240860672,"Coronavirus: cosa è il Remdesivir, la speranza che è stata bocciata dall'Oms https://t.co/WI5mXJfvgc"
2020-10-18 05:57:46+00:00,boquito67,1317706419173457920,@Corriere La domanda è: chi decide cosa non sia necessario? La vita di quale lavoratore è  sacrificabile? Il figlio di un barista ha meno diritto a mangiare rispetto a quello di un qualunque dipendente pubblico? #comitatotecnicoscientifico #COVID19 @MassimoGalli51 @GiuseppeConteIT
2020-10-18 05:57:53+00:00,caritaslodi,1317706445681577985,"Per la prima volta gli italiani sono le persone che si rivolgono in maggioranza alla Caritas: nel periodo tra maggio e settembre di quest’anno, i nuclei familiari del nostro Paese che hanno avuto bisogno di aiuto sono stati il 52 per cento, un anno prima erano il 47,9 per cento."
2020-10-18 06:16:07+00:00,Marchess86,1317711035713921026,In Italia i nuovi casi di #COVID19 sono stati 10.925 nelle ultime 24 ore e i morti sono stati 47 e oggi il premier @GiuseppeConteIT annuncia il nuovo #Dpcm con la chiusura di palestre e piscine e coprifuoco alle 22.00 https://t.co/FS7uLojXtn
2020-10-18 06:24:23+00:00,MutiCarla,1317713115933495298,"Corriere della Sera: Coronavirus, nuovo Dpcm: smart working al 75%, a scuola ingressi scaglionati e sei posti al tavolo al....
https://t.co/DFh3PD758n

tramite @GoogleNews"
2020-10-18 06:30:28+00:00,Fuochidipaglia,1317714648402186240,"La #Caritas conferma un forte aumento di nuovi poveri (+45%), soprattutto donne.
Questo è il primo effetto del #COVID19 .
È facile sentenziare di stare a casa e chiudere i negozi quando si ha il portafoglio pieno, o il posto pubblico garantito.

#BuonaDomenica https://t.co/n9BK5OQ5tG"
2020-10-18 06:38:51+00:00,novedafirenze,1317716754932600832,Coronavirus: 879 nuovi casi e due decessi https://t.co/QF9iGZTqJW
2020-10-18 06:39:15+00:00,novedafirenze,1317716856057307136,Coronavirus: dal 18 ottobre i tamponi si prenotano online https://t.co/EAfeKAkWvq
2020-10-18 06:39:23+00:00,deboramau,1317716892904263680,"E poi ci chiediamo come mai la #Lombardia è la prima regione per numero di contagi, ma, anche e soprattutto come hanno fatto ad eleggere #Fontana..... questo video spiega tante cose."
2020-10-18 07:17:06+00:00,rosati22,1317726382479364096,"Galli: «A breve il non necessario andrà tolto, arrestiamo il trend ora o siamo nei guai» https://t.co/ppt0zkKAD2"
2020-10-18 07:22:39+00:00,GerardoCanfora,1317727779262259200,"Le chiusure generalizzate sono il modo per trasformare in costi gli investimenti fatti in sicurezza 
#COVID19"
2020-10-18 07:37:33+00:00,GraRulli,1317731531247521797,#cattiveabitudini da pre #COVID19 conoscenti che chiamano di domenica e dicono che vogliono portarmi a casa il figlio da visitare 😩 e se fosse positivo? 🤷‍♀️
2020-10-18 07:58:58+00:00,danielhazan,1317736917698490369,@GiuseppeConteIT parrebbe saggio...al contrario di quel branco di leninisti trinariciuti del suo governo @robersperanza @dariofrance @F_Boccia e dei media  del gruppo Cairo @La7tv @Corriere #COVID19 #COVIDー19
2020-10-18 08:00:05+00:00,FabriSalvador,1317737199971033089,"Insomma: Valentino lo ha preso e ma anche Uccio Salucci, mentre la fidanzata di Vale... no. Succede. Se fa outing comunque è meglio per tutti. #COVID19"
2020-10-18 08:10:24+00:00,AnnaP1953,1317739796903714816,Gli hanno già  promesso un posto da almeno 100.000€ l'anno.
2020-10-18 08:18:33+00:00,Laro_niela,1317741848954310656,"*Momento racconto*
Uno dei momenti più belli e formativi del periodo #Covid? @allauber che (con tanta pazienza) mi spiega come leggere i dati&gt; trasformati poi in grafici per sito e giornale📱📰 Da venerdì lo rifacciamo anche con la nuova newsletter del @messveneto 
Qui le info 👇"
2020-10-18 08:34:55+00:00,Alfonso1958,1317745967622426624,"Noi invece abbiamo Toti. Sigh! 
SCUOLA: in #EmiliaRomagna test sierologici per il #Covid19 rapidi e gratuiti per studenti e familiari, direttamente in #farmacia. 
Al via lunedì 19, su base volontaria. 
Già 660 le farmacie disponibili, campagna aperta fino a giugno."
2020-10-18 08:35:32+00:00,EffeConTweet,1317746119175229443,Fantastica. Così lo ricordiamo a tutti! #mascherine #COVID19 #WearAMask
2020-10-18 08:48:24+00:00,liveunict,1317749357848965120,"#Coronavirus, a #Randazzo 126 positivi e nuove regole in arrivo: i casi nella provincia https://t.co/Y6bcNBjjgy"
2020-10-18 09:13:01+00:00,claudioc,1317755553314164738,L'editoriale di Massimo Giannini dalla terapia intensiva - Il Post https://t.co/nrDOUFcXeu
2020-10-18 09:15:35+00:00,pontellif,1317756201728413696,"@afarlamare @Adnkronos @CarloBonomi_ #bonomi 
#COVID19

Si accusa il  comportamento del singolo per coprire le mancanze epocali del governo in carica...
Vecchia tecnica comunicativa  di distrazione di massa...

https://t.co/7sfAsZjAFB

Francesco Pontelli"
2020-10-18 09:24:00+00:00,marcoregni,1317758318912458752,Regione #Marche positivi al #COVID19 ieri + 121 oggi +204. Continuiamo a minimizzare va bene così... A Natale sarà un lockdown lungo lunghissimo...
2020-10-18 09:24:14+00:00,CristinaNaples,1317758377603334146,Uno degli stupidi che pensava che il covid non esisteva    ci ha lasciato la pelle!!
2020-10-18 09:26:29+00:00,DQuiriconi,1317758944559890432,Se la situazione è questa le polemiche sul coprifuoco la libertà di spritz lo sport le palestre i parrucchieri etc. etc suonano sinistramente ridicole. Dire la verità e assumere provvedimenti forti sostenendo i settori più colpiti. No a  un DPCM ogni 3 giorni #COVID19
2020-10-18 09:28:27+00:00,franzrusso,1317759439974313984,"Se qualcuno pensa che sia ""tutto esagerato"", leggete il racconto di @MassimGiannini, ricoverato per #COVID19 da due settimane:
""Se vogliamo contenere il virus dobbiamo cedere quote di libertà"" 

https://t.co/visVQl0ugK via @repubblica"
2020-10-18 09:29:57+00:00,franzrusso,1317759813607165952,"#AntonioRicci, creatore di Striscia la Notizia, positivo al #COVID19, ricoverato ad Albenga

https://t.co/SUpHga4Plo via @fanpage"
2020-10-18 09:30:56+00:00,Italiaefriends,1317760061918371841,"I&amp;f
Arte Cultura Attualità
Le cose in realtà non vanno nel verso giusto, anche perché dopo ogni catastrofe, guerra, pandemia, pensiamo e ripetiamo ""Ricominciare"", pensiero e parola positiva, vera solo nel ripetere gli errori fatti. 
""Cambiare"" pensiero e parola è la cosa giusta."
2020-10-18 09:32:17+00:00,CAmarelli74,1317760404437848064,Non si dovrebbe fare ma la lettura questo pezzo è di pubblica utilità o addirittura sicurezza... @LaStampa @Cartabellotta @WRicciardi @s_brusaferro @robersperanza @MinisteroSalute @Agenas_Salute @istsupsan #SecondaOndata #COVID19 #SecondWave https://t.co/A7Vh1iO7Qi
2020-10-18 09:36:58+00:00,Leotruman,1317761580558405633,L’editoriale di Massimo Giannini dalla terapia intensiva https://t.co/DFVI19HN5e
2020-10-18 09:43:39+00:00,planetarysound,1317763262348513280,"@wushurabbit @Gengiskan73 Ottengono i risultati che vogliono.
Basta amplificare il più a lungo.
#COVID19
#GovernodellaVergogna https://t.co/3XSVxoxVKh"
2020-10-18 10:00:41+00:00,SebastianoRus10,1317767548738428930,"Decine di migliaia di test di covidde sono stati, PER ERRORE😂😂😂, conteggiati DUE volte"
2020-10-18 10:00:55+00:00,delucajuri,1317767609534775297,"A me il dubbio mi viene ... Ed anche bello grosso!

A voi no?

#COVID19 https://t.co/YYtOLotkMC"
2020-10-18 10:09:59+00:00,AgenziaCoesione,1317769889952694272,"I fondi della #coesione per superare l'emergenza sanitaria da #Covid19, attraverso regole semplici e flessibilità. Tra i risultati tangibili della programmazione 14-20 nelle nostre città 500 bus ecologici e
28 treni moderni. 
Il Dg #Sabatini a @tgrregioneuropa #CoesioneInCorso https://t.co/RWfrAWDqnt"
2020-10-18 10:10:17+00:00,GianniMessa,1317769966226210817,“Questo è il virus: ricordiamocelo”. E auguri tanti tanti a @MassimGiannini
2020-10-18 10:20:03+00:00,Mediagol,1317772423672967168,"#Torino-#Cagliari, un nuovo calciatore granata positivo al #Coronavirus: il comunicato del club https://t.co/oWZsnyzn5k"
2020-10-18 10:20:33+00:00,quotidianodirg,1317772548860342272,Antonio Ricci positivo al coronavirus: il papà di Striscia la Notizia in ospedale https://t.co/T2InF01u67 @quotidianodirg #news #notizie https://t.co/NMlqqoeZpr
2020-10-18 10:23:36+00:00,franceccobass,1317773316615262213,"Le Scuole sono i posti più sicuri e controllati, gente accalcata in tutte le città fuori e dentro locali senza😷 famiglie che pranzano e prendono il tè con quelli del piano di sotto, ragazzi che si ritrovano a casa di amici a giocare alla Play!🤦🏻‍♂️dovete sta a casa!
#coronavirus"
2020-10-18 10:33:14+00:00,silvia_ks,1317775741321383941,Ma di cosa stiamo parlando????? #dittaturasanitaria #nomask #COVID19
2020-10-18 10:35:43+00:00,GermanoDottori,1317776368155975681,Il caso svedese #COVID19 #secondaondata #forselorofuori  https://t.co/MPfwTseYSJ
2020-10-18 10:37:36+00:00,spazio36,1317776840052887552,Di cosa abbiamo imparato e di cosa impareremo. L’unica cosa non più ammissibile è farsi trovare impreparati.
2020-10-18 10:39:33+00:00,AntoMarrosu78,1317777329628893186,"""Andrà tutto bene' non può essere solo speranza. Deve essere soprattutto volontà"". Grazie per la Sua lucida e preziosa testimonianza direttore, tanti auguri di pronta guarigione @MassimGiannini 🍀"
2020-10-18 10:43:03+00:00,tom3iro,1317778211351179264,Gente incompetente che parla alla cazzum!!! #Dpcm
2020-10-18 10:47:12+00:00,Birbalagatta2,1317779257653891072,"@weirdylena @Cathepanno Guarda che la quarantena si fa quando uno è positivo. Anche se sei negativo e hai un compagno di scuola o un contatto accertato positivo. Poi i furbi ci sono sempre per carità ma te lo assicuro,non hai molta voglia di uscire di casa sapendo d'avere il Covid19."
2020-10-18 10:50:51+00:00,elnaza,1317780174696550401,"La densità abitativa in Svezia è molto minore di quella italiana..
https://t.co/XRAOdBRm8n"
2020-10-18 10:54:08+00:00,Birbalagatta2,1317780999745511424,"@Cathepanno @weirdylena Da una parte hai ragione. Ma non sempre ti da sintomi il Covid19,io sto abbastanza bene dovrebbero fare tamponi a tutti a prescindere da sintomi o contatti vari ma è,credimi, impossibile perché non hanno modo di analizzarli poi."
2020-10-18 10:54:22+00:00,marielSiviglia,1317781059728232448,"Precisazione doverosa: le mascherine sono un regalo formidabile a patologie più gravi del covid19.
Non sfido nessuno a dimostrare il contrario."
2020-10-18 11:00:09+00:00,AlessandroProc,1317782516108005376,In bocca al lupo @MassimGiannini 💪🏻
2020-10-18 11:02:59+00:00,saradellamonaca,1317783226606342150,"Il Fatto Quotidiano oggi titola in prima pagina ""Basta panico"".

Io darei ascolto a Paolo Giordano .

https://t.co/JcSdumEiGe"
2020-10-18 11:05:43+00:00,silvia_ks,1317783916464558081,"Questo virus 🦠 godereccio, a cui piace girare dalle 21 in poi #COVID19 #virus"
2020-10-18 11:12:14+00:00,EffeConTweet,1317785556026359808,"Si potrebbero chiamare “la Banda Bassetti”. Ma io preferisco più i classici, come “Gli irriducibili #Galli”. #coronavirus #COVID19 #18ottobre #"
2020-10-18 11:19:00+00:00,francoinzirillo,1317787259412905984,Leggi questa storia personale di @MassimGiannini e tornano in mente le dichiarazioni idiote di @EnricoMontesano @MassimoBoldi @VittorioSgarbi @a_meluzzi ........ mah!!!! che gente! #cazzari #coronavirus #COVID19 #COVID__19 #COVID19italia
2020-10-18 11:21:39+00:00,SindacoCampagna,1317787927699546112,"La solita inutile, banale ma dannosa propaganda del PD. Esiste uno studio sulle necessità del SSN? Oppure sono il risultato di una spartizione del debito stabilito? #COVID19"
2020-10-18 11:25:14+00:00,marcoregni,1317788827948322823,Aggiungerei un ottimo @federicofubini
2020-10-18 11:28:22+00:00,pmonaco47,1317789617094070272,"testo https://t.co/MwgDYFo0zG cominci lui ad essere serio ed a fare sacrifici, rinunci al suo stipendio per vivere con il minimo indispensabile. Servono esempi non chiacchiere e prediche inutili !"
2020-10-18 11:42:57+00:00,GiuliaCiarapix,1317793285042208768,"«Se il monitoraggio è ancora in grado di distinguere quali sono le zone ad altissima circolazione del virus, quelle aree vanno congelate subito. Perché andavano congelate almeno tre settimane fa».

@paologiordano sul @Corriere

https://t.co/YXPZTTJZR5"
2020-10-18 11:55:18+00:00,acirne,1317796393449345025,Saeb #Erekat negoziatore palestinese di lungo corso trasportato in ospedale dopo aver contratto il #COVID19
2020-10-18 11:56:06+00:00,AntonioGraziani,1317796596881514496,"Smettetela di dire che i giovani sono meno colpiti, li spingete ancora più verso questo esito"
2020-10-18 11:57:31+00:00,giosparver,1317796952373940225,"Quando si supera quota 2 siamo a livello esponenziale: 2, 4, 8, 16, etc
Il numero dei morti, purtroppo sarà conseguente. https://t.co/tBeasMPYGF via @cityrumors_it"
2020-10-18 12:02:16+00:00,apulderico,1317798148455206912,"Ai ""professoroni"" o presunti tali, ai politici e giornalisti che con le loro esternazioni negazioniste e il loro esempio hanno dato il via libera alla seconda ondata della pandemia. Ci vorrebbe una ""Norimberga"", oltre agli schiaffoni di @baruda
#COVID19 #lockdown"
2020-10-18 12:04:42+00:00,tiennegolf,1317798757979881473,@azangrillo: il virus si è attenuato...
2020-10-18 12:04:56+00:00,FaustoBolo,1317798816674885636,"Mi domando cosa abbiamo fatto di male per dover sopportare tutti giorni in Rai e TV le invettive verso gli incompetenti al governo e tutte le litanie di Salvini, Meloni, Tajani per non parlare delle idiozie di Zangrillo e degli specialisti alternativi in cerca di notorietà..."
2020-10-18 12:10:10+00:00,MaurizioCucari,1317800134764351488,Loro accettano fideisticamente qualunque cosa dica o faccia.
2020-10-18 12:12:09+00:00,alessan5141,1317800635266453505,Lettura obbligatoria per i negazionisti d’accatto
2020-10-18 12:16:44+00:00,marcoregni,1317801788360282118,Se I dati di #Umbria e #Marche positivi al #COVID19 fossero indicativi... Oggi supereremo I 12.000 Umbria ha sfondato i 300 (ieri 204) le Marche sopra i 200 e ieri 121... Cc @lorepregliasco @Ruffino_Lorenzo
2020-10-18 12:16:52+00:00,fefodero,1317801823537856512,Quando leggete o sentite qualche politico o medico o altro dire che “PER ORA” la situazione #COVID19 non è grave perché i positivi sono tot ma a fronte di tot tamponi o perché gli ospedali sono solo a tot della capienza massima allora state certi che non hanno capito una mazza
2020-10-18 12:18:16+00:00,uhmammamia,1317802175704256512,"@alex_onedge @ItalyMFA @ItalyinKenya @la_dante @LuccaCandG @Centro_libro @_MiBACT @AccademiaCrusca Ed aggiungo: con il termine CoViD-19 definiamo la malattia (disease), femminile. Se vogliamo riferirci al virus possiamo dire Corona Virus oppure utilizziamo l'altro acronimo SARS-CoV2."
2020-10-18 12:19:45+00:00,simopimo,1317802546577199104,L'editoriale di Massimo Giannini dalla terapia intensiva - Il Post https://t.co/QFZYcb51Xe
2020-10-18 12:22:02+00:00,Mediagol,1317803122622824451,"Udinese-#Parma, un nuovo calciatore ducale positivo al #Coronavirus: il comunicato del club https://t.co/MBHN3rKN4g"
2020-10-18 12:33:12+00:00,Alessio51901901,1317805932949143554,Il Coronavirus nella Sicilia del caos dove in tanti già emigrano al Nord per curare altre malattie - I Nuovi Vespri https://t.co/xbJsatxYTG
2020-10-18 12:33:16+00:00,Bea_Mary84,1317805947419566080,"• THREAD •

Tra le tante esperienze che io ed @EpyAle avevamo programmato di fare insieme la Covid19 non era tra queste, ma tant’è. Dopo qualche giorno di sintomi inequivocabili abbiamo contattato i nostri medici di famiglia che ci hanno messo in lista per fare il tampone."
2020-10-18 12:33:58+00:00,epris,1317806126096941057,Aforisma perfetto anche per gli amici #complottisti #Dpcm #COVID19 #Covidioti #COVID
2020-10-18 12:35:45+00:00,ParriniL,1317806572731510785,Non potevano che essere - in questo momento - i 5S
2020-10-18 12:36:25+00:00,andrea_boscaro,1317806742647066625,"Un grande abbraccio a @MassimGiannini e, con lui, a tutti quelli per i quali il virus non è “solo un’influenza”."
2020-10-18 12:41:55+00:00,cmqpiena,1317808125236359170,In bocca al lupo a @MassimGiannini
2020-10-18 12:44:33+00:00,AlessandraBoni2,1317808789505138689,Le palestre o le associazioni sportive dilettantistiche che futuro avranno? Si sa già qualcosa? #COVID19 #coronavirus #coronavirusitalIa
2020-10-18 12:47:02+00:00,avio08316813,1317809412711526400,Oggi la preoccupazione del #governo e dell’opposizione di #SalviniPagliaccio e @GiorgiaMeloni è quella di vedere ancora la #SanitaPubblica senza posti letto #COVID19. Da oltre 6 mesi non c’era qualcuno che lo ipotizzava e chiedeva di usare il #Mes per farvi fronte? Non ricordo il
2020-10-18 13:07:23+00:00,Monicaferri6,1317814535659659266,@Mezzorainpiu @RaiTre Rispetto quanto detto in trasmissione sulla Svezia il Giornale dice altro https://t.co/JwgD33ZMM0
2020-10-18 13:08:19+00:00,francoinzirillo,1317814769198530562,#Capaci #emergenza #COVID19 #SindacoPietroPuccio emette ordinanza #chiusura #scuola #degasperi a seguito #positività di una docente.Disposta #sanificazione #anticontggio da #Covid_19 #Coronavirusitalia @rep_palermo @TgrSicilia @RetweetPalermo @AnsaSicilia https://t.co/uWC56q8NzK
2020-10-18 13:18:15+00:00,sarabiasi,1317817271084064768,La pandemia sta accorciando ancora una volta il respiro della nostra democrazia. Provare a impedirglielo tocca solo a noi. Scambiando la rinuncia di oggi con il riscatto di domani. @MassimGiannini
2020-10-18 13:19:58+00:00,NikiConLaBarba,1317817702032023552,"Insegne in Italia, anno 2020.

🤦🏻‍♂️
#COVID19 
#COVID19italia #Covidioti 
#LockdownAllItaliana 
#lockdown #COVIDIOTS https://t.co/tdyAwXRGYN"
2020-10-18 13:27:48+00:00,barbagi3,1317819672503308288,"Come sei bello Governatore della regione Campania De Luca Vincenzo, grazie di esistere baci 😘 Giovanna ❤️"
2020-10-18 13:28:33+00:00,Mediagol,1317819861343498240,"#SerieA, De Siervo: “Coronavirus? Necessario seguire le indicazioni previste, caso Parma emblematico” https://t.co/CpiH6iB3F7"
2020-10-18 13:29:47+00:00,LoveMi66833922,1317820170132508678,#mezzorainpiù perché ho la percezione che quello che sta dicendo la ministra siano un mucchio di cavolate? Chi glielo dice che la gente ti respira addosso? 🤦‍♂️ #COVID19 #trasporti #coronavirus
2020-10-18 13:30:07+00:00,GermanoDottori,1317820254588907520,"Patricia Thomas al #LimesFestival, il Covid-19 è un grande rischio per Francesco. Si pensava che si sarebbe fermato. Invece no. Come Trump, neanche Francesco si mette la mascherina"
2020-10-18 13:36:05+00:00,PivaEdoardo,1317821758204936199,due luridi esseri
2020-10-18 13:37:04+00:00,quotidianodirg,1317822004167258112,"Coronavirus, Di Maio su Facebook: a breve misure più stringenti https://t.co/WcsHB6X4IY @quotidianodirg #news #notizie https://t.co/CNVyAapkk3"
2020-10-18 13:43:32+00:00,ivo_tarantino,1317823633348300800,". @paologiordano - che sia per l’interesse della comunità o per il proprio, per evitare le colonne militari di bare o per non rinunciare al bar, non troppo a lungo - ci spiega perché è tempo di decidere. Ora. Con risolutezza, magari ancora con precisione. 
#daleggere #COVID19 https://t.co/AaC28yQ5tz"
2020-10-18 13:47:12+00:00,antoaurigemma,1317824556338499584,"Cari Amici nonostante abbia seguito scrupolosamente tutti i protocolli anti-contagio, ho appena scoperto di aver contratto il Covid-19
Insieme a Voi ho percorso strade pericolose ho scalato vette inaccessibili ora con la vostra vicinanza supererò anche questo ennesimo ostacolo 🇮🇹 https://t.co/thC4G2CAIl"
2020-10-18 13:51:18+00:00,francoinzirillo,1317825587780739074,"#emergenza #COVIDー19 a parte misure di @Palazzo_Chigi gran parte del contenimento contagio da #COVID19 dipende da tutti noi, da semplici norme comportamento #mascherine #distanziamento. Lasciamo a loro #cazzate i vari @a_meluzzi @VittorioSgarbi @matteosalvinimi e simili #cazzari"
2020-10-18 13:59:22+00:00,ASchwibach,1317827616292982791,Domande? “Non avrai altra malattia accanto a me”... Questa gente non sta bene in testa
2020-10-18 14:00:51+00:00,luci69dc,1317827991595110400,"I miei genitori che hanno rinunciato a tutto per farci studiare e vivere una vita dignitosa, mi hanno insegnato che il lavoro è la cosa più importante.
Siamo tutti d’accordo su questo?
Bene.
Perché ragazzi, basta lamentarsi che non possiamo andare nei bar dopo le 9.
#coronavirus"
2020-10-18 14:01:34+00:00,arf832,1317828169802653707,"Ecco adesso mi sento esattamente come ad aprile ....cazz.. di conferenze mi mettono ansia.
#lockdown #conte #direttaconte #ansia #DirettaFacebook #COVID19 #Covid_19 https://t.co/3T59KRmYJk"
2020-10-18 14:23:48+00:00,Pheet21,1317833763557134336,"Se giannini è questo giornalaccio di regime hanno venduto tempo fa le loro libertà non vedo perché dovremmo farlo noi.
Che il ducetto ci provi pure a togliercele.
#DittaturaSanitaria
#COVID19

https://t.co/oC6fnVCKsJ"
2020-10-18 14:28:58+00:00,grazianig,1317835063917150210,Vincono le Regioni 🤔 #Dpcm #COVID19italia @ilsecoloxix @Miti_Vigliero
2020-10-18 14:33:07+00:00,marilamb2011,1317836111608152066,"Non sono letti in più, li tolgono ad altri reparti.
#COVID19"
2020-10-18 14:33:20+00:00,gpazzaglia71,1317836165173706752,"Dottore, due soli punti non spiegano niente. Riuscite a spiegare (o a farvi spiegare) perché da lineare la crescita è diventata esponenziale?"
2020-10-18 14:34:39+00:00,AntoninoManfuso,1317836495080882181,Succede a Dubai: neonato cerca di strappare mascherina al ginecologo.. sarà un segnale?!? 💪🏻🙏 #COVID19 https://t.co/yclVm7yUoK
2020-10-18 14:41:49+00:00,marco_veracini,1317838300204457984,"Pazzesche le risposte dei negazionisti, sono persone malate; sciacalli al capezzale."
2020-10-18 14:48:08+00:00,JoesDrewSAS,1317839890961354753,"Troppa #paura di #morire
Non facciam che #regredire

#COVID19"
2020-10-18 14:53:33+00:00,mitzicim,1317841252235284480,Una conferma ai dubbi
2020-10-18 14:58:10+00:00,paoloangeloRF,1317842415307362304,"Coronavirus, Pellegrini: ""Prima notte senza febbre, ma ho perso gusto e olfatto"" https://t.co/QWRCSDZ33v via @repubblica che dispiacere @mafaldina88"
2020-10-18 14:58:55+00:00,assisinews,1317842604868984834,"Coronavirus in Umbria, +327 nuovi positivi: i dati del 18 ottobre - AssisiNews https://t.co/lNbspCIXwX"
2020-10-18 14:59:22+00:00,marielSiviglia,1317842716210958337,"@yenisey74 Ha ragione, ma non risulta che la gente che ha frequentato le discoteche sono morte di covid19. I virus killer sanno chi e dove colpire."
2020-10-18 15:00:51+00:00,Angelo77306451,1317843091206901760,Banale siga Meloni i primi tre negazionisti hanno record dei contagi dei morti e tutti e tre sono stati contagiati hanno contribuito alla diffusione e dei morti negando negando e ancora negando
2020-10-18 15:06:00+00:00,marielSiviglia,1317844383337730054,"@yenisey74 Ergo: i giovani sono sempre stati usati come capro espiatorio,ma mai come con il covid19. Nemmeno ai tempi in cui l'Aids veniva raccontata come la peste del 2000, mass media e politica hanno raggiunto un livello così basso."
2020-10-18 15:07:40+00:00,tobiadestefano,1317844804848504834,"Cosa vuol dire ristoranti chiusi alle 24, in pratica e’ già così... E cosa risolvi vietando le sagre di paese e le fiere? Basta mettere delle pezze ci vogliono pochi provvedimenti che siamo chiari. 
Di questo passo e visti i numeri faremo un Dpcm ogni 3-4giorni #coronavirus"
2020-10-18 15:13:08+00:00,franzrusso,1317846182144737280,"Sono 11.705 i nuovi casi di #COVID19 nelle ultime 24 ore, su oltre 146 mila tamponi (in calo); 69 sono state le vittime.
Ricordiamoci sempre di:

▪️ Indossare la mascherina 😷
▪️ Lavarsi le mani 👐
▪️ Mantenere la distanza 📏
▪️ Scaricare @immuni_app 📱"
2020-10-18 15:16:47+00:00,insnethngs,1317847099812290561,quel porco di dio
2020-10-18 15:21:16+00:00,MagicaNatura,1317848227455127552,"Peripezie Felliniane.
Il fulesta, tra le ruote de ""strazer"" (straccivendolo)
Si lavora per una replica, (COVID19 permettendo)
Buona vita https://t.co/hhEjR7kHU3"
2020-10-18 15:24:54+00:00,terry50mm,1317849140827770882,Vorrei vedere la sessuologa come lo fa.
2020-10-18 15:40:05+00:00,acirne,1317852960672632833,#COVID19 oggi 11.705 nuovi casi. La scorsa domenica erano 5.456. Leggere Paolo #Giordano sul @Corriere di oggi su cosa significa un contagio #esponenziale
2020-10-18 15:41:11+00:00,moocca,1317853240000696325,"""possiamo prendere in considerazione la proposta della Great Barrington Declaration: l'idea che in una pandemia, come quella da COVID-19 possiamo sfruttare l'immunità di gruppo per proteggere le persone più rischio (come se peraltro potessimo chiuderle in una bolla dove il ⬇️"
2020-10-18 15:41:12+00:00,moocca,1317853245226819584,sono diventate più diffuse e gravi durante la pandemia COVID-19 «nonostante le misure di controllo delle infezioni siano meno restrittive in Svezia che nella maggior parte degli altri paesi». L'impatto sulla salute mentale della pandemia da COVID-19 in Svezia si è mostrato ⬇️
2020-10-18 15:46:56+00:00,luigimilani,1317854684930056203,"Si mette male: Bollettino #Coronavirus , oggi in Italia 11.705 nuovi casi e 69 morti https://t.co/MubCVnrqVd"
2020-10-18 15:47:22+00:00,rz8463,1317854796951523333,"Sono della @OfficialASRoma, penso lo sappiate, ma fa male sapere che persone, anche anziani, fanno 7/8 ore di fila per un tampone (con esito in 5 giorni) mentre, per i nostri calciatori, il tampone effettuato in mattinata ha già un esito.
Posso esse un po’ incazzato? 

#COVID19"
2020-10-18 16:02:07+00:00,quotidianodirg,1317858508600004612,11.705 i nuovi casi di coronavirus in Italia e 69 morti: bollettino del Ministero https://t.co/wQgQtiU2dR @quotidianodirg #news #notizie https://t.co/rqWQk7QizC
2020-10-18 16:10:18+00:00,robertoluisetto,1317860565675610112,Si va verso un nuovo #DPCM all acqua di rose e quindi probabilmente inutile anche solo per rallentare la #SecondaOndata #COVID19. #Conte #pdnetwork #Governo
2020-10-18 16:11:39+00:00,SofiaGinanni,1317860905774948362,"@GassmanGassmann Medici  Negazionisti continuano sui Social a dominare la Corrente Negazionista- Medici  incitano Masse  a Ribellarsi al Protocollo Anti  Covid-19 // Così,in piazza folle Urlanti 😱 e Assembramenti - Medici Traditori del Giuramento, sono a Casa, Riparati dietro ai Computer 🖥"
2020-10-18 16:14:10+00:00,Raffaele_1782,1317861538687057920,Però Beppe io ti aspettavo e ti ho fatto pubblicità tra i miei amici! 😤 #ecchecazz #Dpcm https://t.co/FaaeDGAFOt
2020-10-18 16:14:19+00:00,Pannocchia978,1317861578709020674,"Ieri avevamo il 15℅ dei tamponati positivi, oggi il 12℅ quindi la situazione è leggermente migliore di ieri. 

https://t.co/xIkhkk46h2"
2020-10-18 16:16:59+00:00,lattuga99,1317862250783395842,"Conferenza di Conte posticipata alle 20, spiegano ambienti di Governo
La Conferenza di Conte sarà alle 18.00 
#Conte #COVID19 #COVID19italia #Covid_19 #COVID__19 #COVIDー19 #COVID #coronavirus #conferenzastampa"
2020-10-18 16:17:11+00:00,rafdilor_di,1317862299659571202,Nessuno propone un referendum
2020-10-18 16:25:46+00:00,RobiVil,1317864459403169792,"@JacopoTorrisi @unicornpolyglot @RickDuFer La MERS non è affatto sparita, continua a provocare casi in medio Oriente, i coronavirus del raffreddore sono diventati endemici dopo migliaia o decine di migliaia di anni, nessuno sa quando sia avvenuto lo spillover"
2020-10-18 16:25:49+00:00,SportandoIT,1317864470232899584,Brescia: un componente del gruppo squadra positivo al covid-19 @Sportando https://t.co/GJbzUulf0p
2020-10-18 16:26:58+00:00,Lordskary,1317864760499720194,"Fantastica Tiscali. In manutenzione da venticinque anni. Siamo a cavallo. Ce la menate che mancano le competenze digitali e dall'altra parte abbiamo la struttura che fa cilecca un giorno si e l'altro pure. Aiaiai Italia, covid-19 ne hai? Il teatrino dei pagliacci."
2020-10-18 16:28:06+00:00,Emiliano_IFNweb,1317865047834722312,Con la #mascherina e il cappotto siete tutte più fighe ma di cosa vi lamentate? #covid19 #Dpcm #FashionWeek
2020-10-18 16:33:33+00:00,Mediagol,1317866417446793216,"#Coronavirus Sicilia, il bollettino del 18 ottobre 2020: 548 nuovi contagi e 3 vittime in 24 ore. La situazione a #Palermo https://t.co/AyvA1yL8MS"
2020-10-18 16:35:22+00:00,giovannidalloli,1317866876890980352,"""Coronavirus, il bollettino di oggi 18 ottobre: 11.705 nuovi casi, 69 morti, 146.541 tamponi""
... e noi in risposta chiuderemo i ristoranti a mezzanotte ... https://t.co/ini0SwWMIm via @repubblica"
2020-10-18 16:37:05+00:00,orsobiancomiele,1317867305532035075,"Forse è meglio che chi ci governa dia il meglio di se, x la salute di noi tutti Lombardia, i ricoveri sono sopra quota mille. Il direttore dell’Ats Milano: «Situazione già critica» https://t.co/OeeaZv0OdB"
2020-10-18 16:38:32+00:00,Unomattina,1317867672227504128,Domani a #Unomattina gli approfondimenti. Dalle 6.42 su @RaiUno.
2020-10-18 16:43:29+00:00,_procolo,1317868917583454214,"Forza  Massimo! E continua a testimoniare, non abbiamo sufficiente responsabilità x noi e per gli altri. Ci Manca....manca."
2020-10-18 16:44:04+00:00,a_decrinito,1317869063666806784,COVID-19 dati ultimi 7gg https://t.co/7G1YScjHb5
2020-10-18 17:03:20+00:00,BabboleoNews,1317873913314017280,"#Coronavirus in #Liguria. Sono 370 i nuovi positivi, su 3.328 #tamponi effettuati. Si registrano tre decessi, tutti presso il #PoliclinicoSanMartino di #Genova. Schizza il numero degli ospedalizzati, 441, 39 in più rispetto a ieri. 39 le persone in #terapiaintensiva. https://t.co/CnV8jPvFr1"
2020-10-18 17:25:52+00:00,Jacqueline_oo,1317879582624784385,"Coronavirus, l'infettivologo dell'ospedale di Cremona: 'Il Covid è più contagioso di prima' https://t.co/DZoBOgkfez via @repubblica"
2020-10-18 17:27:33+00:00,quotidianodirg,1317880008614977536,"Coronavirus, Aefi: Le fiere e i congressi non vanno fermati https://t.co/nnx5UySDbQ @quotidianodirg #news #notizie https://t.co/iAkIbVnvQb"
2020-10-18 17:30:06+00:00,Nadia_Bordoli,1317880649383116802,Il racconto dalla terapia intensiva di @MassimGiannini  Da leggere 💪🔬
2020-10-18 17:40:24+00:00,instavins_it,1317883242738044934,"Io che aspetto il discorso di #Conte alla Nazione.

#Dpcm #Covid_19 #lockdown #conferenzastampa #coronavirus #italia https://t.co/cfmu9FKXw8"
2020-10-18 17:40:24+00:00,Michele02828265,1317883242742226950,È forse responsabile il Governo se molti italiani sono degli irresponsabili cronici
2020-10-18 17:41:56+00:00,ravvediti,1317883625602506753,@DiSantita #TheSundayExpedition perché rifiutare di prepararsi per il Rapimento quando già vediamo che la condizione della terra è stata cambiata dal Coronavirus per sempre?
2020-10-18 17:42:11+00:00,Artlandis,1317883691054620672,"Da far girare.
Non mi può far piacere che un “non esiste il #covid” muoia di Covid.

Ma è inevitabile sottolineare le sue ultime parole e il parallelo con l’idiozia totale “finché non vedo non credo”, assai diffusa."
2020-10-18 17:45:03+00:00,uncuorenelmondo,1317884413557039104,Tutti pronti per il nuovo #Dpcm  #conte #coronavirus https://t.co/Y25nhp1K6y
2020-10-18 17:45:40+00:00,Michele02828265,1317884565495623680,"Mancano i nominativi: cioè quelli come ad esempio il suo alleato SALVINI, sempre senza mascherina o chi ha sempre contestato l'attività di prevenzione del Governo come anche lei. E mi fermo qui. Ci rifletta Signora Meloni. Ci rifletta"
2020-10-18 18:09:43+00:00,marielSiviglia,1317890618811699200,"L' avvocato del regime di Pechino farà una conferenza stampa in merito alle privazione delle 🗽 libertà (pretesto covid19.)
Buon ascolto."
2020-10-18 18:10:14+00:00,ntonioGiordano,1317890750454128640,"Si moltiplicano i positivi nelle #rsa e anche i novantenni ormai sono asintomatici.
#COVID19 #Covid_19 #coronavirus #coronavirusitalIa"
2020-10-18 18:13:06+00:00,giupe_cas,1317891469726896130,"La gente NON sa convivere col virus. 

#Covid #COVID19 #COVID19italia"
2020-10-18 18:16:20+00:00,EnzoSan69,1317892285753851907,"#coronavirus, ci sono stati 6 mesi per programmare in vista della seconda ondata annunciata e, come al solito in #Italia, si arriva all'ultimo minuto e ora c'è la corsa per creare nuovi posti letto: #VERGOGNA! #COVID19 #Trasportopubblico 
#NonelArena"
2020-10-18 18:18:18+00:00,giuseppetp55,1317892778718842882,"#Covid19 solo in #Europa sono 250.000 i decessi,di cui 42.000 in #Inghilterra prima in questa brutta classifica,ma anche prima per la speranza del”vaccino”,come dicono loro stessi,e cioè che per le feste di Natale,partiranno con le vaccinazioni della Società inglese Astra Zeneca."
2020-10-18 18:19:06+00:00,ansyastark,1317892979911282689,"Doppi turni a scuola, si ipotizza mattina/pomeriggio...praticamente tornerei alle elementari #scuola #COVID19"
2020-10-18 18:21:15+00:00,pasdran,1317893519961477121,@LaNotiziaTweet Ancora ⚓ Li è il Fontana? E il Galera non è in Galera dp aver gestito male il Covid19 e le case di riposo nel marzo-aprile scorso?
2020-10-18 18:22:37+00:00,Cocco060477,1317893864921944067,"Spiace è, ma cazzi Suoi !"
2020-10-18 18:26:41+00:00,CatanzaroAngelo,1317894889217155072,Oggi in Italia ci sono 11705 nuovi casi di #COVID19 e gli aumenti così come le vittime sono in costante aumento @GiuseppeConteIT ha il dovere come Presidente del Consiglio dei ministri di prendere i 36 miliardi del #Mes e migliorare la nostra sanità. Lasci ai 5stelle il populismo https://t.co/QO8wmckDos
2020-10-18 18:27:40+00:00,scarincio13,1317895137557680129,"Ho visto l’intervista del @Tg1Raiofficial al signore di Brescia che ha deciso di fare da cavia per vaccino #COVID19. Volevo dirvi che forse dovremmo ripristinare l’usanza di levarsi il cappello di fronte a chi lo merita, ogni tanto. #chapeau"
2020-10-18 18:29:24+00:00,Grace_1207,1317895574222417927,#CTCF tutti bravi a dare ricette....Quando non si ha la responsabilità di nulla. #COVID19
2020-10-18 18:30:25+00:00,ServidatiLuca,1317895828011470850,Il rapporto tra #sport e masse si è interrotto. Il #coronavirus ha finito il lavoro iniziato dalla #tv. Ci divertiremo da soli #calcio
2020-10-18 18:32:06+00:00,helseltz,1317896253309702144,"Ancora non mettono la cintura di sicurezza, ma la mascherina in macchina da soli si

#COVID19 #Dpcm"
2020-10-18 18:32:42+00:00,AlbyMilanista83,1317896401804697600,Ma l'ordinanza di vietare gli alcolici dopo le 18 nei supermercati a che serve? Combatte l'alcolismo? #COVID19 #Regionelombardia @PietroBussolati
2020-10-18 18:33:21+00:00,DuilioFilomeni,1317896566519308290,"Coronavirus, Dpcm in vigore da lunedì: smart working al 75%, chiusura anticipata per bar e ristoranti, più didatt... https://t.co/tZQ9um4qJJ"
2020-10-18 18:34:54+00:00,MattiaCristofa2,1317896954748276740,"Questo mondo è temporaneo...
#TheSundayExpedition"
2020-10-18 18:35:27+00:00,MogarelliMarina,1317897096184406019,Infatti questo è il problema
2020-10-18 18:36:41+00:00,francesco_iac,1317897407343038464,"Si candida #Calenda a #Roma. E io che dopo #Alemanno, la #Raggi e la pandemia pensavo di averle viste tutte. Povera Roma mia #COVID19 #calendasindaco #calendasindacodiRoma @CarloCalenda"
2020-10-18 18:38:05+00:00,LorenzoZacchi,1317897757781348352,"Nella bozza del #Dpcm:
-Palestre aperte
-Sospesa attività convegnistica in presenza
-Locali con servizio al tavolo aperti dalle 05 alle 24 (max 6 pp al tavolo) 
-Locale senza consumazione al tavolo fino alle 18 

#COVID19"
2020-10-18 18:38:59+00:00,MraCnz,1317897983657189378,"@MonterossoMara Finirà quando avranno eliminato almeno 1,5mld di persone. Hanno capito che 7 mld siamo in troppi. Solo che sto virus non guarda in faccia a nessuno. Questo è quello che penso io. Tu pensi veramente che Berlusconi aveva il Covid19?? 82 anni cardiopatico con il Covid19 eri fatto."
2020-10-18 18:40:26+00:00,Pheet21,1317898347949248512,"È moribondo in terapia intensiva (anche se è l'unico a non essere intubato a quanto pare) e scrive tweet e articoli senza che si noti la differenza tra quando è in forma
😂😂😂😂
Cialtrone."
2020-10-18 18:42:11+00:00,ntonioGiordano,1317898791102578689,"TG1
""Conte  ha  un  ritardo""

Ma  va?
#COVID19 #Covid_19 #coronavirus #coronavirusitalIa"
2020-10-18 18:44:07+00:00,bluypsilon,1317899277415448576,Noi attendiamo il nuovo Dipicimi con i popcorn 🍿 solo che se Giusep non si muove li finiamo tutti molto prima. #COVID19 #DPCM #CONTE
2020-10-18 18:44:33+00:00,robytarsy,1317899386949611520,#senzaGuardare e no questo lo dove te proprio guardare https://t.co/lQURj9kZa6 #COVID19
2020-10-18 18:44:59+00:00,JakKekkosanMex,1317899496349704192,"Ma solo io penso che se si realizzassero tute del genere e le indossassimo tutti, torneremmo alla vita normale in men che non si dica???? 😄😄😄 @elonmusk do something! #COVID19 https://t.co/QTxc50nkZc"
2020-10-18 18:47:02+00:00,rilaco74,1317900011104051204,"No mai gli ingressi da Francia, Spagna, Inghilterra e Germania non li chiudiamo? #COVID19"
2020-10-18 18:48:32+00:00,quotidianodirg,1317900388805177344,"Coronavirus, Ministro De Micheli: Il coprifuoco non ci sarà https://t.co/SemQPm1hln @quotidianodirg #news #notizie https://t.co/oTj29mXX5d"
2020-10-18 18:50:24+00:00,ntonioGiordano,1317900856600178689,Ancora un po e #Conte ci darà la buona notte in diretta... Figata... #Dpcm #COVID19 #Covid_19 #coronavirus #coronavirusitalIa
2020-10-18 18:54:00+00:00,ntonioGiordano,1317901764612468739,Spero nessuna autorizzazione stavolta #Conte #coronavirus #COVID19 #Covid_19 #coronavirusitalia #Dpcm
2020-10-18 18:55:25+00:00,derobbio,1317902120633466880,@Cartabellotta @RobertoBurioni @alexvespi @stanzaselvaggia @ferrarailgrasso @WRicciardi @Daniele_Manca @beppesevergnini @IlPaoloGiordano @OGiannino @MassimGiannini Andamento nazionale dati terapie intensive compresi qui https://t.co/mA3ohmd3Am
2020-10-18 18:56:53+00:00,ravvediti,1317902489044254720,#TheSundayExpedition Come hanno osato? Ora Il Signore ha colpito questa generazione con il Coronavirus
2020-10-18 18:57:16+00:00,derobbio,1317902584011771910,Andamento nazionale dati terapie intensive compresi qui https://t.co/mA3ohmd3Am
2020-10-18 18:58:39+00:00,MrSafe02,1317902933812543489,Giuseppi dove cavolo sei? #Conte #DPCM #COVID19
2020-10-18 19:01:30+00:00,EnzoSan69,1317903650111488002,"#NonelArena, capisco di non fare allarmismo, ma avete capito che sta arrivando l'inverno e, quindi, #Influenza  con le sue patologie correlate e, dunque, la situazione è decisamente pteoccupante! #coronavirus #COVID19"
2020-10-18 19:02:16+00:00,ravvediti,1317903843167010816,#TheSundayExpedition Il Coronavirus annuncia la fine dell'era presente
2020-10-18 19:03:37+00:00,paolo_dalloglio,1317904181823492105,I negazionisti dovrebbero ascoltare questo ragazzo #ctcf #COVID19
2020-10-18 19:05:27+00:00,ClaFachinetti,1317904644581040131,"Ma quelli che si fanno una passeggiata nel weekend sui navigli, nei centri commerciali o in altri luoghi affollati anziché in campagna/montagna, come stanno? #COVID19 #distanziamento #nofolla #nellanatura https://t.co/InUk3mjo32"
2020-10-18 19:09:47+00:00,paoloangeloRF,1317905734437306369,“Le dinamiche di marzo e oggi sono diverse”@Cartabellotta @GIMBE @nonelarena #NonelArena #COVID19
2020-10-18 19:10:23+00:00,Sashka10774,1317905887508516865,"@GiovanniToti Il primo luogo di contagio sono i locali e la cosiddetta movida, poi i trasporti, ma tu come gli altri non puoi metterti contro futuri elettori,per cui agiamo sulla scuola e su ciò che non crea “fastidi”.Sei un parolaio, quanti malati avrai sulla coscienza? #COVID19 #Liguria"
2020-10-18 19:16:02+00:00,MariPeppeKa,1317907309868310528,"Ha ragione @VincenzoDeLuca
#CTCF
#COVIDー19
#COVID19
#COVID19italia"
2020-10-18 19:16:06+00:00,Redblack100x100,1317907324187664389,"La nuova frontiera del tifo interista è quella di augurare il #COVID19 o infortuni gravi, per il nervoso per la sconfitta nel #derbydiMilano, dopo il razzo in schiena a Dida questa va subito dopo quella vigliaccata #InterMilan"
2020-10-18 19:17:19+00:00,serenatudisco,1317907632615817217,Secondo il parente misterioso è #Conte #Dpcm #isolitiignoti #CTCF #COVID19
2020-10-18 19:18:15+00:00,PaluzzoM,1317907866360172545,Matilde Brandi non approva #GFVIP
2020-10-18 19:19:15+00:00,GraRulli,1317908118672707585,"“Camillo. Briglia si era recato in visita dai suoi genitori anziani residenti nel Sud d'Italia. Sarebbe stato contagiato dal badante dei genitori, positivo al Covid.”"
2020-10-18 19:20:24+00:00,GreenVanilLaura,1317908406359961601,"@Masssimilianoo @lordfrappo @luca_carioli Ne ho piene le palle. E nemmeno le ho, le palle.
Senza rispetto, per tutti: autonomi, dipendenti, famiglie, imprenditori, addetti ai trasporti, malati cronici. E medici/infermieri che devono gestire ciò che dall'alto si sono fatti sfuggire di mano; un'altra volta. #COVID19"
2020-10-18 19:22:41+00:00,ValerioFedele1,1317908980207964162,Il primo che espone il cartello #andratuttobene vado e glielo brucio #Dpcm #conte #COVID19 #Lockdown2
2020-10-18 19:23:02+00:00,AntennaGambero,1317909067935997954,"Alla #scodelladibagnacauda a momenti mòro! 😲😂😆😂😆😂

#Napoli #Covid19 #CTCF #chetempochefa https://t.co/Kh7hSCFwFt"
2020-10-18 19:23:59+00:00,annamaria_lena,1317909310631010311,Ma quindi ste #palestre le chiude o no???#Dpcm #CoronavirusPandemic #Coronavirusitalia #COVIDー19 #COVID19italia #pandemia #lazio #sport #conte #italia
2020-10-18 19:25:50+00:00,adolfo_urso,1317909776643272704,Giunti impreparati alla seconda ondata nel #governo si litiga persino sulla apertura delle #palestre. #COVID19 https://t.co/8uxJKzQNuk via @repubblica
2020-10-18 19:28:06+00:00,EstherPiz,1317910344690524160,La cosa che ho capito è che il mondo ha nuovamente distanze incolmabili #COVID19
2020-10-18 19:29:15+00:00,ntonioGiordano,1317910633589968896,Spero nessuna autocertificazioni stavolta #Conte #coronavirus #COVID19 #Covid_19 #coronavirusitalia #Dpcm
2020-10-18 19:32:40+00:00,paoloangeloRF,1317911494877696000,"Restrizioni anti-Covid, bar 
chiude per protesta in viale 
Po: 'L'Italia non è questa' https://t.co/xC6pqMcfJs #COVID19 #Dpcm"
2020-10-18 19:32:53+00:00,pcbassignana,1317911550527565825,@AllertApc @pcbassignana #PCProvAL #COVID19 Il premier #Conte annuncia le misure del nuovo #Dpcm per contrastare il diffondersi del #coronavirus https://t.co/GCVRiVzwrB
2020-10-18 19:33:36+00:00,LuigiaFio,1317911731105124353,Chiudere #RSA
2020-10-18 19:33:56+00:00,LoveMi66833922,1317911811434467335,#COVID19 #ConteOut  daii giusè veloce...ho una festa a casa di alcuni amici! 😝😝😝
2020-10-18 19:35:29+00:00,ravvediti,1317912202754535434,"#TheSundayExpedition dobbiamo stare attenti perché Dio ha stabilito un giorno in cui Egli giudicherà il Mondo, e quel giudizio di Dio è iniziato con il Coronavirus"
2020-10-18 19:37:16+00:00,civale85,1317912653419941889,"""vogliamo tutti un segno del fatto che presto le toglieremo"" #SamerCheaib #dubai #photooftheday 🙏🌏😊 #COVID19 #coronavirus https://t.co/UD0Ra98RVr"
2020-10-18 19:45:13+00:00,lattuga99,1317914652127465472,"Sui trasporti niente? #conferenzastampa #Conte #COVID19
#CTCF"
2020-10-18 19:45:56+00:00,DavideMirto,1317914831354200068,Ma il divieto delle #sagre è per combattere il #COVID19 o le minchiate di #Salvini? #Dpcm #conte
2020-10-18 19:46:22+00:00,clairecolella3,1317914943598067714,Ma ancora che ci appelliamo al buonsenso degli italiani? #dpcm #conte #COVID19 https://t.co/IfWbQURvPf
2020-10-18 19:46:23+00:00,edocora,1317914946441781253,"Bello questa #direttaconte, ma preferivo la prima stagione. #conte #coronavirus #Dpcm"
2020-10-18 19:48:18+00:00,LoveMi66833922,1317915429680128009,"@GiuseppeConteIT IL CONCORSO SCUOLA....STOPPALO! MA FATE FINTA DI NON SENTIRE ?????????????????
@pdnetwork #coronavirus #COVID19 #Dpcm"
2020-10-18 19:49:28+00:00,antowello,1317915721448521730,"E anche questo MES so semo levati dai coglioni.

Ha detto più o meno così

#coronavirus #Conte #Mes"
2020-10-18 19:50:15+00:00,ntonioGiordano,1317915918324912128,Ho capito che tra una settimana chiudiamo tutto #Dpcm #COVID19 #Covid_19 #coronavirus #coronavirusitalia #Conte
2020-10-18 19:50:31+00:00,arianna_furi,1317915986272595969,Ottimo che i Sindaci possano decidere in base alla necessità se chiudere determinate strade o zone di movida per evitare assembramenti. #Conte #COVID19 #Dpcm #conferenzastampa
2020-10-18 19:51:16+00:00,andfranchini,1317916176417173506,Al ristorante in 6 per tavolo (e ci può stare) in metropolitana in 1000 su carrozze fatte per 500... è tutto #COVID19 #conte
2020-10-18 19:52:22+00:00,farmaciaserrage,1317916453388025857,Meno male che abbiamo solo 4 figli altrimenti il 5 andrebbe al tavolo da solo al ristorante...Ridere fa bene alla salute. Per non disperarsi. #COVID19
2020-10-18 19:52:57+00:00,maubalda,1317916598020247552,@la_laglossy Niente per la prossima settimana almeno.... dopo credo che chiuderanno #COVID19
2020-10-18 19:54:26+00:00,ricciosottone,1317916972076683264,Amicizia rovinata per il settimo amico #CTCF #conte #COVID19
2020-10-18 19:54:29+00:00,maggiemar94,1317916984370135053,"@ilpost riassume velocemente il contenuto dell’ennesima fiera della fuffa. 
E comunque dei mezzi pubblici non ne parliamo eh! Mi raccomando 🤦‍♀️😑 https://t.co/prjXzUYQWN"
2020-10-18 19:54:56+00:00,Fistazolam,1317917098346221575,"Era una cosa nuova, abbiamo studiato e in poche ore abbiamo allestito i protocolli. Abbiamo testato mascherine, camici e teli chirurgici destinati alle terapie intensive di marzo #Dpcm #COVID19"
2020-10-18 19:55:16+00:00,maubalda,1317917183696044033,@la_laglossy Lo spero anch’io naturalmente ma ci sono strutture che non rispettano i protocolli a quanto dice #Conte per cui hanno dato tempo una settimana per adeguarsi .... altrimenti chiusura #COVID19
2020-10-18 19:55:41+00:00,Monica73774598,1317917286196498434,"Non credo che abbia detto cose così assurde, facciamo i bravi, rispettiamo tutti le regole e aspettiamo che i numeri dei contagi rientrino nella norma. 
Facciamo tutti la nostra parte. 
#conferenzastampa 
#conte
#COVID19"
2020-10-18 19:57:50+00:00,tobiadestefano,1317917828792619009,"I provvedimenti di oggi non servono a nulla, ci rivediamo con il prossimo Dpcm e la prossima passerella tra 4-5 giorni #Conte #COVID19"
2020-10-18 19:58:08+00:00,interpreterpaul,1317917904025825283,"Secondo voi, tra quanti giorni lo annuncia il #coprifuoco #Conte? #COVID19"
2020-10-18 19:58:56+00:00,DanielaViola1,1317918106006835201,Benvenuto! 💙 #lallieva3
2020-10-18 19:58:57+00:00,Fra_Magnifico,1317918109576122368,"Ridicoli. 

#conferenzastampa #COVID19"
2020-10-18 19:59:39+00:00,barrymansixty1,1317918283727863808,E la montagna partorì il classico topolino. #conte #Dpcm #COVID19
2020-10-18 19:59:49+00:00,66rosalba1,1317918327797407745,#COVID19 #nuovodpcm È inutile aumentare smart working se non c'è la fibra in tutta Italia.
2020-10-18 19:59:51+00:00,AlexDila,1317918335930142720,Verissimo! Presso l'istituto di mio figlio da quando è iniziata la scuola distribuite ZERO! Si informi @GiuseppeConteIT e la Ministro @AzzolinaLucia.
2020-10-18 19:59:53+00:00,elenacapodacqua,1317918345518338048,"Oh, se questo #dpcm piace anche a #Zangrillo e “tantissimo” pure a #Bassetti , mi sembra che possiamo essere tutti d’accordo, no? Chissà che non inizi a diminuire anche la curva dei #negazionisti e dei #NoMask 👐🏻 #conte #NonelArena #CTCF #coronavirus"
2020-10-18 20:00:14+00:00,pferrari68,1317918431820341253,Quindi l’unica novità è che al ristorante si può andare al massimo in sei (oppure due tavoli da quattro etc.). Temo che sentiremo parlare presto di un nuovo dpcm. Oppure saranno regioni e sindaci a fare le ordinanze. #COVID19 #Conte
2020-10-18 20:02:36+00:00,pcbassignana,1317919026396483592,@AllertApc #protezionecivile @pcbassignana #PCProvAL #PaSocial  #social #media #socialmedia #news #COVID19 La conferenza stampa del premier #Conte sul nuovo #Dpcm ⤵️ https://t.co/BHckOjDZOw
2020-10-18 20:04:30+00:00,ntonioGiordano,1317919506325524480,"@softiechandler mi alleno e tiro su pesi max. faccio di quelle espirate che se fossi infetto, contagerei anche il condominio di fronte. Come me, tanti altri in ambienti chiusi e scarso ricambio di aria. Non parliamo del sudore e degli atti respiratori x recupero. #COVID19 malattia respiratoria"
2020-10-18 20:04:53+00:00,Emiliano_IFNweb,1317919602140237825,Ma in giro c'è una nuova droga che fa venire tutta sta voglia di #matrimonio ma che davvero? #Dpcm #noneladurso #DittaturaSanitaria #lockdown #COVID19
2020-10-18 20:06:50+00:00,Maxitaly69,1317920091166695425,"@VincenzoDeLuca guardi un po' se questo per lei è più limpido?
Brutta cosa definire un accordo tra lo #Stato, il #CTS e la @FIGC un accordo privato...
Se sbaglia su questo,  come ci si può fidare di lei su altro? Con questa battaglia a fianco di #DeLaurentiis perde credibilità."
2020-10-18 20:07:39+00:00,MarisaRomaniel3,1317920297245417474,"Non è forse la differenza  dì fondo tra uomo e donna che ne fa la differenza dì comportamenti,senza scomodare i numerosi impegni di casaa carico della donna.Coronavirus, ma politici e virologi dove lo trovano il tempo di andare sempre in tv? https://t.co/RoEAFgyiz1 via @tpi"
2020-10-18 20:08:11+00:00,NickFigliodiDio,1317920434243907587,"@NicolaColucci19 @DiSantita @GiuseppeConteIT L' unica soluzione al #coronavirus è CRISTO GESÙ ...ITALIA RAVVEDIAMOCI DAI NOSTRI PECCATI E RICEVIAMO GESÙ COME NOSTRO SIGNORE E SALVATORE, COLUI CHE SALVA ,LIBERA E GUARISCE.
@GiuseppeConteIT 
#TheSundayExpedition"
2020-10-18 20:09:46+00:00,npreiti,1317920830970617863,"#conferenzastampa #conte 
Sintesi: ❤️
❤️Il #mes non lo prendiamo (abbiamo messo 4 mld 😂, e quelli sono 37)
❤️#regioni e #comuni sbrigatevela voi
❤️ niente posti in piedi 
❤️...e mettetevi la mascherina.

Non mi pare generale per questa guerra al  #COVID19"
2020-10-18 20:13:39+00:00,AldoGood,1317921806871859201,Ogni volta che devo pagare il mese in palestra c’è rischio chiusura 😡😤 #coronavirus
2020-10-18 20:16:25+00:00,Stefano13112244,1317922504728510476,Se qualcuno poteva pensare il contrario ora ha la certezza sul fatto che Zingaretti è un pezzo di MERDA.
2020-10-18 20:17:05+00:00,INYOUREYESZ4YN,1317922671624114182,Fabrizio Corona ha il Coronavirus non so  come reagire perchè non mi tange ma provoca in me molte risate
2020-10-18 20:17:16+00:00,darkokerim,1317922718621323267,"Nuovo #Dpcm: stop a congressi e sport dilettanti di squadra, zone rosse nelle vie della movida. Salve per ora piscine e palestre @sole24ore https://t.co/UFX10eyavM"
2020-10-18 20:19:21+00:00,laurarovellini,1317923242636677132,Gli allenamenti #minibasket gestiti da società dilettantistiche sono consentiti oppure no?#Dpcm #conte #COVID19
2020-10-18 20:19:50+00:00,corax140,1317923362899972097,"@Miti_Vigliero Ci sono esempi virtuosi, tipo @ilpost ""Ma è bene attendere il testo definitivo per evitare di commentare anticipazioni che potrebbero rivelarsi imprecise."" https://t.co/TnM3KtFtkw"
2020-10-18 20:20:01+00:00,simonegianc,1317923411616796676,Chissà che deve succedere nelle palestre in una settimana. #Conte #Dpcm #COVID19
2020-10-18 20:21:18+00:00,francesco_tomei,1317923733496004613,"Col nuovo #DPCM ""al primo autogrill c'è chi festeggerà""
#governoconte #supercazzola #18ottobre #ligabue #COVID19 #coronavirus"
2020-10-18 20:24:53+00:00,_pp_tm_,1317924634138939394,"Visto che solo il moralismo fa breccia, “dar fiato a certe trombe” dovrebbe essere un peccato capitale..."
2020-10-18 20:28:23+00:00,NickFigliodiDio,1317925516012408832,"Questa generazione ,la chiesa moderna quando hanno avuto  un momento di respiro dal #coronavirus nn hanno compreso di RAVVEDERSI,BATTEZZARSI E NASCERE DI NUOVO 
#TheSundayExpedition"
2020-10-18 20:31:53+00:00,ninolauro,1317926396686180355,Bisogna far capire al popolo che il virus così come lo descrivono non esiste e non è mortale... NESSUNO È MORTO A CAUSA DEL COVID-19 ma per altre patologie pregresse.
2020-10-18 20:32:52+00:00,npreiti,1317926645999800320,"@carmelopalma Già gli avevano dato una cattiva immagine. 
Ora pure che il #mes aumenta le tasse. 
Aspettiamo che si dica che produce più malati. 
#conferenzastampa #conte #COVID19 #dpcm"
2020-10-18 20:34:14+00:00,marco72381332,1317926986929573889,"Ma è possibile che i buffoni li abbiamo tutti noi?
Ah, dimenticavo; il #COVID19 prende servizio dalle 18 in poi. Quindi tranquilli che i mezzi pubblici, la mattina, possiamo continuare ad affollarli per andare a lavoro. 
@GiuseppeConteIT @AzzolinaLucia @robersperanza SEGLIATEVI"
2020-10-18 20:35:03+00:00,AngyNacchio,1317927195499704320,"#Deluca è un pagliaccio come pochi. Si rende conto che è un governatore e non uno showman?

#COVID19"
2020-10-18 20:35:50+00:00,DARIOMANGONE1,1317927392330108928,"Coronavirus, scuole, bar, ristoranti e sport: ecco la bozza del dpcm. A breve parla il premier Conte https://t.co/lhuzlHse8r"
2020-10-18 20:36:54+00:00,avvpenna78,1317927658546745346,Intanto il 70% dei dipendenti pubblici li ha messi in ferie a spese di tutti noi. Senza spiegarci quale risultato numerico si vuole raggiungere... come al solito del resto...
2020-10-18 20:48:33+00:00,LordKry81,1317930591392858114,"Voglio il cd!!!
😂😂😂"
2020-10-18 20:49:47+00:00,ravvediti,1317930899556663296,#TheSundayExpedition Il Coronavirus ci sta annunciando che Il mondo sta giungendo alla fine. È ora di prepararsi per il Regno di Dio
2020-10-18 20:54:45+00:00,AngeloRadica,1317932150688223233,Le schede riassuntive del nuovo Dpcm appena emanato #COVID19 #stopcovid19 #DPCM @ Comune Tollo https://t.co/PzhOQQEfY3
2020-10-18 20:56:11+00:00,franceccobass,1317932513789157381,"🤷🏻‍♂️🤦🏻‍♂️Niente, non ce la fanno, non perde na partita da quando il #COVID19 era nel pipistrello... però je devono cacà er cazzo! #Fonseca #ASRoma #ForzaRoma
V'accanno....so stufo!👋👎
#RomaBenevento @OfficialASRoma"
2020-10-18 20:57:39+00:00,Damiano_Coletta,1317932882338471938,"La situazione #coronavirus è complicata, richiede l’impegno di tutti. Hanno però ragione @Antonio_Decaro, @DarioNardella  e gli altri Sindaci a dire che il peso del #coprifuoco non può essere lasciato solo ai Comuni. @GiuseppeConteIT e @Palazzo_Chigi cambino la norma nel #Dpcm"
2020-10-18 21:01:29+00:00,FabioGentile7,1317933847338692609,Dopo i #runner professionisti abbiamo i #palestrati seriali ....l’Italia dipende da loro #dpcm #conte #COVID19italia #COVID19
2020-10-18 21:05:44+00:00,rz8463,1317934916554948611,"...lo sai perché tutta la mia vita è giallorossa, 
c’è una ragione ho la @OfficialASRoma in fondo al cuore 💛❤️"
2020-10-18 21:10:24+00:00,liveunict,1317936089118683136,"#Coronavirus, #Randazzo in #Sicilia diventa zona rossa: scuole chiuse e divieto di circolazione https://t.co/UAIwjG4M16"
2020-10-18 21:14:27+00:00,novedafirenze,1317937108036784135,Coronavirus: 906 nuovi casi e cinque decessi https://t.co/0ZoUGfRsAh
2020-10-18 21:35:51+00:00,ChantyAndrea,1317942493896445952,"@ravvediti Che forte contrapposizione! Mentre il mondo soffriva e si sentiva perso a causa del #coronavirus,  c'erano luoghi in cui Dio mostrava il suo amore e ha fatto miracoli..solo chi si affida a Lui può comprendere il senso di serenità nei momenti più difficili #TheSundayExpedition"
2020-10-18 21:42:24+00:00,SilviaStrada1,1317944141553217536,Secondo me alla fine #Conte ha rimandato tutte le decisioni al prossimo #Dpcm perché era distratto dalla partita #RomaBenevento #COVID19
2020-10-18 21:43:32+00:00,emerge67,1317944428015849485,"Salvini / Meloni / Berlusconi: ""Governo non coinvolge le opposizioni""

Be' dopo aver disatteso per mesi ogni norma su mascherine, distanziamento, etc (specialmente Salvini) forse è meglio che non vi abbiano coinvolti.

#COVID19 #SARSCoV2"
2020-10-18 21:43:35+00:00,gianni_rassu,1317944438879125504,"Non accedere al #MES significa non fare tutto ciò che possibile per fermare il #COVID19 e adeguare il SSN.

Un fatto moralmente e politicamente condannabile.

La politica può essere chiamata a risponderne di fronte al paese ma anche di fronte alla legge.

@Palazzo_Chigi"
2020-10-18 21:46:29+00:00,SilviaStrada1,1317945170491559936,Quindi dentro casa mia sempre massimo in 6 e sull’autobus facciamo come ci pare? Ho capito bene? #Dpcm #conte #COVID19 #conferenzastampa
2020-10-18 21:51:51+00:00,ResistanceItaly,1317946522944851975,"Coronavirus, ultime notizie in Italia: altri 11.705 casi e 69 vittime. Ricoveri +514, terapie intensive +45 @sole24ore https://t.co/WKnUq9u2sR"
2020-10-18 21:52:18+00:00,LorySmile_TV,1317946635326877696,"🌟 La bella e la bestia 🌟
.
.
🌐 TikTok: lorysmile87 🍷
🌐 massymos1988 🍷
.
#labellaelabestia #beautyandthebeast 🌟 #tiktoker #tiktokers #duetto #mascherina #covid19 #covid19italia #coetanei #divertiamoci #ahahah @ Milazzo https://t.co/ENMbfKSpec"
2020-10-18 21:56:48+00:00,10___L,1317947765629063170,"In pratica il Governo con l'ultimo Dpcm ha detto a sindaci e presidi ""sò cazzi vostri!"".
#covid19italia #Dpcm #COVID19"
2020-10-18 22:40:45+00:00,RemediosBuendia,1317958828563009536,"Io questo video l'ho visto per la prima volta lo scorso marzo, e siamo di nuovo qui.
Ma se torniamo tutti a casa entro mezzanotte, andrà tutto bene."
2020-10-18 23:10:55+00:00,alessia_smile6,1317966416914620418,@littleboypc i campanelli del #goofy9 🤗
2020-10-18 23:54:18+00:00,staycalmoRM,1317977334427811841,"Mi ci hanno fatto entrare da #Eurospin , al #Bar, in #Farmacia ma non dal #Cinese che me ne ha fornita una chirurgica per cambiarmela...quindi penso servano solo per video e #selfies
.
#staycalmo #mascherine #mascherina #COVID19 #Lockdown2 #lockdown #gay #gayitalia #Instagram https://t.co/YfXTx9ecBd"
2020-10-19 00:49:17+00:00,marika_marone,1317991172434882560,"Non facciamo #assembramenti in casa, al massimo 6 persone.
#covid #coronavirus #contagio @ Turin, Italy https://t.co/4Fr1TCHDot"
2020-10-19 00:51:57+00:00,marika_marone,1317991842475028483,"#assembramenti in #casa
#covid #coronavirus #pandemia @ Bitetto https://t.co/XQzaFpvPe8"
2020-10-19 03:45:17+00:00,DuilioFilomeni,1318035464830570497,"Coronavirus, in Italia 11.705 nuovi casi in un giorno e 69 decessi https://t.co/XaJoLJWUWk"
2020-10-19 03:59:31+00:00,DuilioFilomeni,1318039047969845248,"Vittorio Feltri, la rabbia sul coronavirus: ""Subiremo altre mortificazioni, ma cosa ci propongono le opposizioni?... https://t.co/Ruo7nM5vxR"
