Date,User,Tweet_id,Tweet
2020-12-06 05:50:13+00:00,farenka,1335461522089406464,Quando la matematica è un’opinione! 🤣 #ilgreg #covid #coronavirus #COVID19 https://t.co/qAPFPiitRG
2020-12-06 07:17:21+00:00,fgraniglia,1335483450372009984,@gogoyubari88 @Open_gol È qui che ti sbagli (come ho fatto anch'io). https://t.co/dF1n7d04cG
2020-12-06 07:36:19+00:00,nalial,1335488225557811200,Questa dittatura sanitaria è insopportabile. Qualcuno che faccia lo sciopero della fame l'abbiamo?
2020-12-06 07:45:58+00:00,Robyzd,1335490654865149952,Nuove linee guida del CDC. Fine quarantena dopo 7 gg se PCR o test antigene negativi. Campione del test raccolto dal quinto giorno. Senza un test fine a 10 gg se asintomatici. 14 gg cmq ottimali. #COVID19
2020-12-06 08:15:54+00:00,spincatia,1335498187700891650,Covid: perché il Coronavirus in Italia uccide di più https://t.co/nM32HAHAsm via @quotidianonet
2020-12-06 08:21:15+00:00,spincatia,1335499530071121920,Come assumere vitamina d per rafforzare il sistema immunitario https://t.co/5X2y46saTN
2020-12-06 08:21:18+00:00,LUCAMARANTO,1335499543467659264,"#COVID19 a scuola.
In Piemonte dilaga."
2020-12-06 08:52:54+00:00,nick__67,1335507496274964480,"https://t.co/m79nnLocMz
Sesto Paese al mondo per guai #COVID19, sia per numero di casi totali che per numero di morti. C'è poco da allentare. https://t.co/TqZw2SK34a"
2020-12-06 09:07:51+00:00,foghel79,1335511258850881536,"E chi non è d accordo Vada A FANXULO
#COVID19 #restrizioni #sci https://t.co/GuOUPFiyMx"
2020-12-06 09:11:58+00:00,luigicaroppo,1335512294957178880,"Non contano l'età  e la cartella clinica 
Ricordiamoci dei Caduti del #COVID19"
2020-12-06 09:18:18+00:00,VerdeDr,1335513889665134592,"PIANO VACCINI COVID19 ITALIA 🇮🇹. QUALI,QUANDO, QUANTI E A CHI SARANNO SOMMINISTRATI NEL 2021. #skytg24 #teleclubitalia https://t.co/cfF6ciw789"
2020-12-06 09:18:49+00:00,luigicaroppo,1335514017922682880,"Il #COVID19 ammazza il #lavoro https://t.co/Q0WvL8gaSB via @qn_lanazione
@cgiltoscana
@CislToscana 
@UILofficial 
@FurlanAnnamaria 
@DCalosi"
2020-12-06 09:26:44+00:00,pbolaffio,1335516012586872832,Complotto 😂
2020-12-06 09:37:13+00:00,marielSiviglia,1335518649197752320,"Tele 📺 covid19 Pechino Italia, fabbrica di #fakenwes, paura e terrore, rigorosamente spenta.
Idem principali quotidiani, collaborazionisti della #DittaturaSanitaria in corso. https://t.co/XOebLVbaRq"
2020-12-06 09:38:47+00:00,VitoeCarmelaPis,1335519043562901505,"@guidomarchello Sarà per questo che molti sono indifferenti di fronte ai tanti morti a causa del covid19, e dicono : tanto muoiono solo gli anziani!"
2020-12-06 10:17:44+00:00,giuseppina9,1335528845395550209,"@robersperanza Sig. Ministro, buongiorno. Conosce le condizioni in Capitanata e BAT? Si rende conto delle condizioni in cui verserà la nostra zona fra pochi giorni? #COVID19"
2020-12-06 10:23:51+00:00,Maxitaly69,1335530384411463681,"In Cina, dove la dittatura è reale, tutti questi signori sarebbero stati subito tracciati, multati, e confinati in casa per 15 gg.
Invece, in Italia, dove si blatera di #DittaturaSanitaria, questi coglioni fanno come gli pare, mettendo a rischio la #SanitàPubblica
#COVID19"
2020-12-06 10:26:13+00:00,EnzoSan69,1335530982066302976,"#sanità, #9dicembre #Sciopero nazionale, #FSI #USAE: ""contro l'arroganza del #Governo .nella #leggedibilancio 2021"" #lavoro #Infermieri #Nurse #OSS #ospedali #COVID19 #coronavirus #Italia"
2020-12-06 10:31:07+00:00,casillo_silvia,1335532212419223552,"Per chi mi conosce bene, sa quanto io sia una persona molto affettuosa!
Mi manca abbracciare e baciare le persone a me care, questa pandemia ci impone una distanza che ci sta uccidendo...
Solo l'idea di come dovremmo trascorrere le feste natalizie in arrivo mi rattrista! #COVID19 https://t.co/qG3DjYdpI1"
2020-12-06 10:40:13+00:00,pcbassignana,1335534505080328193,"@AllertApc @pcbassignana #Bassignana #PCProvAL #socialmedia #social #media #protezionecivile #COVID19 #Covid #coronavirus #SARSCoV2 #virus 
Il #monitoraggio dei dati in #Italia e i provvedimenti del @MinisteroSalute per le diverse aree di #rischio
https://t.co/4lBOOl5HuY https://t.co/6xyKMlCTZZ"
2020-12-06 10:49:34+00:00,franzrusso,1335536858676260866,"Un anno così non si era mai visto. Uno dei peggiori degli ultimi decenni, non solo per il #COVID19. Proviamo a definirlo in 3 parole, così andrà via prima:

1️⃣ Sofferenza
2️⃣ Resilienza
3️⃣ Fiducia

E quali sono le vostre? 
Scrivete con #2020in3parole https://t.co/7VN8m1VXTt"
2020-12-06 10:59:44+00:00,DentroeFuori,1335539417273020417,"Su https://t.co/nDAXKEHjnh un albero speciale  al Mandic #dentroefuori  #ospedalemerate #natale2020  #puntogrill #Merate #covid19 @ Ospedale San Leopoldo Mandic, Merate https://t.co/I9w0eSpYHj"
2020-12-06 11:08:26+00:00,Ilaria7477,1335541606053801984,"https://t.co/Loxbj83Q7A
Non li fate"
2020-12-06 11:11:03+00:00,boquito67,1335542262273626114,"@HuffPostItalia Un paio di considerazioni su un'idea forse giusta.
Uno. Con questo sistema si rischia concretamente di esagerare il clima intimidatorio in atto similsudamericano.
Due. Con i tempi della giustizia la prescrizione è  assicurata quindi meglio il penale che una multa.
#cts #COVID19"
2020-12-06 11:14:18+00:00,Ilaria7477,1335543080817143808,"https://t.co/JNcQVrIy60
Stesso discorso per il Governo che non rispetta il suo Popolo"
2020-12-06 11:24:40+00:00,francescocipe,1335545688386629633,"@romatorino @rodcostakiwi @Pietro_Otto Tutto cose volute dallo stato, anche la uno bianca, e io da allora dico che sono tutte Stragi di stato. Dagli anni 80 che ci dovevano distrarre xche ci stavano vendendo all'€.... Distrarre il popolo per portarlo in schiavitù. Il covid19 dovrebbe essere il punto finale"
2020-12-06 11:40:31+00:00,marielSiviglia,1335549678377717761,Incidente stradale nel milanese. 3 morti di covid19.
2020-12-06 11:46:44+00:00,stefiruggeri,1335551244266516481,Vi siete mai chiesti perche’ spesso in una famiglia capita che uno dei componenti sia contagiato dal Coronavirus e gli altri no ?  La riposta in quest’articolo del mio blog https://t.co/48ggSkKb1O
2020-12-06 12:43:06+00:00,todorov_denis,1335565429306167296,Ma che c'entra il vaccino anti covid con la sessualità...?
2020-12-06 13:03:49+00:00,fcasini29,1335570642071134213,6.12.2020 È una Domenica piovosa ma è anche il primo giorno fuori dalla zona rossa 🛑. Ho voluto festeggiare questo passaggio verso la normalità con qualche acquisto natalizio 🪅 per aiutare i nostri commercianti. Forza Firenze. Viva l’Italia. #COVID19 Non acquisto on line. https://t.co/XJhWZv0YgD
2020-12-06 13:20:49+00:00,nerorimmel,1335574922249252868,"Cronache dalla zona rossa 🔴 Dal 6 al 29 novembre 2020 la Lombardia ha vissuto un secondo lockdown per il contenimento del Covid19.
Ho voluto fotografare le attività che, con molte restrizioni, sono rimaste aperte. https://t.co/iA1f0WzKqx"
2020-12-06 13:23:03+00:00,OlderGf,1335575483984080901,"Dopo aver perso tre conteggi in Georgia, #TrumpIsALooser chiede, invano, al governatore Kemp, suo fedelissimo, di ribaltare il risultato. Voleva commettere una frode elettorale
https://t.co/9EbCqxkqHq"
2020-12-06 13:45:15+00:00,giuaddo99,1335581070557933571,@ElioLannutti Ti pare una notizia ...compatibile con il bombardamento giornaliero di cifre sul #COVID19??
2020-12-06 13:52:35+00:00,ir_idea,1335582916450119680,Sono andato a fare lo screening di massa per il COVID19 della provincia dell’Aquila 🦠 le volontarie sanitarie sono state bravissime 👏🏻 plauso al loro impegno e grazie! #COVID19italia
2020-12-06 14:08:09+00:00,PulciniRemo,1335586833758121984,La Cina del Covid ammette che il Covid è scappato da un Laboratorio: Nuove linee guida sulla sicurezza dei laboratori per il coronavirus https://t.co/8b0yvvypKD
2020-12-06 14:18:14+00:00,AntonioOpallo61,1335589370754195456,"@OCardinal17 Chi non si vaccina contro #COVID19  ed è di sesso maschile e malauguratamente si becca il virus , ha altissime probabilità di restare impotente a vita. Giuro che è vero, ho i riferimenti bibliografici. Tutto dimostrato  scientificamente 😂😂😂"
2020-12-06 14:19:16+00:00,moocca,1335589628603228165,Ora speriamo che la gente si preoccupi e cominci a proteggersi #Covid_19 #COVIDIOTS #COVID #coronavirus
2020-12-06 14:29:32+00:00,quotidianodirg,1335592215582687233,Coronavirus Ragusa: 3.225 guariti e 123 morti https://t.co/clJwzuQy3W @quotidianodirg #news #notizie https://t.co/RK9VVFMUZa
2020-12-06 14:35:20+00:00,GianelleMauriz7,1335593673984274433,Mamma rai è dal governo giallo verde che sei la puttana del centro destra
2020-12-06 14:40:49+00:00,Fra_Magnifico,1335595051947266049,Io nominerei un'altra Task Force per partorire queste stronzate. #coronavirus #Covid_19 #Spostamenti #congiuntifuoriregione #CONTEDIMETTITI
2020-12-06 14:53:40+00:00,GaetanoBellino,1335598287605338113,Ma l’avete capito o no che la Meloni parla solo per parlare (urlare) sapendo che i suoi seguaci neanche si sforzeranno di controllare le sue affermazioni?!?🤬🤬🤬
2020-12-06 15:16:50+00:00,marioacucchi,1335604116316442629,E adesso vedremo cosa diranno i no vax...
2020-12-06 15:36:26+00:00,GaetanoBellino,1335609049535143943,"Mi sembra evidente ed anche un’affermazione inutile dal momento che vivono in Italia, i migranti!
Ma pensare prima di parlare mai?!?"
2020-12-06 15:44:10+00:00,GianelleMauriz7,1335610997537648644,"@Viminale 
È da giugno che il centro destra
Fa ASSEMBRAMENTI
Ovunque!
Siete responsabili della seconda ondata covid19
Grazie alle prefetture d Italia 
Abbiamo avuto la seconda ondata!

Perché il centro destra può fare tutto?
E i prefetti sono complici!"
2020-12-06 15:44:21+00:00,PollariDaniele,1335611040374120451,"Auguri di pronta guarigione per tuo #Nonno 
#Riccione 

Incuriosito, sono andato sulla tua timeline per vedere le reazioni ai tuoi post che riguardano la pandemia #COVID19 ... 🤦‍♂️

Non stancarti mai di rispondere ai #negazionisti , come sai fare molto bene !"
2020-12-06 15:47:50+00:00,GianelleMauriz7,1335611918539771905,"@Viminale 
@robersperanza 
@GiuseppeConteIT 
@PietroGrasso 
La legge è uguale per tutti
O i fascisti da maggio sono sempre liberi di fare ASSEMBRAMENTI?
I prefetti e Italia sono responsabili della seconda ondata covid19!
Complici dei fascisti!
C e o non c e un prefetto a Roma?"
2020-12-06 15:53:49+00:00,francescocipe,1335613422982008832,"#covid19
#IDROSSICLOROCHINA
@MinisteroSalute
@robersperanza
Funziona e costa poco
Certo nn entra nelle tasche ma salva vite umane !!!!"
2020-12-06 16:02:54+00:00,amedeoNFT,1335615708294737921,@piersileri lei sembra una persona seria: sua moglie ancora vende prodotti sanitari alle ASL di Roma come scoperto da @redazioneiene ? Chi dimentica e' complice. #DomenicaIn #COVID19 https://t.co/Dd36vawYzh
2020-12-06 16:14:15+00:00,alioscia16,1335618567937650690,"E meglio che centralizzino cretino! Se no tu e tuoi sodali vi rubate anche le mutande!!! ASINI. Coronavirus in Lombardia, Fontana: ""Governo usa il virus per impedire autonomia. Non chiedevo autorizzazione per gare ai pm""  https://t.co/JsBXxmzGs5 via @repubblica"
2020-12-06 16:24:41+00:00,VerdeDr,1335621193748111361,Vaccino covid19. Somministrare ANZIANI E GIOVANI A SCUOLA. #teleclubitalia #skytg24 #Azzolina    #dottorverdeg https://t.co/uHGO4Qm0Sl
2020-12-06 16:39:33+00:00,gattorosarosa,1335624934303862794,"Corriere della Sera: Coronavirus in Italia, il bollettino di oggi 6 dicembre: 18.887 nuovi casi e 564 morti.
https://t.co/JRxRdXx7Xi

tramite @GoogleNews"
2020-12-06 16:52:21+00:00,SergioSierra67,1335628154359205892,Il coronavirus ha ucciso 4mila persone a Milano nella prima ondata: in 120 senza nessuna patologia https://t.co/ScA2i4qFQX
2020-12-06 17:00:32+00:00,GaetanoBellino,1335630215775739909,"L'ESODO DEGLI ITALIANI IN SVIZZERA PER COMPRARE IL VACCINO ANTINFLUENZALE - DALLA LOMBARDIA.. https://t.co/XoPB9sPllp
Vaccini e Lombardia, uno schifo totale per la regione più industrializzata d’Italia!🤬🤬🤬"
2020-12-06 17:03:43+00:00,petergomezblog,1335631016380289030,"#Coronavirus, oggi 18.887 positivi e 564 morti. Oltre 60mila decessi da inizio pandemia. Casi: 30mila in meno rispetto a settimana scorsa https://t.co/7UorsTp3dD via @fattoquotidiano"
2020-12-06 17:07:57+00:00,ValentinPizzone,1335632081150468096,"Keep track of COVID-19 In real time with COV19
Sito Dati FAKENEWS perché mette morti Italia ben 13 volte la REALTÀ! (vedi screenshot). Pagati dai concorrenti USA, Francia, GBretagna?
https://t.co/AGXcNRuH0B

#COVID19"
2020-12-06 17:09:38+00:00,timetit,1335632502732558336,"Scienza
Comunità
Responsabilità
#2020in3parole

hanno prevalso su pseudoscienza, individualismo e irresponsabilità che hanno precisi sponsor"
2020-12-06 17:11:48+00:00,ale_durante,1335633049917280256,"Quest'anno il tradizionale riconoscimento civico viene assegnato dall'Amministrazione all'intera Comunità di #Lecco come ringraziamento per la solidarietà e la responsabilità con cui ha affrontato l'emergenza #COVID19.

#SanNicola #SanNicolo #6dicembre #Natale2020 #coronavirus https://t.co/5dodYcQW3L"
2020-12-06 17:15:15+00:00,Ile2S,1335633919304142852,#Roma #Covid siamo sulla buona strada? https://t.co/jhdMjZuRPB
2020-12-06 17:18:52+00:00,Michele02828265,1335634829564669952,"#Salvinivergognati #melonivergognati
Il vostro virus dell'odio genera mostri"
2020-12-06 17:24:53+00:00,Kekko31P,1335636341313462277,@noemicristofalo @MattiaCristofa2 @DiSantita #GlobalLiveService “Quando vedete il Coronavirus sappiate che la terra non è la nostra casa”
2020-12-06 17:43:07+00:00,PiramideRossa,1335640930167234560,Cercasi senso logico a questo affastellamento di diverse problematiche!!! Anche questo è becero populismo stile #salvinifrullatore !!! #COVID19
2020-12-06 17:46:40+00:00,Riccardi_FVG,1335641824610889731,"#Salute #Fvg: 🔴🔴🔴La domenica sera è dedicata al confronto con i direttori generali, i direttori sanitari e dei dipartimenti di anestesia e rianimazione per l'analisi puntuale della situazione nel territorio. #COVID19 https://t.co/SLG9kWm1N3"
2020-12-06 17:49:21+00:00,pcbassignana,1335642499101175809,"@AllertApc #PCProvAl #social #coronavirus #Salute #COVID In tempi di #COVID19 può essere molto utile il #saturimetro. Sono molte le richieste di spiegazioni sul suo funzionamento, in particolare dopo la pubblicazione per le linee guida sulle cure a #casa https://t.co/EI8gCVP6da"
2020-12-06 17:56:06+00:00,dfrancolino6,1335644197714612227,"Chi ci crede che il 7 gennaio 2021 in piena #epidemia #influenzale, senza #vaccini #AntiCovid per nessuno e neanche antinfluenzali per tutti, si possa lasciare la #DAD facendo lo stesso tira e molla di ottobre ? Non siamo stufi di bugie del Governo e buffonate da CDX ? SERIETÀ!"
2020-12-06 17:58:54+00:00,JackGrifo,1335644902231830530,@CinziaMontelli @andresalis Noi abbiamo dovuto rinunciare al nostro #Capodanno in #CostaRica mannaggia a questo #COVID19
2020-12-06 18:13:03+00:00,kappaTI,1335648463103647756,"1) domenica

2) di dicembre

3) col covid19"
2020-12-06 18:14:45+00:00,Michele02828265,1335648892596137985,L'importante non è la verità ma seminare paura #melonicialtrona
2020-12-06 18:17:33+00:00,quotidianodirg,1335649593934053378,"Coronavirus Italia, 18.887 nuovi casi e 564 vittime in 24 ore https://t.co/vyrNSbJSs3 @quotidianodirg #news #notizie https://t.co/4v2bf0S4iS"
2020-12-06 18:18:49+00:00,Kekko31P,1335649915817562113,"@MattiaCristofa2 @Gionath10857107 @noemicristofalo @DiSantita #GlobalLiveService Il coronavirus sta annunciando alla Chiesa:
➡ La venuta del MESSIA
➡ L’ora di giustizia e ravvedimento per catturare i cuori delle persone"
2020-12-06 18:19:18+00:00,MarcoTubiolo,1335650036458299393,Più esplicativo di. Qualunque dpcm #covid19 #Natale #dpcm https://t.co/Qoj6urCF8j
2020-12-06 18:33:24+00:00,marilamb2011,1335653584030068736,C'è un problema #Veneto ma non si può dire perché #parebrutto
2020-12-06 18:41:31+00:00,SebastianoRus10,1335655627960487938,Penso che qualunque reazione sarà giustificata se il https://t.co/r0cY7QEGyW prof avv del popolo(ma quale?) vorrà derogare alla Costituzione con uno dei suoi pirotecnici dpcm...👹👹👹👹
2020-12-06 18:45:29+00:00,NMasiani,1335656625798000640,Quindi a #Begich il #covid19 non sapevano cosa fosse? #leredita
2020-12-06 18:52:58+00:00,Kekko31P,1335658509652930565,"@ElisabettaPelu2 @DiSantita #GlobalLiveService IL SIGNORE sta utilizzando il Coronavirus e la piaga delle cavallette per attirare l'attenzione dell'umanità, che EGLI ha zero tolleranza al peccato e per istruire il mondo intero ad allontanarsi dalla malvagità e abbracciare il RAVVEDIMENTO"
2020-12-06 18:54:02+00:00,gpazzaglia71,1335658778356756481,"Il suo cervello di stragi ne ha già viste, I suppose."
2020-12-06 18:54:45+00:00,Pinosca2,1335658956006584321,Sta fascistella bugiarda e sguaiata
2020-12-06 18:55:24+00:00,red_zombie_69,1335659121987768326,@Gio1ng Con l'unica differenza che un vaccino contro il #COVID19 esiste mentre la stupidità è una pandemia inarrestabile. 🤔
2020-12-06 19:00:36+00:00,pcbassignana,1335660430052777987,@AllertApc #Bassignana @pcbassignana #PCProvAL #socialmedia #social #prevenzione #coronavirus #COVID19 Cosa succede se un famigliare è un contatto diretto? #Emergenza #Covid_19 #protezionecivile #Piemonte #Lombardia #Liguria #ValledAosta #EmiliaRomagna https://t.co/XMBO2l6LqM
2020-12-06 19:00:44+00:00,MarcoMgp89,1335660465016410118,""" Nulla impedirà al sole di sorgere ancora, nemmeno la notte più buia. Perché oltre la cortina della notte c'è un alba che ci aspetta"".
Forza mia bella #Lodi!
#coronavirus #vinciamonoi https://t.co/iVcfYmlaMZ"
2020-12-06 19:01:09+00:00,pcbassignana,1335660567831441410,@AllertApc #Bassignana @pcbassignana #PCProvAL #socialmedia #social #COVID19 #coronavirus #prevenzione #FAQ Aggiornate le risposte ai quesiti più frequenti sulle misure adottate per il contrasto al #Covid_19 anche per il periodo 04/12/ 2020 - 15/01/2021 https://t.co/9sI68cKHzN
2020-12-06 19:10:41+00:00,SebastianoRus10,1335662969347334144,"Perché lo scopo è terrorizzare, impaurire. Altrimenti non sarebbero i cialtroni che sono"
2020-12-06 19:32:24+00:00,alegio957,1335668431161528324,Buonasera 👏👏👏👏👏✌️✌️✌️✌️✌️💪💪💪💪💪🙊🙉🙈
2020-12-06 19:40:19+00:00,NickFigliodiDio,1335670425406345218,"#GlobalLiveService
Il corona virus sta parlando alla terra di RAVVEDERSI e tornare al MESSIA"
2020-12-06 19:41:38+00:00,mar_aie,1335670756634669056,Paura che finisca il Festival di Sanremo...
2020-12-06 19:44:40+00:00,nottetwitt,1335671520337801225,Il Mose regge e salva Venezia da acqua alta: unica notizia positiva in una serata di Hard Rain e Covid19 #Mose #Veneto
2020-12-06 19:45:02+00:00,elenacapodacqua,1335671612528611328,Qualcuno spieghi al Presidente che non funziona così e che prima di 21 giorni non è possibile passare da una fascia all'altra.  Non è che chi prima si alza detta la legge! #abruzzo #Marsilio #COVID19 #COVID #coronavirus #COVIDー19 #Governo
2020-12-06 19:48:51+00:00,stefanodirusso1,1335672573791793152,"60mila morti per #coronavirus #COVID19 senza nessun piano pandemico aggiornato, dossier scomparsi, #RanieriGuerra il responsabile di tutto è libero, senza nessun indagine in corso, ed allora cara @nonelarena @reportrai3 le chiacchiere stanno a zero bisogna fate i fatti."
2020-12-06 19:50:01+00:00,fran_orsini,1335672866197671937,"E niente, alcuni resistono anche al #COVID19 https://t.co/FDZYg6EyNa"
2020-12-06 19:53:02+00:00,pietrocristof12,1335673626222321671,@Kekko31P @Gionath10857107 @noemicristofalo @MattiaCristofa2 @DiSantita “Quando vedete il Coronavirus sappiate che la terra non è la nostra casa” #GlobalLiveService
2020-12-06 19:54:15+00:00,DaniInterrante,1335673929575358464,"@GilettiMassimo @nonelarena 
Ma @piersileri sta bene?? Non c’è niente di scandaloso nel report?
Perché minacce a @zamboni perche @speranza ritira libro. Perché non far testimoniare autori ed esperti OMS? #COVID19"
2020-12-06 20:03:08+00:00,egidio_gialdini,1335676166007615489,"L'aggiornamento di domenica 6 dicembre 2020 dal Sindaco di POLICORO, Enrico MASCIA, sull'emergenza coronavirus nella cittadina jonica, con l'invito a rispettare le misure anti contagio vigenti. https://t.co/XAcNSRUooF"
2020-12-06 20:05:24+00:00,LeonardoMontef6,1335676735254388738,Ma voi giornalisti fino al 2017 dove eravate? Perché non vi siete mai interessati ad un piano Pandemico? Perché non avete convocate i vari ministri della salute e i presidenti  del Consiglio? Vi svegliati oggi che il covid19 ha messo in crisi il sistema sanitario.
2020-12-06 20:08:47+00:00,CrovellaAntonio,1335677586781974532,"@RaiNews Questo 2020,infinitamente sfigato insopportabile, ci sta' facendo penare di Coronavirus, e' neve temporali, forti pioggia allagamenti. Manca solo che cada un meteorite, 2020 sfigato."
2020-12-06 20:10:58+00:00,Kekko31P,1335678138693656576,"@pietrocristof12 @NicolaColucci19 @Gionath10857107 @noemicristofalo @MattiaCristofa2 @DiSantita #GlobalLiveService La tremenda morte e agonia del mondo - la pandemia del coronavirus - dovrebbe spingerci, ancora di più, ad abbracciare il ravvedimento e scappare, attraverso il rapimento, da questo mondo instabile che perisce."
2020-12-06 20:15:38+00:00,Lorenzo_Dolce,1335679312024973321,"L’#Abruzzo da domani è in zona arancione. L’ordinanza 106 firmata da Marsilio è in vigore. Fonti vicine al presidente sottolineano che “il #Governo, eventualmente, può impugnarla”. I #negozi possono riaprire. #COVID19"
2020-12-06 20:20:30+00:00,Kekko31P,1335680539181912073,"@Gionath10857107 @pietrocristof12 @NicolaColucci19 @noemicristofalo @MattiaCristofa2 @DiSantita #GlobalLiveService 🟣 Luca 21:28
Ma quando queste cose cominceranno ad avvenire, rialzatevi, levate il capo, perché la vostra liberazione si avvicina. 
Il Coronavirus sta inviando il Messaggio globale degli ultimi tempi alle nazioni."
2020-12-06 20:21:46+00:00,stagliacollo,1335680855541473280,Ma andate a fanculo buffoni!
2020-12-06 20:21:46+00:00,lindaserra,1335680856342585345,Ma i centri commerciali chiusi mi raccomando e anche i bar che se no si fa assembramento 🤦‍♀️ #Riccione #COVID19
2020-12-06 20:24:08+00:00,pietrocristof12,1335681449731698689,"🟣 Efesini 2:13
Ma ora, in Cristo Gesù, voi che allora eravate lontani siete stati avvicinati mediante il sangue di Cristo.
#GlobalLiveService"
2020-12-06 20:26:06+00:00,Kekko31P,1335681947562074112,"@pietrocristof12 @Gionath10857107 @NicolaColucci19 @noemicristofalo @MattiaCristofa2 @DiSantita #GlobalLiveService COVID-19 sta inviando il Messaggio globale degli ultimi tempi alle nazioni 
Ma quando queste cose cominceranno ad avvenire, rialzatevi, levate il capo, perché la vostra liberazione si avvicina. Luca 21:28"
2020-12-06 20:35:46+00:00,angeliving94,1335684379071434752,"🔴 Rudy Giuliani, avvocato e consigliere di Trump, è risultato positivo al coronavirus."
2020-12-06 20:35:52+00:00,intheunion2020,1335684405621379075,🇺🇸 Con questo tweet Donald #Trump annuncia la positiva di #RudyGiuliani al #COVID19
2020-12-06 20:44:02+00:00,francescocipe,1335686460234731523,Non si vergognono di nulla
2020-12-06 20:49:37+00:00,stefanodirusso1,1335687864756137989,"Coronavirus, perché 14mila giovani medici in piena pandemia non possono specializzarsi - via https://t.co/FZI3VzvsCo
🔗 @ilsole24"
2020-12-06 20:59:23+00:00,francescocipe,1335690322471489542,"Da giletti stanno facendo vedere il xche il governo vuole il MES.... devono pagare quello che stanno cammuffando per reparti anti covid19 da 24 posti  quando in realtà sono 12.
Hanno rubato e vogliono far pagare ai nostri figli i loro furti !!!"
2020-12-06 21:01:55+00:00,francescocipe,1335690961104605184,"#pd #m5s
Vogliono il MES per pagare coloro che non devono parlare"
2020-12-06 21:06:54+00:00,federick908,1335692214043881478,"Buon senso e responsabilità civica. Non serve altro... #COVID19
#dpcm3dicembre
Nel decreto di Natale ci sono i divieti agli spostamenti ma non le sanzioni - Il Sole 24 ORE @sole24ore https://t.co/r3whmc7Cyj"
2020-12-06 21:14:42+00:00,bhel_marie,1335694177921871876,"Coronavirus in Lombardia, tutti gli aggiornamenti in diretta https://t.co/tfpP1htayb via @Lombardia Notizie Online"
2020-12-06 21:18:52+00:00,NunzioSepe,1335695226778873856,"Andrea Crisanti... 
Covid, la tragica previsione di Andrea Crisanti sui morti: ""Supereremo l'Inghilterra per numero di vittime"" - Il Tempo https://t.co/nDv1UsLhuV"
2020-12-06 21:26:40+00:00,francescocipe,1335697188752650241,"#NOMES
IL #PD E IL #M5S VOGLIONO IL MES PER COPRIRE LO SPERPERO DI DENARO PUBBLICO"
2020-12-06 21:33:38+00:00,francescocipe,1335698941896237058,"2MILIONI DI € SPRECATI
ECCO A COSA SERVE IL MES ALLA SINISTRA"
2020-12-06 21:38:18+00:00,ToninoR118,1335700114845863937,"Spara numeri ad minkiam, oramai è fuori di testa."
2020-12-06 21:40:24+00:00,Stefano13112244,1335700643844124672,"Cari amici Campani non incazzatevi se vi dicono terroni, ignoranti, analfabeti, dovete parlare con De Luca che vuole tenervi sotto il suo regime, quel gran BASTARDO, figlio di PUTTANA, bugiardo."
2020-12-06 21:41:18+00:00,Larasperanze,1335700870533697538,"Vedo troppe persone in giro senza mascherina a #Mestre, ma che cazzo credete di fare in 5 a fare aperitivo tutti attaccati? La gente muore negli ospedali.. E voi? In giro ad infettare gli altri? Siete degli scarti umani senza coscienza #COVID19 #Karma"
2020-12-06 21:44:37+00:00,francescocipe,1335701707913826305,"@nonelarena
#luigigreco
Fatto tacere dal governo Conte bis perché diceva la verità, perché nn voleva I politici a capo della sanità"
2020-12-06 22:04:25+00:00,cosimolongo72,1335706686909247490,"Coronavirus, ultime notizie. In Veneto altri 3.444 contagi e 37 decessi - Il Sole 24 ORE @sole24ore https://t.co/5ZWNzqQ5Vy"
2020-12-06 22:04:33+00:00,ZenatiDavide,1335706723399524355,"Covid: vaccino, tra fake cellule feti e mercurio:   Cellule prelevate da feti abortiti e contaminazione da mercurio: anche i vaccini contro la pandemia di Covid-19 entrano nel mirino delle polemiche e delle fake news. I vescovi inglesi, per esempio, si… https://t.co/tBAbHPaCjX https://t.co/ihiYs7QQir"
2020-12-06 22:15:10+00:00,Alfonso1958,1335709392394735616,@marcomarsilio ... Un cretino al comando: combatte la propagazione del coronavirus con una firma. È come nascondere la spazzatura sotto il tappeto. ... D'altra parte è di FdI. Tutto si tiene!
2020-12-06 22:36:48+00:00,acirne,1335714836861374469,"Toh, Rudy #Giuliani è positivo al #COVID19"
2020-12-06 22:42:01+00:00,Enrica70916471,1335716151951843328,@bilgates_ se lo prendo covid19 è difficilissimo lo prenderai tu e ti farà morire lo sai perché tu non sei mai fuori aria aperta sei al chiuso che pensi a come fare soldi computer più ti sei buttato in farmaceutica sei più vecchio di me io vivo la vita mi faccio anticorpi
2020-12-06 23:11:49+00:00,tanyasbrandshow,1335723649463160837,"Come affrontare il #rischio e fare #impresa post #Covid19 ?
https://t.co/Lj8w4SMGKh"
2020-12-06 23:15:29+00:00,tanyasbrandshow,1335724573799669761,"#studio e #aggiornamento continuo. 
La #formazione per il #successo post #Covid19 
https://t.co/Lj8w4SMGKh"
2020-12-06 23:25:12+00:00,SimoniLorenza,1335727017854185478,"Paura (un sottofondo sempre presente)
Cambiamenti (a cui mi sono dovuta adeguare mio malgrado)
Rete (le opportunità di quella digitale e il calore di quella reale)
Il mio #2020in3parole
Qual è il tuo?"
2020-12-06 23:56:19+00:00,AFoccardi,1335734847797604355,È tutto vero per chi crede ancora a questo #governocriminale.
2020-12-07 00:05:57+00:00,uburoi1,1335737274512908291,Popolo di imbecilli questo siamo diventati
2020-12-07 02:16:08+00:00,RiccardoLaudad1,1335770033788772352,Ma leggete i mex su tw. Ci sono le info giuste per farsi un idea più precisa. Restate qui.
