Date,User,Tweet_id,Tweet
2020-10-25 04:19:33+00:00,villinogiovanni,1320218415718633474,"Don Bosco e il Coronavirus

https://t.co/t3hQQmJQMn https://t.co/wKHdnwsw94"
2020-10-25 04:44:46+00:00,Borsapretporter,1320224761184739328,"Bassetti ha ragione ma un &gt; 65 o chi ha patologie dovrebbe arrivarci da solo!!! 
#Lockdown2

Matteo Bassetti, coronavirus e lockdown: ""Ahimè, l'unico modo per evitarlo"". Il divieto di uscita di casa per gli over 65 https://t.co/O4Pylgx9gY"
2020-10-25 05:24:21+00:00,MassimoFlumeri,1320234722224705536,Andatelo a prendere a casa e impalatelo. Maledetto
2020-10-25 05:58:42+00:00,DuilioFilomeni,1320243368937607170,"Coronavirus, l'impennata di contagi a Milano: casi triplicati in 7 giorni, visite ed esami bloccati https://t.co/aXKjgkJkAl"
2020-10-25 05:59:39+00:00,DuilioFilomeni,1320243605349552129,"Coronavirus a Milano, la Bocconi sospende le lezioni in presenza per 15 giorni https://t.co/oLQAXn2PWN"
2020-10-25 06:16:33+00:00,quotidianodirg,1320247859053129733,"Coronavirus ed economia, a rischio altri 5,8 miliardi di consumi https://t.co/NUW8nVU7JB @quotidianodirg #news #notizie https://t.co/ldl2hW6IfJ"
2020-10-25 06:52:47+00:00,PaoloMarani3,1320256979143692290,"Cervinia, festa del covid19 che al freddo ci sguazza! https://t.co/f03WF94zrN"
2020-10-25 06:54:38+00:00,Zippo88lrr,1320257443411222530,"Guardate, è pazzesco. La mortalità totale in eccesso attribuita al #COVID19, una volta stabilita con certezza la letalità di quest'ultimo, diviene RIDICOLA causa virus e ABNORME causa #lockdown e morti collaterali.

Siamo in mano a dei pazzi schizofrenici https://t.co/n42FaTGbht"
2020-10-25 06:59:33+00:00,Marchess86,1320258681410326528,"In Italia i nuovi casi di #COVID19 sono stati 19.644 nelle ultime 24 ore e i morti sono stati 151 e il premier @GiuseppeConteIT lavora al nuovo #Dpcm con la chiusura di bar e ristoranti alle 18.00 e stop a palestre, piscine, cinema e teatri https://t.co/sCdfrqT0rK"
2020-10-25 06:59:50+00:00,Amos8125,1320258753057509376,"Situazione molto pesante in Belgio, già fra i più colpiti nella prima ondata."
2020-10-25 07:00:31+00:00,76Spartans,1320258922528296960,Il Governo si affida troppo alla responsabilità personale delle persone...e molte di queste non ne hanno affatto #COVID19
2020-10-25 07:02:03+00:00,SGhirardini,1320259309272469509,"#COVID19 
Ognuno deve rimanere al suo posto. Non abbiamo bisogno di saccenti che improvvisano ricette, ma di fatti veri e concreti. Non aumentiamo la confusione.
Siamo noi in prima persona che possiamo fare la differenza, adottiamo un sistema di vita che tenga conto del momento."
2020-10-25 07:12:33+00:00,fabiobiccari,1320261952438964224,"Dobbbiamo rivedere il concetto di #scuola,  non solo sul metodo ma anche su ciò che viene offerto nei programmi, non solo a prova di #coronavirus ma anche a prova di futuro. Ne parleró il 29 ottobre al Festival della Diplomazia 
https://t.co/s3dNoRRODN"
2020-10-25 07:14:57+00:00,IvanaRicci2,1320262555315654656,"""Il 95% dei contagiati è asintomatico, basta con l'isteria"" dice il virologo Palù https://t.co/wXjeORmzTA"
2020-10-25 07:16:44+00:00,fdi_GdC,1320263006895394816,"#CORONAVIRUS FACCIAMO IL PUNTO DELLA SITUAZIONE

Stasera h19.00

Con il 👨‍⚕️ Dott.Tommaso Donvito, il Sindaco Giovanni Mastrangelo, il Cons.Reg. @Zullo_Ignazio e l’On. @marcellogemmato 

Moderatore 👨‍⚖️ @resta_fra 

Segui la diretta Facebook 👉 https://t.co/fHBOaKbdJZ https://t.co/lhs8JHoSC6"
2020-10-25 07:30:49+00:00,gdt62,1320266548448284674,Code diverse #ambulanze in #ospedale e #sciatori a #Cervinia via @repubblica #coronavirus  #COVIDー19 https://t.co/4z6DsZJHGC
2020-10-25 07:45:38+00:00,grimmiegirll,1320270278837022720,"Roma, protesta contro il coprifuoco e l'ipotesi lockdown in Piazza del Popolo.
Bombe carta, cassonetti in fiamme, razzi, provocazioni e scontri con la polizia.
Una guerriglia urbana.
Siamo alla follia più totale... 🤦‍♀️🤦‍♀️🤦‍♀️
Vergogna

#Roma #Lazio #PiazzaDelPopolo #Covid19 #Lockdown https://t.co/dmYNJIEc6z"
2020-10-25 07:46:14+00:00,grimmiegirll,1320270430234607616,"Roma, protesta contro il coprifuoco e l'ipotesi lockdown in Piazza del Popolo.
Bombe carta, cassonetti in fiamme, razzi, provocazioni e scontri con la polizia.
Una guerriglia urbana.
Siamo alla follia più totale... 🤦‍♀️🤦‍♀️🤦‍♀️
Vergogna

#Roma #Lazio #PiazzaDelPopolo #Covid19 #Lockdown https://t.co/e8lUIo862C"
2020-10-25 07:49:27+00:00,pasdran,1320271239118835712,"@CBSNews WTrump! Spero che vinca perché aiuta le giovani madri incinte che non vogliono abortire! Non aiuta le cliniche che UCCIDONO I BIMBI IN GREMBO,NÉ I LGTB,SONO ABOMINI, FANNO MOLTI PIÙ MORTI DEL COVID19. LO STATO NY sino al 9° mese permette L'INFANTICIDIO IN GREMBO, sono NUOVI ERODI"
2020-10-25 07:51:16+00:00,FFiamengo,1320271695966539777,"@doktorconte ...e allora non si fa nulla? Credo che se hai una visione del futuro, cominci un progetto che altri proseguiranno, se si pensa solo al consenso distribuendo favoritismi e prebende, il paese declina e muore! Con o senza #COVID19 !
Il #mes serve ad iniziare il futuro"
2020-10-25 07:52:25+00:00,fabiosilvestri3,1320271985293840387,"Cina, la rinascita di Wuhan: ristoranti pieni e movida senza mascherine nell'ex focolaio mondiale d… https://t.co/xmw7tGkLDU via @AmbCina 
Prima ci hanno appestato ed ucciso ed ora si divertono.
PIL cinese in salita vertiginosa.
Benvenuti nella III Guerra Mondiale."
2020-10-25 07:55:34+00:00,andreawo3y,1320272776310235136,"Basta con questo terrorismo mediatico! Per quanto una persona possa mantenere i nervi saldi un minimo di angoscia la sviluppa. Di questo passo, rischiamo di ammalarci di patologie croniche peggiori del #coronavirus. #dpcm #25ottobre #lockdownitalia #COVIDー19 #Conte"
2020-10-25 07:59:04+00:00,giusmicc,1320273659039199233,#COVIDー19 #coronavirus riepilogando: tanto discutere sulla privacy dell’app immuni che violava la libertà del cittadino e adesso si vuol tornare a privarci della nostra libertà obbligandoci a stare a casa; tanti protocolli e investimenti PRIVATI per apertura in sicurezza di
2020-10-25 08:10:31+00:00,sergiocucini,1320276539053834240,"Una visione psichiatrica degli effetti della pandemia sulla popolazione. Rimane una domanda che non trova risposta: Ma cominciava per chi la sfida? La popolazione ha fatto quanto doveva e poteva, altrimenti le terapie sarebbero schizzate già a 
#COVID19
https://t.co/ImPCUoQ3wn"
2020-10-25 08:10:31+00:00,sergiocucini,1320276540806950912,"luglio! Chi ha preteso responsabilità l'ha sprecata rilassandosi e non continuando a preparare la fatidica seconda ondata ed attivando strumenti e cambiamenti organizzativi che devono consentire una vita civile propriamente detta, visto che è in nome della civiltà 
#COVID19"
2020-10-25 08:10:31+00:00,sergiocucini,1320276542392619008,"(leggasi salute pubblica) che i governi limitano la libertà dei cittadini. Il peggiore governo possibile sta gestendo la situazione peggiore nemmeno immaginabile.
#COVID19"
2020-10-25 08:12:32+00:00,RcCamera,1320277048343076865,"Sono fascisti e/o camorristi pure questi? 🤔
#23ottobre #rassegnastampa #COVIDー19 #COVID19 #Napoli #proteste"
2020-10-25 08:14:20+00:00,marco_racchella,1320277500333871104,"E alla fine siamo arrivati ad un nuovo #Dpcm dove per l’ennesima volta saranno i soliti ignoti a pagare. Dopo aver anticipato l’ora solare ci conviene sperare che nel prossimo si anticipi anche il Natale.
#grazie #Conte #COVID19 #italia #mrp75 #solitiognoti #natale #chiudere #"
2020-10-25 08:15:58+00:00,Marchess86,1320277911191064581,"Non va meglio in Europa e nel mondo con l'#Austria che ha superato i 3.000 nuovi contagi di #COVID19, la #Germania ha invece sfondato i 10.000 contagi, nuovo picco di contagi negli #USA e la #Francia sfiora i 50.000 casi di #COVID19 https://t.co/09gYFiOMDF"
2020-10-25 08:17:41+00:00,EnzoSan69,1320278344341049344,"#DeLuca rinuncia al #lockdown ma tiene le #scuolechiuse: contagi aumentati 9 volte dopo riapertura. «E #Napoli dovrebbe essere zona rossa». 

Assolutamente d'accordo con @VincenzoDeLuca su entrambi le cose 👏👏 https://t.co/NhCI6dLPOS #coronavirus #COVIDー19 #Campania"
2020-10-25 08:22:41+00:00,rivanogio,1320279600874782720,Leggere con attenzione
2020-10-25 08:23:42+00:00,MuriniGianluigi,1320279860137365504,#andra'tuttobene
2020-10-25 08:26:09+00:00,gen_napoli,1320280474183413761,"@rtl1025 #indignatospeciale C’è una sola cosa che in Italia ormai, è più diffusa del #coronavirus. Le chiacchiere, il blà blà blà, l'ammuina scatenata per coprire le colpe di ciò che andava fatto e che non è stato realizzato."
2020-10-25 08:38:18+00:00,giusmicc,1320283533450092544,Chissà perché non amiamo gli esempi virtuosi.. anzi proviamo in tutti i modi a delegittimarli al fine di evitare impietosi confronti... @vinspadafora @robersperanza @GiuseppeConteIT #coronavirus #Conte
2020-10-25 08:38:20+00:00,RbRaffaella,1320283542560083968,"Attenzione lombardi, nel weekend il Covid ama annidarsi in righelli e gomme da cancellare"
2020-10-25 08:41:24+00:00,giomo2,1320284314140028928,"@Marco_dreams Roma, Forza Nuova in piazza contro il coprifuoco: scontri con  la polizia, scontri https://t.co/tPpFpAkXdA"
2020-10-25 08:45:39+00:00,MaurizioIsola66,1320285380919369731,Proprio così
2020-10-25 08:46:48+00:00,cleona77,1320285671894941697,Tanta gente è stata rovinata mentalmente grazie al covid19 ed alla campagna mediatica terroristica....#riprendetevigente
2020-10-25 08:48:16+00:00,cirotozzi1973,1320286041597763584,"@markorusso69 @BottaMktg @EleLe08 
Ragazzi buongiorno, vi consiglio di vederlo fino alla fine, molto molto interessante, il ricercatore scientifico e colui che ha fatto anche la denuncia sui  tamponi"
2020-10-25 08:48:53+00:00,Lor_Cristofaro,1320286197344882689,"R.I.P. tecnica legislativa e logica giuridica.

E R.I.P. anche di più centinaia di imprenditori del settore sportivo.

Shame

#dpcm #sport #COVID19 #Italia https://t.co/ibRAoyIhrL"
2020-10-25 08:53:39+00:00,franolivo2,1320287394973835267,"Potere dell'infografica. Ecco come ci si contagia negli spazi chiusi, in un bar, in un'aula. Immediato e molto interessante 
https://t.co/YsvcFF2JQ4"
2020-10-25 08:58:46+00:00,navalentedds,1320288682230808581,"Una proposta per la @RegionePuglia: tamponi a intervalli regolari a tutti gli operatori delle rsa (oss, infermieri, medici, etc). Proviamoci a salvaguardare questi anziani. @micheleemiliano @ProfLopalco #COVID19italia #COVID19 #rsa #SecondaOndata"
2020-10-25 08:59:29+00:00,dedo84,1320288861466120192,Quindi? Che devo fare?
2020-10-25 09:03:43+00:00,luci69dc,1320289929415581696,"Matte negativo... ma tra i pallanuotisti una strage, con tanti già con febbre.
Bene ma non benissimo 🥺
Possiamo fingere di tornare ad una vita normale, ma non ci si salva.
#coronavirus"
2020-10-25 09:10:13+00:00,caroperazzi,1320291566511063040,"Maria Rita Gismondo - Direttore/Responsabile Microbiologia Clinica, Virologia e Diagnostica Bioemergenze dell’Ospedale Sacco - da ascoltare molto attentamente! Basta seminare panico!
https://t.co/GcbWHoYF86 via @YouTube #COVID19 #lockdownitalia"
2020-10-25 09:11:50+00:00,gdt62,1320291971169243136,"#Coronavirus, la sfida più difficile by @Maumol via @repubblica https://t.co/TXZ4m1SHKv @LDRaimondo @cristinamucciol @carloalberto @AndreaPicardi @LalaHu9 @secolourbano @lucarallo @franciungaro @antgrasso_IT @ferruccioresta @demartin @lubenasich @BentivogliMarco @flavia_marzano"
2020-10-25 09:13:48+00:00,VerdeCroce,1320292467732787201,"per contenere  #SARS-CoV-2 usiamo costantemente la #mascherina, #distanziamento sociale ed accurata igienizzazione della persona e delle superfici. #COVID #contagi #SaluteLazio #regionelazio #pandemic #aslroma #COVID19 #Roma #Sanità https://t.co/0qG0Vmok0B"
2020-10-25 09:17:27+00:00,TIZIANAPOESIA,1320293385610067968,Senza parole
2020-10-25 09:20:16+00:00,la_patrizia_,1320294093017272320,"Onestamente non ne capisco il senso. Come chiudere i ristoranti alle 23 invece che alle 24. 
Come chiuderli ora alle 18.

Mezze misure. 
O chiudi non non chiudi.

Sembrano cose fatte da chi vorrebbe il lockdown ma non voglia prendersi le responsabilità e le conseguenze del farlo."
2020-10-25 09:21:15+00:00,Lellasilvi,1320294341160669185,Ecco!
2020-10-25 09:21:37+00:00,Bea_Mary84,1320294434819420162,"• Aggiornamento #COVID19 mio e di @EpyAle •

Prima cosa: grazie a tutti per l’interessamento, abbiamo ricevuto tanti messaggi affettuosi ♥️🤧 Stiamo benissimo, ancora con poco gusto e olfatto, ma quelli torneranno col tempo. Anche tutta la mia famiglia, papà compreso 🥰"
2020-10-25 09:23:47+00:00,massimo75829469,1320294980158693377,"Se una &lt;causa COVID-19&gt;và ricercata, è la scarsità ed inefficienza dei mezzi pubblici‼️Naturalmente anche discoteche e movida‼️"
2020-10-25 09:23:50+00:00,bolofficial0377,1320294992133455873,@Jnterista_7 No però l ha fatto solo nelle grandi città https://t.co/5Q8VfMI1dh
2020-10-25 09:29:25+00:00,mauriziopodesta,1320296395996278785,"Come si trasmette davvero il coronavirus della Covid-19

https://t.co/x7FABISq9Z"
2020-10-25 09:31:00+00:00,PaoloMarani3,1320296793037545472,"@manginobrioches Il problema principale comunque è  la funivia, non areata, molto fredda, perfetta per il covid19"
2020-10-25 09:45:47+00:00,Oldgenoa,1320300515180371968,Prima il denaro e poi si vedrà.
2020-10-25 09:46:48+00:00,cirotozzi1973,1320300770336669696,Non sembra proprio a quanto pare
2020-10-25 09:46:49+00:00,FusatoRiccardo,1320300774027558912,E' blasfemo dire oggi: chi se ne frega del Natale?
2020-10-25 09:50:47+00:00,veronicacapucci,1320301771684794369,"La mia scuola si è già gemellata con due librerie di ferrara, Libraccio e Testa per aria. Chiunque volesse regalare un libro per la scuola primaria di Ro (ferrara) è ben accetto. Grazie 😊 che"
2020-10-25 09:51:36+00:00,m_pignatiello,1320301980057731072,"Chiudere le pasticcerie al sabato e alla domenica è soltanto malvagio oltre che inutile.
#nolockdown #lockdownitalia #COVID19 @GiuseppeConteIT"
2020-10-25 10:01:02+00:00,cirotozzi1973,1320304354851753984,Senza parole
2020-10-25 10:02:10+00:00,pcbassignana,1320304640106418176,@AllertApc @pcbassignana #PCProvAL #Bassignana #social #media #socialmedia #Piemonte #Liguria #Lombardia #EmiliaRomagna #ValledAosta #protezionecivile #prociv 👉 Dieci #Regole per la #prevenzione del #coronavirus – #COVID19  https://t.co/HEWMoHRo4S
2020-10-25 10:09:53+00:00,paolo83237426,1320306579007299587,@paolo83237426's account is temporarily unavailable because it violates the Twitter Media Policy. Learn more.
2020-10-25 10:10:13+00:00,RenatoRanieri,1320306663086313473,"Da cittadino a cittadino, una semplice domanda.
Vi sentite rappresentati dall'attuale classe politica soprattutto in questo momento?

Onesti.

#lockdownitalia #COVID19 #Dpcm"
2020-10-25 10:14:49+00:00,ClaudiaPriano,1320307820458397698,"Genova.
La Regione Liguria, precisamente, a cosa pensava quest'estate?
#COVID19
#Toti #Bassetti #liguria #regioneliguria #genova 
https://t.co/LK1MMYLgwE"
2020-10-25 10:17:17+00:00,pcbassignana,1320308443337678848,"@AllertApc #Bassignana #COVID19 Qualche regola importante da seguire tra le mure domestiche dove si registrano molti  nuovi contagi. 
Basta un convivente positivo al #coronavirus e poca attenzione per trasformare i nostri appartementi in piccoli focolai: le regole per evitarlo https://t.co/wrZH9iddvJ"
2020-10-25 10:23:52+00:00,3filetti,1320310098099568642,Mi avete convinto! Siete voi che puzzate!
2020-10-25 10:28:05+00:00,chimentimattia,1320311160588161025,"VERGOGNOSO, unico settore dove realmente si rispettano i protocolli.
Però i musei restano aperti, la cultura solo quando vi pare"
2020-10-25 10:29:25+00:00,RNerodasempre,1320311495633272833,https://t.co/oYrE2KZb5S @GiuseppeConteIT oggi ha decretato il fallimento della nazione! #nolockdown
2020-10-25 10:32:37+00:00,MattiaIlSindaco,1320312302252511233,"Coronavirus, Conte firma il nuovo Dpcm: in semi-lockdown per un mese. Stop a bar e ristoranti alle … https://t.co/Q774WQU4Go via @repubblica"
2020-10-25 10:32:42+00:00,AlbertoNisolini,1320312323375009793,"Firmato Dpcm, semi-lockdown sino al 24 novembre. Bar e ristoranti, stop alle 18 https://t.co/IEWc0EfoHp"
2020-10-25 10:35:12+00:00,Scarrapaolo,1320312950725500939,Assisto come molti a dispute televisive che hanno un sapore di spot elettorali.L’Onda d’urto di queso virus COVID-19 è tale che nessuno ha la soluzione in tasca. Certo il Governo fino all’ultimo Sindaco possono aver fatto errori come tutti nel Mondo.
2020-10-25 10:41:19+00:00,marielSiviglia,1320314491473678336,"Leggendo alcuni post del giornalista Cesare Sacchetti : obiettivamente ha ragione, non esiste una opposizione, esiste il governo covid19 
Sostanzialmente, come se ai tempi in cui l'Aids veniva raccontata come la peste del 2000, ci fosse stato un governo unico aids.
Morale ?"
2020-10-25 10:47:46+00:00,FishingacademyC,1320316115864662016,La domanda viene spontanea meglio il lavoro o la salute?Iniziano le chiusure e i problemi soprattutto economici @FishingacademyC @BreakingCovidIT #coronavirus #italia
2020-10-25 10:48:38+00:00,sedazzari,1320316332412424193,ADN0197 7 POL 0 ADN POL NAZ **CORONAVIRUS: CONTE TERRA' CONFERENZA STAMPA SU NUOVO #DPCM ALLE 13.30**
2020-10-25 10:53:40+00:00,Fra7russo,1320317597003485185,"🔵 I cosiddetti #SciMuniti ⛷

Era prevedibile?
#COVID19 #lockdownitalia 
https://t.co/5P38w4te7A"
2020-10-25 10:54:01+00:00,hymnodicus,1320317687952773121,"Un commento ragionato, ogni tanto esistono 👏"
2020-10-25 10:54:56+00:00,pasdran,1320317917695823873,"@GretaSalve Lo sai ke durante la1^terribile ondata di Covid19 1medico GIOVANE DI BASE sicilianoTRASFERITO in1paese del varesotto,se non vado errato,ha curato con coraggio,tutti i suoi 1500pazienti a casa, comprando a sue spese mascherine, gel- NN È STATO RICOVERATO,dovevaMattarello dare la🏅"
2020-10-25 10:55:53+00:00,ppegiuse96,1320318157010182145,"Se così dovesse essere, sarà per la prossima 🤷🏻‍♂️

Mi dispiacerebbe un sacco, non poter assistere ad un GP dal vivo per la prima volta in vita mia ma, c’è in gioco la Salute di tutti fra cui anche la mia. #F1 #Imola"
2020-10-25 10:57:46+00:00,fedediggia,1320318629607559169,"Nuove norme : rastrellamenti , olio di ricino anti covid, apertura a via tasso di un triage , il pd che che diventa pdns( partito democratico nazional socialista) ... buffoni #COVID19 #chiusura #propagandalive #ZINGARETTI #Governo @lucatelese @marcocappato @DAVIDPARENZO @zdizoro"
2020-10-25 10:58:08+00:00,pananost,1320318722016448512,Una bella patrimoniale a tutti gli esperti del circo mediatico che avevano minimizzato il #COVID19 #facciamorete
2020-10-25 10:59:13+00:00,pananost,1320318996034576384,@ValeriaParrell2 @FrankoJUSTICE Una bella patrimoniale a tutti gli esperti del circo mediatico che avevano minimizzato il #COVID19 #facciamorete
2020-10-25 10:59:42+00:00,pananost,1320319116020994048,@luigidimaio Una bella patrimoniale a tutti gli esperti del circo mediatico che avevano minimizzato il #COVID19 #facciamorete
2020-10-25 11:00:07+00:00,pananost,1320319221201514500,@actarus1070 Una bella patrimoniale a tutti gli esperti del circo mediatico che avevano minimizzato il #COVID19 #facciamorete
2020-10-25 11:00:31+00:00,COLIZZIALMERICO,1320319324641517570,"🇮🇹 #Coronavirus, il #governo ha deciso. Alle 13.30 il premier Giuseppe #Conte spiegherà agli #italiani le misure del nuovo #Dpcm, appena firmato e in vigore da domani, 26 ottobre, fino al 24 novembre
 https://t.co/W8JglCOitM"
2020-10-25 11:09:58+00:00,andreacasano,1320321699536097280,"A questo punto, per favorire le imprese e la produzione in generale, perché non pensare al ritorno del #nucleare gestito da consorzio #euratom ? #COVID19 #lockdownitalia"
2020-10-25 11:11:27+00:00,SilviaStrada1,1320322074624360449,"Caruccio #Conte che entra nelle case degli italiani di domenica a pranzo. Ci vuole proprio bene dai è evidente 
#COVID19"
2020-10-25 11:15:47+00:00,Sciambergapower,1320323163247489025,"IL TEMPO DI GIOCARE E’ FINITO, ora inizierà a sistemare tutto il popolo giovane ribelle (buono e cattivo) che non conosce più pazienza ne limiti. 
Paese di “Vecchi” ora avrete paura per davvero! 

#Anarchia #COVID19"
2020-10-25 11:16:19+00:00,Fra7russo,1320323300002795521,"@RosannaM777 Già, preoccupa anche me.....
#SciMuniti #COVID19"
2020-10-25 11:16:28+00:00,Maxitaly69,1320323335213940738,"@Leryn23212354 E ti faccio notare che io da mesi sensibilizzo su tema chi invece parla di covid-19 che non esiste
La maggior parte dei quali erano ignoranti Senza arte né parte.

Quindi non è lo stipendio assicurato la discriminante giusta
Perché io con lo stipendio assicurato potevo fregarmene"
2020-10-25 11:17:00+00:00,degortespietro,1320323470744555520,"@trash_italiano Ora L errore è da attribuire a chi?!? alle palestre,cinema teatri ecc la colpa è soltanto del nostro governo . Pensate a chi ha riordinato le palestre??🤷🏻🤦‍♂️ha speso anche le poche risorse che aveva o i cinema chi fà i film moriremo tutti ma non dì Covid-19 🤦‍♂️💩"
2020-10-25 11:17:34+00:00,nucci_carta,1320323614290415617,"Ora non per vantarmi ma facevo coincidere il pranzo con la colazione già dai tempi delle mie serate in discoteca. 

#Dpcm #lockdown #lockdownitalia #Conte #COVID19 #orasolare #ristoranti #chiusura #25ottobre"
2020-10-25 11:27:26+00:00,tasso_mirko,1320326097838526465,Ma secondo voi da domani si potrebbe continuare a lavorare con l'asporto per chi ha una pizzeria!? #COVID19 #lockdown
2020-10-25 11:29:32+00:00,Sinclai91549135,1320326625356120065,Infatti
2020-10-25 11:30:00+00:00,ntonioGiordano,1320326744092585984,"#Veneto: 1468 casi, 12 decessi, 71 TI (+3) #COVID19 #Covid_19 #coronavirusitalIa #CoronavirusPandemic #covid19italia"
2020-10-25 11:31:14+00:00,MelissaSpadoni,1320327050813722624,"#NonChiudeteICinema e ne meno i teatri. In pratica sono tra i pochissimi posti dove è possibile mantenere le distanze e voi volete chiuderli? Non ha senso
#25ottobre #Dpcm #COVID19"
2020-10-25 11:32:20+00:00,marielSiviglia,1320327329776893952,Ho finito gli aggettivi..il prossimo è che Sergio Mattarella sostiene il governo unico del covid19.
2020-10-25 11:33:21+00:00,FFuscoPress,1320327585860063232,"Non ho altro da aggiungere #covid_19 #chiusure #teatri #cinema #lavoratoridellospettacolo #giuseppeconte #lockdown #dpcm #coronavirus @ Rome, Italy https://t.co/utInuYwswP"
2020-10-25 11:35:10+00:00,OcchiniSilvio,1320328042779185152,Sacrosanto.
2020-10-25 11:38:03+00:00,JackGrifo,1320328769283018752,#Dpcm #etvoilà ore 13.30 nuova #conferenzastampa di #Conte ...in pratica annuncerà un #semilockdown ... #COVID19 #italia #Ronaldo #genova #conferenzaconte
2020-10-25 11:39:16+00:00,MazziGiorgia,1320329074393423874,Qualcuno mi spiega cosa serve andare nelle piazze a fare i coglioni ? #chiudere #Dpcm #COVIDー19 #COVID19
2020-10-25 11:40:01+00:00,unoenessunoe,1320329263912976386,Giornali che vendono emozioni ai tempi del #COVID19 @StefanoDisegni https://t.co/LWAM0fycrh
2020-10-25 11:40:52+00:00,PerainoDiego,1320329476799139840,"Ormai è palese che questo #governo in mano a gente scappata di casa, agisce in maniera casuale. Palestre che lavorano in sicurezza? Chiuse. Piscine? Chiuse. Bar e ristoranti? Dopo le 18 chiusi. Fare cose con intelligenza no? #conte #dpcm #COVID19 #pd #m5s"
2020-10-25 11:42:20+00:00,MazziGiorgia,1320329848011870209,"Ho letto tutta la bozza del #Dpcm  che sarà in vigore da domani , ok ... ripeto perché noi estetiste / parrucchieri e classe #ARTIGIANI non siamo neanche menzionati ? Facciamo come a marzo che dopo si sono accorti che esistevamo anche noi ! #COVID19"
2020-10-25 11:42:29+00:00,AnnaVizzari,1320329882669355008,La formulazione &lt; è fortemente raccomandato&gt; che valenza ha giuridicamente? Nessuna .... #dpcm #COVID19
2020-10-25 11:43:09+00:00,cherimafteita,1320330053289447424,e comunque..ritwitto!!
2020-10-25 11:43:18+00:00,shalomroma,1320330088899092486,"Il caso di #SaebErekat, numero dell’Autorità Nazionale Palestinese, che colpito gravemente da #COVID19 si è fatto ricoverare a #Gerusalemme.
Di @UgoVolli 

https://t.co/6pLV4DPr8U"
2020-10-25 11:45:11+00:00,lattuga99,1320330564268937218,"La cosa che mi dispiace di più è rivedere cinema e teatri chiusi 
#dpcm #conferenzastampa #Conte 
#conferenzaconte #COVID19"
2020-10-25 11:45:49+00:00,CattaneoMirco,1320330721932857345,Anche no!!!
2020-10-25 11:47:14+00:00,fdiviterbo,1320331080998785024,"“Coronavirus, per il governo le uniche soluzioni sembrano essere solo chiusure e limitazioni per le attività produttive”.
Francesco Ricci, coordinatore regionale Fdi – Protezione Civile auspica tavoli tecnici per non lasciare soli i sindaci. https://t.co/d89ojzkY8k"
2020-10-25 11:48:47+00:00,sspartaan,1320331467344515080,"Mi risulta impossibile trovare parole non volgari per descrivere questo Dpcm e ovviamente chi lo redatto...
#COVID19 #COVIDー19 #conferenzaconte #italia #fuckoff"
2020-10-25 11:49:57+00:00,GiuliaRichard,1320331761835036673,Tra un #Dpcm e l’altro. ⛳️🏌️‍♀️ #COVID19 https://t.co/LSreKKhgEv
2020-10-25 11:57:45+00:00,cirotozzi1973,1320333724660211716,"@RobertoBurioni lei è lontano dalla realtà,ma forse lo sa già 👇
https://t.co/rwXgudhB65"
2020-10-25 12:04:46+00:00,fertermentini,1320335490181189634,"#COVID19 obbligo di chiusura dei ristoranti alle 1800, una presa in giro per i ristoratori. Nulla sull 'adeguamento dei trasporti dove la distanza interpersonale è impossibile. @ConteGiussepe @GiulioTerzi"
2020-10-25 12:05:13+00:00,marielSiviglia,1320335604144623616,"I veri criminali sono al governo; hanno scarcerato mafiosi detenuti al 41 bis ,con i pretesto covid19."
2020-10-25 12:08:13+00:00,andresalis,1320336359454887936,Ma se vado a bagasce dopo le 18 è permesso? #Dpcm #COVID19 #Ronaldo
2020-10-25 12:19:44+00:00,jerrydeconcilio,1320339257089757184,Ci chiudono le palestre? Supportiamole continuando a pagare loro gli abbonamenti! #COVID19 #Dpcm #Conte
2020-10-25 12:20:49+00:00,AngelamDerosa,1320339531174940672,"@AliciaChenaut Penso che in questo momento tutti si interrogano quale sarà il nostro futuro.Ospedali collassati, attività chiuse,la gente si interroga...il COViD19 corre veloce,noi siamo spettatori disperati dinanzi a questa nuova pandemia.Un caro saluto a tutti,restiamo uniti https://t.co/bb41oQJ7dO"
2020-10-25 12:22:02+00:00,quotidianodirg,1320339836432072704,"Coronavirus Italia, nel nuovo Dpcm chiusura bar e ristoranti alle 18 https://t.co/WI78ERmA28 @quotidianodirg #news #notizie https://t.co/7n7dvKd0wC"
2020-10-25 12:24:47+00:00,GianelleMauriz7,1320340528538542080,"Per proteggere Salvini usano più agenti!😷😷😷😷😷
Bel teatrino😷😷😷😷😷😷"
2020-10-25 12:28:02+00:00,quotidianodirg,1320341346444439553,"Coronavirus, Di Maio: Misure drastiche ora per salvare il Natale https://t.co/N97ELbniFS @quotidianodirg #news #notizie https://t.co/ooP6X6tkLW"
2020-10-25 12:30:14+00:00,lucagamberini86,1320341899669012480,teatri e cinema sono luoghi sicuri. https://t.co/EfLp2J3ruy  . perché colpire così al cuore la #cultura? su quali basi scientifiche? @dariofrance
2020-10-25 12:35:04+00:00,marco_racchella,1320343115081932800,"Ho tanti amici che hanno locali, bar, ristoranti, trattorie etc etc noi dj, musicisti, lavoratori nel mondo dello spettacolo e della comunicazione è dal 17 agosto che stiamo lottando e stiamo lentamente morendo
Adesso parlano di aiuti e perché a noi NO?
#Conte #COVID19 #dcpm"
2020-10-25 12:40:29+00:00,RobertoRinaldi1,1320344480646615040,Il nuovo DPCM del governo: chiude anche il teatro e la cultura – Articolo21 https://t.co/VLSuWxXB3V #dpcm25ottobre #teatrichiusi #coronavirus #chiusuraitalia @BeppeGiulietti @Artventuno @TeatrodiRifredi @TieffeTeatro @olivieropdp
2020-10-25 12:41:36+00:00,vascopirri,1320344760578703361,"La notizia è la chiusura alle 18 - anche nei festivi - di bar e ristoranti. 
Era in dubbio nelle bozze del #Dpcm 
#Conte #Lockdown2 #COVID19"
2020-10-25 12:44:04+00:00,Emiliano_IFNweb,1320345381629284353,Ce la faremo? #Dpcm #COVID19
2020-10-25 12:47:01+00:00,maxciociola,1320346123702325255,Ecco un nuovo genio
2020-10-25 12:47:24+00:00,alkoalofficial,1320346220422942726,Credo di parlare a nome di tutti nel chiedere...che fine ha fatto Rocco Casalino? #Conte #Dpcm #CoronaVirus
2020-10-25 12:47:32+00:00,quotidianodirg,1320346256040837120,"Coronavirus, Silvio Berlusconi: Pronti a tavolo con Governo, no a Lockdown https://t.co/1IC6C8pk3y @quotidianodirg #news #notizie https://t.co/UF3i6PJeEN"
2020-10-25 12:48:02+00:00,DemRif,1320346377956765698,Questa cretinata del vaccino #COVID19 a dicembre in conferenza stampa #Conte se la poteva anche risparmiare ...
2020-10-25 12:49:29+00:00,ProtCivPalma,1320346745050640386,"#AvvisoFVG #CoronaVirus

Il Presidente del Consiglio, Giuseppe Conte, ha firmato il DPCM del 24 ottobre 2020.

Dal 26 ottobre sono AGGIORNATE le misure di contrasto e contenimento per la diffusione del virus Covid-19.

⬇️ LINK ⬇️
https://t.co/wFKXSHP7BO

#SocialMediaCommunityFVG https://t.co/YVT6VRRrMT"
2020-10-25 12:49:55+00:00,PiramideRossa,1320346852793909253,Il #comunismo non va d’accordo con il #COVID19...mentre il #capitalismo continua ad arricchire i ricchi e fa strage di povera gente che non hanno uno straccio di reddito per curarsi...per chiarimenti basta guardare #USA e #Brasile
2020-10-25 12:51:07+00:00,mattjrphoto,1320347156314791936,"@ZouhirNabil Beh, tanti auguri, allora. 
Mi tocco i coglioni per solidarietà 

https://t.co/YgRBh1nNbf"
2020-10-25 12:51:46+00:00,filomorgan,1320347318068170755,"Il problema più grosso è il trasporto pubblico, lo capisco anche io che di ‘sta roba non ci capisco una mazza ma che utilizzo i mezzi pubblici quotidianamente. Nuovo DPCM: un paragrafo intero sul trasporto pubblico per non modificare sostanzialmente nulla #DPCM #coronavirus"
2020-10-25 12:51:56+00:00,epanuccio,1320347359604342784,"Quindi il nuovo DPCM servirà per garantire che a Natale gli italiani possano fare quello che vogliono? La situazione è straordinaria e per nulla semplice, ma le misure sembrano parziali e insufficienti... spero di sbagliarmi!
#COVID19 #Conte #dpcm #iorestoacasa"
2020-10-25 12:52:25+00:00,FrancescaMezzio,1320347484347138048,Puntuale sempre.
2020-10-25 12:52:37+00:00,lerzegov,1320347533168857088,"L’inefficacia è in agguato, ma alcune garanzie sono meno inefficaci di altre, vedi esperienza 2016 di Eurofidi in liquidazione. @giapao tra i pochissimi ad averne scritto https://t.co/Yxmvtx4v4K"
2020-10-25 12:53:25+00:00,marco_racchella,1320347736768679942,"Ci vuole del coraggio e un grande pelo sullo stomaco per fare una conferenza stampa così.
Adesso si vuole mettere una pezza ma quando si trattava di pianificare e prevenire dove erano quelli del comitato tecnico scientifico? #Conte #COVID19 #dcpm #siamoallafrutta"
2020-10-25 12:55:48+00:00,tobiadestefano,1320348334155059201,"Oggi #Conte doveva arrivare con un piano chiaro di ristoro per ristoranti, pub, pizzerie ecc costretti a chiudere prima. Per esempio, vi assicuro il 50% del fatturato dell’anno prima, così con rassicurazioni generiche e’ troppo facile
#coronavirus"
2020-10-25 12:56:34+00:00,strescino,1320348529110454272,#Conte parla come me e i miei compagni di classe alle elementari #Governodicialtroni #GovernodellaVergogna #Italia #COVIDー19 #COVID19
2020-10-25 12:56:43+00:00,bomberpasquali,1320348566817284098,Questi vanno internati
2020-10-25 12:56:47+00:00,simonettariccix,1320348581975437321,"Spero che sia sufficente
anche se ho qualche dubbio"
2020-10-25 12:57:10+00:00,bologninistefan,1320348676502544386,"❌❌ #DPCM CONTE ❌❌

Non credo che il #Governo uccidendo #bar, #ristoranti e pubblici esercizi salverà il paese. Anzi ...

#bologninilombardia #legamilano #COVIDー19 #COVID19 #COVID19italia #forzalombardia #FermiamoloInsieme https://t.co/qrgE9l1Rff"
2020-10-25 12:58:20+00:00,Silvanella8,1320348973224333313,"https://t.co/ivRrpQENI6     cattivo-ecco-perch-08450 sono persone come zangrillo Briatore Salvini Meloni che hanno fatto una pubblicità negativa sul virus ,se ora ci troviamo in questa situazione. È in peccato che abbiamo gente come questa che apre bocca solo per danneggiare"
2020-10-25 12:58:28+00:00,alice_carro,1320349003784081413,Se questo provvedimento non produce risultati evidenti entro il 24/11 cosa faranno @GiuseppeConteIT e “compagnia cantante”? #DPCM #COVID19
2020-10-25 13:03:22+00:00,ducast4r,1320350240067719169,#nolockdown #covid19 Basta terrorismo! Basta caccia agli asintomatici! Proteggiamo i più deboli e curiamo gli ammalati!
2020-10-25 13:04:13+00:00,jbristow65,1320350451800461312,"Per il prossimo DPCM
Dammi tre parole: sole, cuore e amore...  #dpcm #coronavirus #La7 #COVID19 #Conte @SkyTG24 @Corriere @rtl1025 @welikeduel #prato @tvprato @fattoquotidiano @Radio105 @RaiRadio2"
2020-10-25 13:04:17+00:00,Stefano13112244,1320350469747806211,Pezzo di merda
2020-10-25 13:04:32+00:00,Oldgenoa,1320350532909891584,Grazie alla @GiorgiaMeloni a Salvini ed al fantoccio di F.I.
2020-10-25 13:06:47+00:00,michelataxistro,1320351097324797952,"Il #dpcm almeno metterà luce su crisi attività commerciali e prevederà sostegno economico
Nel frattempo, dal governatore della mia regione mi piacerebbe sapere come supporta ospedali e strutture sanitarie
I guanti (dpi) ad es li avete distribuiti dappertutto?

È domanda #retorica"
2020-10-25 13:07:20+00:00,PaoloLuraschi,1320351235669741569,"Buona lettura...testo nuovo DPCM e allegati
https://t.co/KZqIVVTVbU"
2020-10-25 13:11:02+00:00,Weltschmerz_xx,1320352168659046401,"Come la cassa che non è mai arrivata 
#nolockdown"
2020-10-25 13:14:30+00:00,caroperazzi,1320353042135420928,"L’unica giornalista che ha fatto domande serie @ManuelaPerrone 👏🏼👏🏼👏🏼 bravissima! 
.
#dcpm #Conte #conferenza #COVID19"
2020-10-25 13:15:38+00:00,let_pier,1320353324382695424,"CORONAVIRUS: il prof. PALU' ridicolizza CRISANTI in DIRETTA VIDEO, 'Non è un Virologo'. Ecco le IMMAGINI https://t.co/ER21DbModF #meteo via @ilmeteoit"
2020-10-25 13:16:57+00:00,RiccardoRoversi,1320353656261255168,"Mia amata #piscina della #Valmalenco, perdonali perché a #Roma - ma anche a #Milano - non sanno quello che fanno. 😭😢🤬👎
.
.
#Dpcm #piscine #palestre #Covid19 #Conte @ Chiesa in Valmalenco https://t.co/dPhtPfhKLw"
2020-10-25 13:17:22+00:00,NotarangeloRino,1320353762423246849,"#Roma, #ForzaNuova in piazza contro il coprifuoco: scontri con  la #polizia. Quando manifestano i #NOTAV , i giorni dopo , arresti , tribunali e carceri. Perché la Destra violenta è protetta ?
#M5S
 https://t.co/2BtseypVJl"
2020-10-25 13:18:04+00:00,elianto78,1320353938072272899,"È una pandemia globale: non esiste la bacchetta magica e nessuno ha soluzioni facili. La pretesa che qualcuno risolva il problema è utopia, finché siamo disarmati. Un po’ di responsabilità personale sarebbe utile perché sono i nostri comportamenti a fare la differenza. #COVID19"
2020-10-25 13:20:51+00:00,elianto78,1320354640299524097,"Nessuna parola durante la conferenza stampa sugli operatori sanitari che stanno rivivendo marzo. Da eroi della scorsa primavera, ormai non ne parla più nessuno... #COVID19"
2020-10-25 13:21:55+00:00,caroperazzi,1320354907199778816,"""Potremo già nei prossimi giorni lasciare alle #regioni di concordare con noi misure più restrittive"". Lo dice il premier #Conte in conferenza stampa a palazzo Chigi. Ed ecco che ci stanno “preparando” a un nuovo #lockdown a Milano. 

#conferenzaconte #dpcm #COVID19"
2020-10-25 13:24:48+00:00,AlexDeCinti,1320355631207940098,Ma DPCM sta per Dopo Conte Possiamo Morire? #dpcm #Conte #COVID__19 #COVID19
2020-10-25 13:28:08+00:00,giomo2,1320356471423569921,Io sono papillon
2020-10-25 13:28:52+00:00,Dscarang,1320356655448600577,"Parole del Premier.
#ristoranti non preoccupatevi, arriverà un bonifico diretto da parte dell'Agenzia delle Entrate sui vostri conti correnti per ripristinare i danni della chiusura.

Avvisate la banca, bonifico di 100 € in arrivo entro Pasqua. Cordialmente.
#conferenzaconte"
2020-10-25 13:29:20+00:00,nclscrtn,1320356773765795841,"L’Italia destinata a morire !Ma non di #COVID19, come voglio sempre farci credere, ma per mano di un governo di incapaci che in otto mesi non ha saputo far nulla di buono. E oggi scarica nuovamente le colpe sul popolo !

#Dpcm #CONTEDIMETTITI #GovernodellaVergogna"
2020-10-25 13:29:28+00:00,erne1976,1320356806217076736,"Non abbiamo soldi, ma lui indenizzera' tutte le persone. Sei ridicolo @GiuseppeConteIT"
2020-10-25 13:29:48+00:00,Zoro__90,1320356890870751232,"Le chiese del cazzo  inutili e che non danno un cazzo di mangiare a nessuno rimangono aperte, mentre cinema, palestre, piscine, scuola di ballo e teatri che danno da mangiare a centinaia di migliaia di persone, chiuse. Fate schifo!!!  #dpcm #COVID19 #dpcm #lockdown"
2020-10-25 13:29:48+00:00,paoloangeloRF,1320356891982221312,"Locatelli (Cts): «Non siamo ai numeri di marzo, niente  panico, serve responsabilità» https://t.co/T7RH5kJANX"
2020-10-25 13:35:32+00:00,niclanrg,1320358334692790273,Strano
2020-10-25 13:36:13+00:00,PessolanoDonato,1320358505153499136,"@matteosalvinimi ma hai capito che circola il #COVID19 oppure no? 
Non capisco se ci fai o ci sei."
2020-10-25 13:39:18+00:00,N_Tomassetti,1320359282064433153,Dajetutta!!
2020-10-25 13:45:57+00:00,niclanrg,1320360956329906178,Isolati tu che non fai un euro di danni
2020-10-25 13:47:06+00:00,salvamarra,1320361244860305409,Spostiamo tutti gli spettacoli teatrali e cinematografici nelle #chiese. Evidentemente lo spirito santo ferma il #coronavirus nelle chiese e nei #teatri no. #dpcm #COVID__19 #chiudere
2020-10-25 13:47:15+00:00,niclanrg,1320361283967995906,Ma mica e’ il compagno di casalino...sai non si può mai sapere
2020-10-25 13:48:19+00:00,elezanini,1320361552290217985,"Presidente @GiuseppeConteIT se continuate a far sognare un Natale normale, poi finirà che la gente andrà in giro, farà feste ed a febbraio pagheranno lavoratori e studenti! Non vi ha insegnato nulla l’estate appena passata?"
2020-10-25 13:54:21+00:00,LukeRays,1320363067692167173,"@gavinjones10 Io non ne ho idea, ma questo è quello che pensa chi ne sa qualcosa: https://t.co/uZtjKc1O74
⬇️"
2020-10-25 13:57:19+00:00,GrazyBell,1320363814383222785,"Devo crearlo io o lo venderanno già completo? 🤪🙆🏼‍♀️

#regalodinatale #giftforchristmas #covid19 #pandemia https://t.co/47Gh4y2SRX"
2020-10-25 14:05:03+00:00,Pietro_De_Pace,1320365761559486464,"Coronavirus, diteci poche cose ma giuste https://t.co/SzxzMRIDWM"
2020-10-25 14:17:15+00:00,LukeRays,1320368833660702720,"@gavinjones10 Il messaggio del governo negli ultimi mesi è che il coronavirus si trasmette con la movida. Ergo, Casalino deve avere fatto troppa movida."
2020-10-25 14:19:39+00:00,LukeRays,1320369435794866189,"@chedisagio Il messaggio che il governo ha cercato di veicolare negli ultimi mesi è che il coronavirus si trasmette con la movida. Ergo, Casalino deve avere fatto troppa movida."
2020-10-25 14:20:06+00:00,zazieapiedi,1320369549552779264,"La classifica di affidabilità delle persone di scienza che  hanno parlato del Covid-19 è interessante e la condivido. Mi piacerebbe se anche altri giornalisti ne tenessero conto prima di far parlare quelli che, nei fatti, si sono dimostrati inaffidabili. @domanigiornale"
2020-10-25 14:21:22+00:00,PCTavagnacco,1320369868525502464,"⛔leggere con attenzione
#Coronavirus, il Presidente Conte firma il Dpcm del #24ottobre
#socialmediacommunityFVG
https://t.co/DyTKtE6yln"
2020-10-25 14:23:28+00:00,Bubustil,1320370398656155648,Il senso di non fare vendere i lumini nei weekend.... Bah. #covid19 #lombardia https://t.co/549krZmyXD
2020-10-25 14:30:55+00:00,monella_sexy,1320372270150418432,Chiudono tutto alle 18 perché #COVID19  ?? 😂😂
2020-10-25 14:31:55+00:00,GFabrygherardi,1320372521930268674,Quindi la mascherina non funziona
2020-10-25 14:36:08+00:00,Parcoaurunci,1320373583626067968,Come nel resto del Paese la crescita dei positivi continua anche nella provincia di Latina e nei comuni del Parco.
2020-10-25 14:41:18+00:00,AgostinisV,1320374882614509570,"Gli ospedali in USA sotto i colpi della pandemia, 83mila contagi da due giorni"
2020-10-25 14:51:34+00:00,Sonia04714337,1320377469875179526,"I portavoce di Conte e Mattarella positivi al coronavirus

https://t.co/oEOa6y7HAI

via @updayIT"
2020-10-25 14:55:37+00:00,casazucchini,1320378485823647744,"Il vantaggio della #mascherina? Che puoi sbadigliare in faccia alle persone noiose senza che se ne accorgano.
#COVID19"
2020-10-25 14:56:27+00:00,lorenzotonion,1320378698042888192,"@sole24ore I servizi sociali sono soppressi causa covid19? Perché a Treviso c'è un cartello fuori della porta con un numero da telefonare per appuntamento ma da marzo non mi risponde mai nessuno, è soppressione di pubblico servizio? O omissione di pubblico servizio?"
2020-10-25 15:01:23+00:00,ali_galimberti,1320379936583057408,"Ma cos'è? La mattanza dei #portavoce?
Il #covid19 sta arrivando vicinissimo a figure chiave che, volenti o nolenti, sono il ""faro"" del paese...
Dite tanto a noi di stare attenti, ma voi?
#perchéèintendenza https://t.co/7x4OmgXsTC"
2020-10-25 15:02:31+00:00,Stefano13112244,1320380222248783873,LURIDO INFAME pezzo di MERDA
2020-10-25 15:04:35+00:00,ne_sp,1320380745932804096,Ma poi che contagi ci possono essere nei cinema e nei teatri? Si manteneva la distanza dagli altri anche prima del Covid19 figuriamoci adesso. #Dpcm
2020-10-25 15:06:03+00:00,lorenzotonion,1320381111139184641,"@perchetendenza Il 97% per cento ( come scrive qualcuno)... è positivo al coronavirus, abbiamo anche erpes e mononucleosi, helicobacter pilory ed epatiti, fegati grassi e duri da fibrosi, aids, tbc, scabbia, sifilide, tumori etc ..."
2020-10-25 15:21:24+00:00,baita_lia,1320384976072937472,@ Ammesso e concesso che sia vero
2020-10-25 15:24:08+00:00,ntonioGiordano,1320385665381654528,"Sono 151, invece, i #decessi nelle ultime 24 ore, per un totale di 37.210 dall'inizio della #pandemia. A livello nazionale aumentano di 79 unità le #terapieintensive (1.128 in tutto), mentre sono 738 in più i #pazienti #ricoverati nei reparti #COVID19"
2020-10-25 15:25:59+00:00,ntonioGiordano,1320386131255578624,"In lieve calo i #tamponi effettuati nelle ultime 24 ore (177.669), circa 4.300 meno di ieri.  Sono invece 2.309 i #guariti odierni.  Sono invece 203.182 gli attualmente positivi al #COVID19, con un incremento di 17.180 unità da ieri."
2020-10-25 15:26:48+00:00,MaxGarg1962,1320386333752381440,@PaolaTavernaM5S Molto bene allora formate un #governodiunitanazionale dove anche l’opposizione possa essere coinvolta in maniera fattiva. #tuttiperuno #unopertutti #COVID19
2020-10-25 15:28:13+00:00,DFbobinsky,1320386690062700544,Noooo Giovanni noooo
2020-10-25 15:28:28+00:00,ntonioGiordano,1320386755569352704,"In #Lombardia quasi 5mila nuovi casi ""Abbiamo 4.959 nuovi positivi in tutta la #Lombardia 2.306 a #Milano e provincia"". In #terapiaintensiva  ci sono 203 #pazienti in tutto (+7 in 24 ore) mentre negli altri reparti #COVID19 ci sono 197 persone in più rispetto a ieri."
2020-10-25 15:31:48+00:00,ntonioGiordano,1320387592127418373,"calano i #ricoverati, crescono le #terapieintensive"". #Milano resta la Provincia più colpita con 2.306 casi, di cui 1.010 in città. #monza nuovi casi sono 625 e #Varese 508. Dopo la #Lombardia, c'è il #Veneto (1.729), seguito da #Campania (1.718) e #Lazio (1.687). #coronavirus"
2020-10-25 15:45:07+00:00,FrancaPintus,1320390943950934017,"Perche non la smettete di prendere in giro il popolo"" gli italiani sono stanchi ', devono tornare presto alla normalita"".   sarebbe ora che Coronavirus, Zingaretti: ""Dalle 24 stop spostamenti nel Lazio, importante per scongiurare lockdown"" https://t.co/ch0e8OS6OZ via @fanpage"
2020-10-25 15:45:27+00:00,paoloangeloRF,1320391026859823105,"Coronavirus, positivo il portavoce di Mattarella. Contagiato anche Rocco Casalino: ho lievi sintomi https://t.co/vcv7KYJMEo via @LaStampa auguri di pronta guarigione a @_giovannigrasso"
2020-10-25 15:47:47+00:00,VaneLiveHealthy,1320391615949754373,"Ristoranti: dalle 18 solo da asporto...
Negozi aperti nel centro della città
Per non parlare dei centri commerciali...
La coerenza?!
#Dpcm #COVIDー19 #COVID19 #chiudere #nuovodpcm #restiamodistantidove"
2020-10-25 15:48:58+00:00,eliantio,1320391914382893057,Il nuovo stato d'allerta sanitaria varato in Spagna per fronteggiare l'emergenza coronavirus prevede il coprifuoco dalle 23 alle 6 del mattino in tutta la Spagna tranne che alle isole Canarie.
2020-10-25 15:49:24+00:00,pcbassignana,1320392022491123712,@AllertApc @pcbassignana #PCProvAL #socialmedia #social #media #news #socialprociv #protezionecivile #prevenzione #COVID19 #coronavirus #Dpcm #Conte #Piemonte #Lombardia #Liguria #ValledAosta #EmiliaRomagna Conferenza stampa #24ottobre
2020-10-25 15:57:29+00:00,AlessioSgherza,1320394055084363777,Scorte di farina nei supermercati. Se il #lockdown si vede dal mattino.... #COVID19 #coronavirus #Conte #conferenzastampa https://t.co/pOL3GWCFj8
2020-10-25 15:58:54+00:00,stressff,1320394413969997825,"Ma perché con allerta gialla, autobus strapieni, covid in crescita nessuno pensa a usare la DAD con una previsione come quella di domani? #COVID19 #dad #Genova"
2020-10-25 16:01:36+00:00,3filetti,1320395091505184773,Sto andando a Milano dalla D’Urso per parlare di pensioni. Lunedì mattina sempre a Milano a Sky Tv8 su Telemarketing. Naturalmente con grande cautela e preservando le tre regole fondamentali sul Covid19. Rientro a Roma in giornata e poi solo collegamenti. https://t.co/7Aecx6s6x9
2020-10-25 16:05:02+00:00,GianelleMauriz7,1320395956106481665,Grazie a Salvini sempre in piazza!😢😢😢😢😢
2020-10-25 16:05:11+00:00,GaspareGuzzo,1320395993452601345,"#coronavirus  bollettino di oggi:

• 21.273 contagiati
• 128 morti
• 2086 guariti

+80 terapie intensive | +719 ricoveri

161.880 tamponi

Tasso di positività: 13,1% (+2,1%)"
2020-10-25 16:06:02+00:00,GianelleMauriz7,1320396209647980546,@giorgio_gori  grazie a Salvini e la sua campagna politica nelle piazze e Italia!
2020-10-25 16:11:44+00:00,daniele_geek,1320397642841587715,"Per capire perché gli esperti hanno chiesto di chiudere i luoghi chiusi, come palestre e ristoranti.👇🏻
A prescindere da misure di distanza: il virus al chiuso circola, soprattutto quando si sta per tanto tempo
 (anche a distanza, anche con le mascherine)
https://t.co/FCAMEJEaVt"
2020-10-25 16:12:48+00:00,DuilioFilomeni,1320397912728272903,Portavoce Mattarella positivo al coronavirus https://t.co/m2SXmgWtku
2020-10-25 16:15:57+00:00,andrewsword2,1320398702771642368,Adesso non cominciamo a suicidarci per protesta o Lui  fa chiudere pure i suicidi! 🚬 https://t.co/wAh5vl56XR
2020-10-25 16:22:41+00:00,Egalit6,1320400397861900288,"@RaiTre @aniramiznat @OfficialTozzi Su #COVID19 e #ambiente, alcuni spunti nell’ebook meno letto dell’anno. Sarà perché basato su letteratura scientifica anziché opinioni e scoop @distefanovalori @maxarifay @fmaringio @asparsamuni @OttobreInfo @DD_Forum @FerroniFranco @ap_legambiente https://t.co/HiFRQg9giI"
2020-10-25 16:24:10+00:00,LinaVadal,1320400770437730305,Come fai a fidarti carcere a vita e buttare la chiave Hanno preso in giro migliaia di persone Maledetti
2020-10-25 16:25:08+00:00,Amos8125,1320401014185492480,Più o meno in linea con gli ultimi giorni. Il problema è che si accumulano ogni giorno di più in ti e reparti.
2020-10-25 16:27:58+00:00,giamparomabcn,1320401730090242051,Anche io lo vorrei sapere...#COVID19 #lockdownitalia
2020-10-25 16:29:30+00:00,mgloreto,1320402113655152644,E dopo l’una tantum?.... saranno davvero spettacolo e turismo tra gli ambiti più a rischio diffusione del virus? Mah.. #dpcm #COVID19
2020-10-25 16:31:00+00:00,anto_e_basta,1320402491972923395,Ora capisco perché 2 anni fa non lo hanno voluto dentro .... era tutto previsto.
2020-10-25 16:31:26+00:00,InfoAmb,1320402601943453696,"#COVID19 
25/10/20

Nuovi contagi 21.273 (ieri 19.644)

Morti 128 (ieri 151)"
2020-10-25 16:33:53+00:00,giuseppebarila,1320403216467677186,"@RobertoBurioni cosa pensa dell'ultima di Zangrillo (""non dobbiamo confondere il positivo al coronavirus con il contagiato potenzialmente infettante"")?
Fosse così non sussisterebbe problema, mi pare. Un bel tacer..."
2020-10-25 16:38:23+00:00,LucaniaFilmfest,1320404348392919040,"La #cultura è un bene comune primario come l'acqua; i #Teatri le biblioteche, i #cinema sono come tanti acquedotti.
Claudio Abbado 

#COVID__19 #NonChiudeteICinema #24ottobre #lockdownitalia #semilockdown #COVID19 #coronavirus #Dpcm #Conte #conferenzaconte"
2020-10-25 16:41:30+00:00,EnzoSan69,1320405134338347010,"#coronavirus #Campania, ecco i numeri di oggi, che è domenica, e si sa che la domenica scendono i #tamponi: e c'è chi si lamenta dei provvedimenti di #DeLuca! #COVID19 https://t.co/Tr2Vjhhoxb"
2020-10-25 16:42:19+00:00,8FraAmi,1320405339838255105,"@Johnnybread1 @Isx33I @gigiomora @you_trend Eccoli qua, le quest'anno, specialmente quando è arrivato il coronavirus all'inizio, ci sono state molte più morti rispetto gli anni passati (mese per mese), perché? https://t.co/2m7MwZSiX1"
2020-10-25 16:43:06+00:00,8FraAmi,1320405534676234241,@Johnnybread1 @Isx33I @gigiomora @you_trend Sì può vedere anche qua https://t.co/Ooo6HHk9Au
2020-10-25 16:43:34+00:00,COLIZZIALMERICO,1320405655065415682,"🇮🇹 #Coronavirus, firmato nuovo #Dpcm in vigore da domani e fino al 24 novembre. Semi-lockdown per un mese. 
 https://t.co/0KJHCkmith"
2020-10-25 16:43:42+00:00,cdaria1,1320405686757437440,"#COVID19     Trovata on line. Da verificare, ma mi piacerebbe saperne di più https://t.co/6osw5phJyC"
2020-10-25 16:44:23+00:00,aleandrofagioli,1320405858661093380,In accordo con te totale #COVID19 #responsabilita’
2020-10-25 16:46:32+00:00,AndreaCorea1,1320406402125410304,Quando qualcuno mi spiegherà il valore legale di fortemente raccomandato allora forse capirò qualcosa di questi #Dpcm #Conte #conferenzastampa #COVID19
2020-10-25 16:50:28+00:00,andreavent3,1320407389275852802,I fascisti di FN.....cosa ci si aspetta da loro? Non sono sorpreso
2020-10-25 16:53:13+00:00,carlocremona,1320408083521220608,"Non mi scoraggio e penso al #omovies #2020 #off2020 perché confido nel vostro #buonsenso  #andratuttobene #covid19 @ Naples, Italy https://t.co/slE823syys"
2020-10-25 16:56:31+00:00,BabboleoNews,1320408911791476737,"#Coronavirus in #Liguria: oggi sono 657 i nuovi positivi su 4.195 #tamponi effettuati. 387 in più nella città di #Genova. Oggi si registrano 5 decessi. Continua a crescere il numero degli #ospedalizzati, 737, 58 in più di ieri. Crescono anche le #terapieintensive, oggi 41. https://t.co/ZFvdovadjD"
2020-10-25 16:59:04+00:00,KarmaBofficial,1320409553821929477,Chiese aperte e teatri chiusi #chiudere #Conte #COVID19 https://t.co/VwThHX9Qpn
2020-10-25 17:01:25+00:00,mcw91,1320410147022381057,"Viviamo di decreti e di pensieri aggomitolati in testa difficilissimi da sciogliere.
Dall'Amuchina allo Xanax il passo sarà brevissimo.
#Dpcm #conferenzaconte #Conte #COVID19"
2020-10-25 17:05:40+00:00,Marida2,1320411215374548992,"L'emergenza #COVID19 fa emergere un altro grave problema, in realtà preesistente: molti individui sono portatori asintomatici di scemitudine. Sono scemi, ma non ne hanno consapevolezza. Un elemento che aggrava ulteriormente l'emergenza che stiamo vivendo.
#vedolagentescema"
2020-10-25 17:06:20+00:00,silviapa85,1320411382718877696,"#3FattiDiOggi per @SignorinaLave e i #3facters 1)pranzo domenicale molto bello: grazie mamma! 2)fiori e regali: sembra il mio compleanno😊3)il cerchio si stringe. Scontri terribili per strada. Dolore, rabbia e contagi #coronavirus"
2020-10-25 17:07:31+00:00,raffaellabosso,1320411681885949954,"#Bonomi farebbe bene a stare zitto. Le critiche le faccia direttamente al governo lui che può, poi si cammina sulla stessa strada verso la stessa direzione: salvare l’Italia, tutta! #confindustria2020 #COVID19 #Governo #sindacati"
2020-10-25 17:10:05+00:00,rolandodubini,1320412325971693569,"Covid-19: i veri terroristi sono gli irresponsabili no lockdown che parlano di terrorismo.  
Anche grazie a loro abbiamo di nuovo il contagio di massa.
#covid19 #lockdown #terrorismo https://t.co/B7ysIlJoDL"
2020-10-25 17:12:52+00:00,alvisefranz,1320413025757790210,#coronavirus appropriate 👌🏼
2020-10-25 17:13:11+00:00,SebastianoRus10,1320413106435166209,Anche lui sbugiarda Conte e Speranza
2020-10-25 17:18:22+00:00,SCyranoDB,1320414413485150212,"@nicbuano @CucchiRiccardo Piuttosto che immaginare un mondo privo di superfluo, in cui tutti vivono rinchiusi nelle proprie case, non è preferibile prenderci tutti il coronavirus o, se proprio non ci riusciamo, suicidarci?"
2020-10-25 17:19:52+00:00,lpmichela,1320414788497833984,Purtroppo sarà così 😓
2020-10-25 17:21:13+00:00,1N0MONACI,1320415129004105728,Questo post è valido anche per l'Italia
2020-10-25 17:24:45+00:00,apulderico,1320416020121661440,"""Buongiorno, come va oggi? Ah, ho capito: non riesce a respirare. Provi a resistere fino al prossimo turno che io vado via. Sa com'è, con il taglio stipendi ai dipendenti pubblici non tiro avanti e mi son trovata un'altro lavoro. È il libero mercato, signor Puglisi!"" #COVID19"
2020-10-25 17:27:54+00:00,DarioPacellaFDI,1320416810127233025,"Magnamose un kebab di nascosto alle 21:00 is the new 20 euro de Fumo.

Cit. #Conte #Dpcm  #COVID19 #lockdownitalia #GovernodellaVergogna"
2020-10-25 17:27:59+00:00,rosabevilacqua1,1320416832088690691,"#Meloni 
sei un bluff"
2020-10-25 17:28:11+00:00,LauraCarloBravi,1320416882160271362,"Quadro riassuntivo su cosa si deve fare nel caso si sia #positivi o si sia stati a contatto con positivi al #COVID19, #tamponi, con o senza #sintomi, giorni di #isolamento o #quarantena, ecc. https://t.co/dqY02YlfBk"
2020-10-25 17:29:43+00:00,MarcoAvenia,1320417266022912000,"Tutto quello che dobbiamo sapere dietro le proteste di #Napoli e #Roma.
#Dpcm #Conte #COVID19"
2020-10-25 17:36:36+00:00,laika1984,1320419001969876993,"Salvini e la socia Meloni si permettono di dire queste perché non hanno provato il coronavirus . Se lo provassero  forse cambierebbero idea. Non è un augurio, ma dovrebbero avere un po’ di sana lungimiranza. Solo critiche. Non credo   Che vivono sulla Luna. Vergognatevi 😪😪😪😪"
2020-10-25 17:38:51+00:00,luci69dc,1320419565248139267,"La cosa triste è che ho comprato (yes I did it again 😎) un bellissimo e caldissimo piumino che non mi servirà. 😭
E mi salta pure il we alle terme. 😭😭
#coronavirus 

E lo so che ci sono cose peggiori, ma insomma... le cose deprimenti che mi vengono in mente sono anche queste"
2020-10-25 17:42:28+00:00,samste10,1320420477089861632,"Grazie “Conte” che ci stai togliendo quelle poche piccole gioie che avevamo in questo 2020 

#COVID19 #Dpcm #Conte"
2020-10-25 17:45:30+00:00,paolopreziosa,1320421241224892416,Rispettiamo insieme le regole per arrestare la pandemia #COVID19 #italia #fightcovid
2020-10-25 17:45:42+00:00,andreawo3y,1320421288494682114,Pare che al #coronavirus piaccia molto andare a teatro e al cinema ma non gradisca andare a sciare. #Dpcm #
2020-10-25 17:49:22+00:00,simocupi,1320422213804269573,Ma di preciso come ci si sarebbe dovuto preparare alla presunta  seconda ondata?? #COVID19
2020-10-25 17:52:52+00:00,thebrightside0,1320423095371485187,"#COVIDー19 

Per chi avesse ancora dubbi sulla gravità ed insidiosita' del #COVIDー19 https://t.co/zwf7mt32ab"
2020-10-25 17:58:00+00:00,instavins_it,1320424384847323138,"Ma gli avanzi del pranzo di oggi si possono mangiare dopo le 18?

Mia madre dice che secondo il nuovo #DCPM non si può.

#conte #COVIDー19 #coronavirus #conferenzaconte #conferenzastampa #ristoranti #lockdownitalia #lockdown #lockdown2 #coprifuoco"
2020-10-25 18:01:46+00:00,ProvinciadiRE,1320425332684541956,"🔴#Coronavirus La giornata a Reggio

• 0 decessi (tot 600)
• 235 nuovi casi (tot 7.294) di cui 128 sintomatici
   224 in isolamento a casa (tot 1.867 +162)
   10 ricoverati in ospedale/albergoCovid (tot 129)
   1 in terapia intensiva (tot 4)
• 4.938 guariti con tampone neg (=)"
2020-10-25 18:05:34+00:00,gabbores,1320426291284398080,"Per la seconda ondata qualcuno ha già detto che ne usciremo migliori o almeno questa minchiata l’abbiamo superata? 

#COVID19 #lockdown #dpcm"
2020-10-25 18:06:17+00:00,ClaudiaFanelli8,1320426471404511236,@FiglioNico @NicolaColucci19 @DiSantita “Quando vedete il Coronavirus sappiate che la terra non è la nostra casa” #SuperSundayRevival
2020-10-25 18:06:38+00:00,GiuliaCiarapix,1320426558524432384,Da leggere fino alla fine.
2020-10-25 18:11:06+00:00,AlisWellness,1320427682367217666,"Bastava semplicemente usare mascherina e buon senso ai tempi.. Ma NO, bisogna sempre lamentarsi, contrastare e controbattere.. Perché ci ledono la LIBERTÀ!!
Va bene.. Ora ci ritroviamo con questo nuovo DPCM e ovviamente ci lamentiamo..
*TO BE CONTINUED.. *
#DPCM #COVID19 #gym"
2020-10-25 18:11:42+00:00,paolo83237426,1320427833307598848,@paolo83237426's account is temporarily unavailable because it violates the Twitter Media Policy. Learn more.
2020-10-25 18:13:08+00:00,afaretta,1320428195674546177,"Coronavirus, l'appello del mondo dello spettacolo e della cultura al governo: ""Non chiudete teatri … https://t.co/JOUQH4esxG via @repubblica"
2020-10-25 18:15:14+00:00,afaretta,1320428723972251650,"Coronavirus, l'appello del mondo dello spettacolo e della cultura al governo: ""Non chiudete teatri … https://t.co/JOUQH4esxG via @repubblica"
2020-10-25 18:16:11+00:00,ultrasonica_ita,1320428963454504961,"Coronavirus, l'appello del mondo dello spettacolo e della cultura al governo: ""Non chiudete teatri … https://t.co/IdQyTeD7Ay via @repubblica"
2020-10-25 18:18:56+00:00,peppevoltarelli,1320429653232898050,"Coronavirus, l'appello del mondo dello spettacolo e della cultura al governo: ""Non chiudete teatri … @SquilibriEditor @ClubTenco @DAlessandroAle @senardik @tetesdebois @TimisoaraPinto  @SergioStaino @scristicchi https://t.co/ncj9WRYG80 via @repubblica"
2020-10-25 18:25:07+00:00,caroperazzi,1320431209718177793,"Se ai politici venisse bloccato il pagamento dello stipendio fino a fine #pandemia, quanto pensate che durerebbe questo #virus?

#COVID19 #dcpm #lockdown"
2020-10-25 18:28:20+00:00,fedediggia,1320432017771778049,@nzingaretti presidente un opinione sul dcpm di oggi ? Grazie ! #chiusura #chiudere #coprifuoco #conferenzaconte #COVID19
2020-10-25 18:38:05+00:00,asinibal,1320434471494127617,COVID-19 - Le donne pagano un prezzo più alto degli uomini? https://t.co/iRFIqz1FYR
2020-10-25 18:38:47+00:00,Gigimangia104,1320434649525604355,"Quando un Governo condanna alla perdita della dignità, togliendo il lavoro ai propri cittadini non deve più essere riconosciuto come tale #filosofiadeldiritto #cacciamoicialtroni #subito"
2020-10-25 18:39:55+00:00,alvisefranz,1320434934553714688,se vabe ciao core proprio 🤦🏼‍♂️
2020-10-25 18:49:18+00:00,Maura05031294,1320437294516572161,"Paolo Becchi contro il coprifuoco: ""Caccia agli untori, misura irrazionale. La paura fa più danni del coronavirus"" https://t.co/8jejtJLTXZ"
2020-10-25 18:49:28+00:00,ugotruffelli,1320437338791727104,"Ah. Si dice ""sovraffollamento"" tra virgolette adesso."
2020-10-25 18:50:08+00:00,FiorettiSimone,1320437506689609729,Un caro collega. R.i.p
2020-10-25 18:51:26+00:00,maxxo55,1320437831391694848,"Si Vergogni, Signor Ministro!
#vergognatevi Tutti! @dariofrance #dpcm #conte #azzolina #speranza #spadafora #teatri #cultura #franceschini #governo #covid #coronavirus #chiusura #lockdown"
2020-10-25 19:02:54+00:00,PCBattipaglia,1320440720377942025,"⚠️ NUOVO DPCM DEL GOVERNO NAZIONALE

❗️Cosa cambia?

📃 In questa immagine una sintesi delle misure previste dal nuovo DPCM del 24 Ottobre, in vigore da domani Lunedì 25 Ottobre.

#protezionecivile #battipaglia #covid19 #decreto https://t.co/HfjfzWZYqD"
2020-10-25 19:03:15+00:00,EffeConTweet,1320440806898126848,Ne avverto tutta la ineccepibile attualità. #COVID19
2020-10-25 19:07:55+00:00,Animamigrante,1320441980288118785,"1200.
Sbagliai. 
Muoiono in troppi.
#checulo #COVID"
2020-10-25 19:07:58+00:00,GreenVanilLaura,1320441994439778304,"@juvemyheart @faberskj Oddio, adesso non esageriamo! Il brunch non lo voglio, manco se regala l'immunità dal coronavirus!
Posso prendere gelato e pizza, anche due volte?"
2020-10-25 19:08:15+00:00,wirko94,1320442064895696897,Il 65% dei letti di terapia intensiva nell’Ile de France sono occupati da pazienti covid. In Corsica son più del 70%.
2020-10-25 19:09:01+00:00,Redblack100x100,1320442258467000320,"Le coppie che litigano e si mollano ogni due mesi, hanno inventato i #lockdown prima del #covid19"
2020-10-25 19:09:20+00:00,Gigimangia104,1320442338284654594,Non la riconosco più e spero che come me molti non riconoscano alcuna autorità a questo #governodicialtroni
2020-10-25 19:10:40+00:00,LeonardoMontef6,1320442674420350976,"Covid19: il governo come anche le strutture sanitarie si sono fatti trovare impreparati per la seconda ondata. Gli ospedali dovevano implementare le terapie intensive, ci siamo invece illusi che il virus, come dicevano alcuni medici noti, era innocuo o addirittura era un' invenzi"
2020-10-25 19:12:46+00:00,Redblack100x100,1320443201371725824,Un giorno mi spiegheranno le #palestre che hanno fatto al #governo per farle chiudere #COVID19
2020-10-25 19:20:28+00:00,Master2001_3,1320445137080692738,"@gualtierieurope Iniziamo il #countdown per il #ristoro che @Agenzia_Entrate VERSERÀ DIRETTAMENTE ED “AUTOMATICAMENTE” SUI CONTI CORRENTI DEGLI AVENTI DIRITTO!
Ora mancano -17 giorni! 
#SARS_CoV_2 in arte #COVID19 👁 https://t.co/zcnFrWh8bQ"
2020-10-25 19:21:46+00:00,Carla44613652,1320445466111332353,Hanno avuto paura di rivolte se avessero chiuso tutto di nuovo e quindi hanno scelto la strada appena più lunga ma l'obiettivo resta lo stesso e pertanto chiuderanno dopo
2020-10-25 19:22:59+00:00,paoloangeloRF,1320445772241002496,"“Quante casse integrazioni non sono ancora arrivate ?” Bravo @VeltroniWalter @chetempochefa #chetempochefa #COVID19 “no sono sicuro che #Trump  accetta il voto , poi l’America è un paese complicato “#USA #usa2020"
2020-10-25 19:23:59+00:00,giuseppetp55,1320446023928602631,"#Covid19 #Italia oggi,21.273 i positivi,128 i decessi,37.338 i decessi totali,tra questi anziani,medici,infermieri,forze dell’ordine,è arrivato il momento di prendere decisioni drastiche per scuola e trasporti,e aiutare coloro che perdono lavoro e guadagni,bloccare i facinorosi."
2020-10-25 19:27:08+00:00,simonettaricci_,1320446816521998343,"Mi chiedo da che regione a quale altra andranno questa volta quei camion militari !!! 
Pazzesco!!!  #COVID19italia
https://t.co/Eq74ypMbmZ"
2020-10-25 19:29:43+00:00,paoloangeloRF,1320447466802696201,"“I bar , ristoranti, negozi che stanno fallendo chi li comprerà ? Il crimine, le mafie.. tutto questo va a vantaggio di chi è già pronto “amara constatazione anzi amarissima di @robertosaviano #COVID19 #Dpcm @chetempochefa"
2020-10-25 19:31:17+00:00,ilmauri5,1320447862539460608,non arriva ai 50
2020-10-25 19:32:03+00:00,sdapi13,1320448053283835905,Costa? Sempre stato una banderuola e “farina doppio 00”
2020-10-25 19:32:15+00:00,CalloriFabio,1320448103644803072,"Chi ha speso soldi per mettere l’attività a norma è stato preso in giro!Domani sarà un momento molto importante. Piacenza, una delle città più colpite dal Covid, vuole dimostrare che ci si può RIALZARE in SICUREZZA. Le attività non vanno chiuse, ma tutelate! IO CI SARÒ! #COVID19 https://t.co/lm2OP6K5MU"
2020-10-25 19:33:49+00:00,luca_ziliotto,1320448497422839810,#ultimacena vino e birra no limits! Pesce e carne #Dpcm #Conte #COVID19 e tra poco una bottiglia intera! Speriamo nello sconto! https://t.co/rGGk726cbk
2020-10-25 19:42:23+00:00,Lorenzo91ph,1320450652934410240,"Avevo appena trovato il coraggio di invitarti ma...
#Covid19 #napoli #ilgovernononvuole https://t.co/O1KMvtvZfc"
2020-10-25 19:45:43+00:00,MPiperata,1320451495335264257,Ma qualcuno sta già organizzando capodanno per caso? Così.. chiedo per un amico... #Dpcm #Conte #COVID19
2020-10-25 19:45:49+00:00,CarmenVolo,1320451520056467457,"Giusta riflessione,  condivido"
2020-10-25 19:48:35+00:00,farmaciaserrage,1320452214364790784,Speriamo di non seguirli ma i loro numeri fanno impressione... #covid19
2020-10-25 19:50:44+00:00,Vin_Spinola,1320452755585118208,"Stanco di entrare in queste case in cui respiri un’aria pesante, con pazienti che non respirano, con tante facce che ti guardano piangenti, che guardano il loro caro sapendo, o forse no, che è l’ultima volta che lo vedono #COVID19 #Secondaondata"
2020-10-25 19:55:08+00:00,matteoriso,1320453861665132550,In Italia invece hanno criminalizzato Conte per aver interpellato @Fedez . Dobbiamo farci riconoscere sempre.
2020-10-25 19:56:02+00:00,alottohandle_,1320454090594410496,"Chi può ordini spesso a domicilio.
Aiutiamo noi chi non è aiutato da nessuno. 🙏🏻 #Dpcm #COVID19"
2020-10-25 19:56:38+00:00,pcbassignana,1320454241656410113,"@AllertApc Anche da https://t.co/xykctZQDW8 Attivati per l’emergenza #coronavirus e partecipa a https://t.co/j7Yu0N67h6, progetto di attivismo digitale e #civichacking
Gruppo Fb https://t.co/busO91K3Ao 
Telegram https://t.co/jzfcovQFgv
Form per segnalare servizi e info utili"
2020-10-25 19:57:50+00:00,novasocialnews,1320454543784710184,"Rispetta sempre chi ti dona anche solo un pezzo del suo cuore. 
Magari gli è rimasto solo quello, dopo che glielo hanno spezzato più volte.
(cit. anonimo)
#lockdown #lockdownitalia #Dpcm #COVIDー19 #coronavirus https://t.co/rAOzkmhWW9"
2020-10-25 19:59:36+00:00,VellaniSimona,1320454986304806914,Questo ci vuole far credere che in Lombardia va tutto bene e che i vaccini sono sufficienti..ridicola presa in giro dell’intelligenza dei cittadini #CTCF #ATS #milano #COVID19
2020-10-25 20:03:49+00:00,paoloangeloRF,1320456046616498177,"“
Ci tengo a ringraziare tutta la comunità scolastica , abbiamo lavorato tutta l’estate “@AzzolinaLucia @chetempochefa #chetempochefa #COVID19 “bisogna fare sistema “@fabfazio “evidente che ci sono criticità sui trasporti, auspico che si debba intervenire “ la ministra"
2020-10-25 20:05:58+00:00,ValeVic_13,1320456591120965633,"Usalo un po’ di gel Valentina .. #coronavirus #covid_19 #usalounpodigel @ Milan, Italy https://t.co/cnam1wDHqq"
2020-10-25 20:07:01+00:00,paoloangeloRF,1320456852556177408,“La scuola non ha inciso auspico che #deluca possa riaprire. Chiudiamo le scuole per far mandare i bambini per strada o nei centri commerciali ?“@AzzolinaLucia @chetempochefa #chetempochefa #COVID19
2020-10-25 20:08:00+00:00,cirobuonajuto,1320457100498071553,"La chiusura della #cultura è un grave errore e colpisce luoghi sicuri che hanno investito per rispettare le regole.
Ora ai sacrifici chiesti alla popolazione corrispondano certezze da parte dello Stato:ristoro concreto a chi chiude senza burocrazia. #Dpcm #cinema #Teatri #COVID19"
2020-10-25 20:10:20+00:00,Vin_Spinola,1320457689563090945,"@umpkket No Nick, è il mio lavoro! Solo che non avrei mai potuto immaginare tutto questo, il dover fare una doccia di alcool tornati in sede... #COVID19 #SecondaOndata"
2020-10-25 20:10:38+00:00,danieledv79,1320457762325708801,Firmare la petizione.
2020-10-25 20:10:53+00:00,paoloangeloRF,1320457825475350528,“‘Non dobbiamo contrapporre diritto alla salute e diritto all’istruzione esser celeri ci permette di evitare di mandar classi in quarantena “@AzzolinaLucia @chetempochefa #COVID19 #chetempochefa
2020-10-25 20:10:53+00:00,SerARMAROLI,1320457828901990402,"Dal panico negli occhi della prima ondata all’incasso della seconda è stato un attimo 
#COVIDー19 #COVID19 #COVID19italia #conferenzaconte"
2020-10-25 20:17:26+00:00,gianlucaorlandi,1320459476206526465,Da non perdere
2020-10-25 20:28:01+00:00,terry50mm,1320462136871657472,"Non c'e' solo coviddi, c'è di più."
2020-10-25 20:28:20+00:00,ILSOB1LL4,1320462216852918278,"Anche mia moglie è d’accordo.
Sono 20 anni che dice che dovrebbe guadagnare almeno come me.
#pubblico #privato"
2020-10-25 20:45:19+00:00,gianni_rassu,1320466493482651649,"La UE colga il drammatico messaggio del #COVID19 e faccia un passo in avanti: faciliti/solleciti l’accesso al MES da parte dei paesi membri e assicuri l’applicazione di un protocollo per  rafforzare la Sanità in tutta Europa.

Una infrastruttura comune per il futuro
@vonderleyen"
2020-10-25 20:51:59+00:00,LukeRays,1320468171678240769,Lo chiederei direttamente a @fabfazio.
2020-10-25 20:54:47+00:00,annamariabianc2,1320468873930571778,Poveri noi!
2020-10-25 20:54:59+00:00,FrancescoBerti_,1320468925474168832,"@GuidoCrosetto Olanda, Belgio, Irlanda hanno chiuso ristoranti e bar. Francia chiude i bar e in alcune zone vige il coprifuoco. UK ristoranti chiusi alle 22 e Germania alle 23. Però è più comodo guardarsi l’ombelico e pensare che il coronavirus sia un problema italiano."
2020-10-25 20:57:08+00:00,MariaMarvit98,1320469464710848512,"Coronavirus, Conte annuncia chiusure e blocchi del nuovo DPCM https://t.co/aE21AB0pow via @YouTube"
2020-10-25 20:57:41+00:00,andreavent3,1320469603173257224,Non c'è più
2020-10-25 20:57:42+00:00,MauroTandoi,1320469608638353413,Bergamo 1h...al coprifuoco  #bergamo #coprifuoco #covid19 @webecodibergamo @corrierebergamo https://t.co/w8fNZPyYqw
2020-10-25 21:00:38+00:00,SerARMAROLI,1320470348513611776,"""È fortemente raccomandato a tutte le persone fisiche (🤔😳) di non spostarsi”. 
Solo persone non fisiche in giro da domattina!
#Dpcm #COVID19 #COVIDー19 #COVID19italia #conferenzaconte https://t.co/7VGq4HRsra"
2020-10-25 21:04:21+00:00,marielSiviglia,1320471283394633728,"#CONTEDIMETTITI
#Governodicialtroni
#GovernodellaVergogna
Altro che covid19...
👇 https://t.co/uVbJr4EJx0"
2020-10-25 21:05:30+00:00,lisabeppi,1320471571631398912,Cecchi Paine non ha competenze per dire come si cura il covid19... non si allarghi su materie non sue... non aggiunga confusione ad altra confusione
2020-10-25 21:12:42+00:00,chimentimattia,1320473384531185670,"Questo qui fa il ministro. 
Capito come? 
#Dpcm #COVID19 #spadafora"
2020-10-25 21:13:24+00:00,PiramideRossa,1320473561019146243,"Non facciamo mancare a nessuno la nostra personale #solidarietà, in questo momento così critico e pericoloso per ciascuna persona. Non discriminiamo neanche chi non crede al #COVID19 e complottisti vari. #RimaniamoUmani superando le #contrapposizioni"
2020-10-25 21:14:03+00:00,quotidianodirg,1320473721618874368,"Dpcm Coronavirus, appello mondo Cultura: No a chiusura Teatri e Cinema https://t.co/41XayjAhf6 @quotidianodirg #news #notizie https://t.co/rEqBt3KWEO"
2020-10-25 21:15:17+00:00,NathanDelMare,1320474031552929793,"Vedere la reazione dei ristoratori, parrucchieri mi fa male al cuore. Vi sono vicino. #coronavirus #COVID19"
2020-10-25 21:15:43+00:00,MariPeppeKa,1320474141343010823,"Lei è un ministro della #repubblica,
non può usare dei beceri luoghi comuni come l'ultimo dei commentatori da bar. Faccia la persona seria!! 

#CTCF #COVID19 @VincenzoDeLuca"
2020-10-25 21:15:45+00:00,TozziCristiana,1320474152680230913,"un raggio di speranza...🇮🇹❤
Grande #RinoRappuoli!!! 
 #Siena #COVID19 #monoclonali #coprifuoco"
2020-10-25 21:16:43+00:00,francescocipe,1320474395262017537,"@GiorgiaMeloni
Un conoscente ha ricevuto esito positivo per tampone senza averlo mai fatto. Sono centinaia le persone che ricevono notizia di positività al Covid19 senza aver fatto nessun esame. Mi chiedo cosa sta aspettando l' opposizione a Denunciare  @GiorgiaMeloni"
2020-10-25 21:17:07+00:00,francescocipe,1320474495833034754,"@matteosalvinimi
Un conoscente ha ricevuto esito positivo per tampone senza averlo mai fatto. Sono centinaia le persone che ricevono notizia di positività al Covid19 senza aver fatto nessun esame. Mi chiedo cosa sta aspettando l' opposizione a Denunciare @matteosalvinimi"
2020-10-25 21:22:22+00:00,InAphysicalWay,1320475817764409347,quel font fascista che non lascia nulla all'immaginazione
2020-10-25 21:24:43+00:00,AvvLucaEgitto,1320476406955036672,"Comunismo, istinto predatorio contro chi produce, la stessa indole di chi si gode le garanzie del posto pubblico scaricando su cittadini e imprese le conseguenze della crisi pandemica. Si chiama esproprio"
2020-10-25 21:33:29+00:00,g_mincuzzi,1320478613544853508,"#COVID19 @makkox @zdizoro @welikeduel #Prontosoccorso #infermieri #medici 
Grazie! ❤️ https://t.co/fn4esNUGqv"
2020-10-25 21:35:27+00:00,GuiducciLuigi,1320479107566755843,Vi rendete conto questi per chi lavorano?
2020-10-25 21:35:46+00:00,Antonio80155302,1320479189670285313,"Eccolo di nuovo.
Ne sentivamo la mancanza..😳 https://t.co/cjtNX50ZpB"
2020-10-25 21:39:17+00:00,FrancoFracassi1,1320480074685186049,"Grazie @FedePiazzano 🙏
#protocollocontagio #COVID19 
https://t.co/TTyCXk9Hsv"
2020-10-25 21:43:36+00:00,AFoccardi,1320481158883397640,Definirti un idiota è farti un complimento. Gli espropri proletari sono fuori moda da quasi un secolo.
2020-10-25 21:44:48+00:00,giovannidalloli,1320481462454542337,Ma il Kapit1 e i suoi sodali quali proposte CONCRETE hanno da fare ? https://t.co/Yo1QU8esGD via @LaStampa
2020-10-25 21:48:27+00:00,rivanogio,1320482380411523072,Illuso eavremo fino a Maggio.https://t.co/qmYobPzFTW
2020-10-25 21:58:58+00:00,paaynes,1320485027667464192,Raga avete rotto il cazzo di incolpare Francesco per niente. Ora lo incolperete anche per il coronavirus. #GFVIP
2020-10-25 22:04:24+00:00,danielavizia,1320486395429982213,Il #COVID19 raccontato da chi l'ha vissuto.
2020-10-25 22:04:42+00:00,GrazyBell,1320486470164058115,Il #covid19 e gli #spettacoli e la #cultura - #teatri #cinema #concerti tutto chiuso. https://t.co/iQVycjw8fj
2020-10-25 22:14:19+00:00,LorenzoSordi,1320488889199546368,"#Napoli sempre imbarazzante. Da qualsiasi angolazione la riprendano fa sempre una pessima figura.

@nonelarena 
#nonelarena
#COVID19"
2020-10-25 22:17:26+00:00,PulciniRemo,1320489672515198977,"#nuovodpcm
#lockdownitalia
#25ottobre  #conferenzaconte #Conte #COVIDー19 #ristoranti #COVID19 #GiuseppeConte #COVID #chiusura #DomenicaDAutunno #dpcm #nuovodpcm
Rilancia #sbotenza di fuoco https://t.co/01VAM6S9Zq"
2020-10-25 22:18:39+00:00,FrancoFracassi1,1320489978959437825,"Apprendo con entusiasmo che #protocollocontagio si è per ora posizionato al n°3 dei libri più venduti nella classifica di @Macrolibrarsi.
Grazie a chi ha acquistato il libro ed a chi ancora crede e lotta per la verità. 📚
#COVID19 
https://t.co/UWNyf8CzCJ"
2020-10-25 22:28:45+00:00,LemmaAndrea,1320492523001970689,"Varato il #DPCM, è necessario iniziare fin da subito a costruire politiche per il superamento della grande depressione che sta per venire. Abbiamo bisogno di statisti @GiuseppeConteIT, abbiamo bisogno di visione. #pianoindustriale #resilienza #coronavirus"
2020-10-25 22:29:42+00:00,GaetanoBellino,1320492762022744071,Ridicolo è stato già detto?!?
2020-10-25 22:35:41+00:00,C3LT1C0,1320494268226670593,Da oggi così... 🤣 #coronavirus #covid19 #italia #italy #dpcm #lockdown #conte #giuseppeconte @ Canale (Orvieto) https://t.co/FifDO1yrBQ
2020-10-25 22:51:24+00:00,SofiaGinanni,1320498221546983426,"@lauraboldrini BRAVA i NEGAZIONISTI che spingono questi BUZZURRI  IN PIAZZA A GRIDARE PAROLE Imparate a Caso dai Negazionisti colti e in malafede, che dichiarano  qualsiasi cosa pur di far CREDERE CHE il Virus 🦠 Non Esiste, che il Governo inventa tutto ma il Covid-19 è in tutto il Mondo 🌎"
2020-10-25 23:02:26+00:00,Dscarang,1320500998599811072,"Vero, ma se si adottano le corrette procedure da parte della #banca in rispetto della norma del #fondodigaranzia non sussistono i problemi per l'escussione.
#PMI"
2020-10-25 23:05:33+00:00,picchio78,1320501783798665218,Ai ragazzi non frega più degli anziani. Ai lavoratori degli studenti. Ai single dei genitori. Ai dipendenti dei libero professionisti. Ai pensionati dei disoccupati. Agli sportivi dei cagionevoli. Tutti contro tutti. Distanziamento sociale riuscito. #COVID19
2020-10-25 23:23:56+00:00,Oche1989,1320506409243578369,🤦🏼‍♂️🤦🏼‍♂️Ma quanto vino ha bevuto questo??? 🤦🏼‍♂️🤦🏼‍♂️https://t.co/ecYNrIcmt2
2020-10-25 23:24:08+00:00,alice_carro,1320506460363759618,Qualcuno sa dirmi se un vaccino ha superato con successo la sperimentazione clinica e se quindi sarà disponibile da dicembre? #conferenzaconte #Conte #COVID19
2020-10-25 23:29:57+00:00,ResiFalagiani,1320507923915804676,Fatelo per davvero
2020-10-25 23:30:00+00:00,GOccorsio,1320507938235207680,Diresti più la stessa cosa che avevi detto quest’estate per i poveri padroni delle discoteche
2020-10-25 23:34:28+00:00,sergiocucini,1320509062237356034,Parole chiare #COVID19
2020-10-25 23:44:47+00:00,GermanoDottori,1320511654514352128,Ho come la sensazione che il Covid-19 possa approfondire il conflitto intergenerazionale latente nel nostro paese
2020-10-25 23:46:24+00:00,LorenzoSordi,1320512062951432192,"Oltre alla #mascherina, #Napoli deve imparare ad usare anche l’obiettività. Dire che ha fatto l’ennesima #bruttafigura non significa essere razzisti ma - ahimè - realisti. Fatevene una ragione: la città ci ha abituato a tantissime brutte figure.
#nonelarena 
@nonelarena 
#COVID19"
2020-10-25 23:49:36+00:00,longtallsonia,1320512866638770177,"Riassunto del 2020: 
angoscia totale al pensiero di passare altri mesi a nasconderci dal virus 
VS 
sensi di colpa nei confronti di chi ha vissuto (e vive) l'emergenza sanitaria lavorando negli ospedali 
🤷
#COVID19"
2020-10-25 23:51:33+00:00,quotidianodirg,1320513358261440512,"Coronavirus in Italia, Conte: Indice contagio ha superato livello critico https://t.co/rKtvydhL1K @quotidianodirg #news #notizie https://t.co/VEZeXBI3DI"
2020-10-25 23:52:40+00:00,Lambertomenent1,1320513640521453569,"@matteorenzi Oltre a star male, È lei consapevole di essere il creatore di questo governo di arroganti incapaci e  vigliacchi? Vada da Mattarella e si faccia parte attiva per costituire un governo di salute pubblica e cestinare tutti quei nanetti dannosi più del CORONAVIRUS. LO FACCIA."
2020-10-26 00:13:03+00:00,AntennaGambero,1320518770172059649,"""Ma vi avevano solo chiesto di indossare una mascherina."" 
...e #buonanotte.

#COVID19 #lockdown #lockdown2 #facciamorete https://t.co/ppfEefvEFS"
2020-10-26 00:39:02+00:00,ntonioGiordano,1320525309314244608,"@DavideFalchieri Ho lavorato anche gratis. Cartellino di marzo 2020 64 ore di straordinario... Pagate 10, altre 54 nel cesso, mentre potevo starmene con o miei, invece ero in trincea ad assistere #COVID19. C'è altro da chiedere?"
2020-10-26 01:21:12+00:00,LukeRays,1320535918957207552,"Surreale.
Negli ospedali liguri non c'è ""un problema di posti letto"", ma un ""sovraffollamento"". Che cosa vorrà dire? Se i letti sono liberi, che cosa è sovraffollato? I corridoi, i bagni, gli sgabuzzini? @GiovanniToti, facci capire..."
2020-10-26 02:32:05+00:00,profluigimarino,1320553760758865920,"@aimo_oculisti @ministerosalute @who @robertosperanza79 @luca.menabuoni Let’s be clear, physicians are not inflating the number of #COVID19 patients. #covid_19 @ Università degli Studi di Milano https://t.co/bF65l8QCsq"
2020-10-26 02:42:10+00:00,AndreaFondacaro,1320556297255792642,Molto chiaro
2020-10-26 03:03:48+00:00,EScienza,1320561741785346048,"""Ecco perché anche noi fisici ci occupiamo di coronavirus"". La lettera aperta di 200 universitari dopo gli attacchi social https://t.co/Pf85uAhbvT via @repubblica"
2020-10-26 03:13:51+00:00,GianelleMauriz7,1320564268664803328,"@chetempochefa @RaiNews @AzzolinaLucia In sostanza c e chi segue le regole fondamentali anti covid19
E chi non le segue e ci parla anche contro!
Come in molti negozi bar ristoranti parrucchieri!
A discapito di chi lavora seriamente!"
