Date,User,Tweet_id,Tweet
2020-11-22 05:35:18+00:00,FlipRuth,1330384337368444928,Cosa fare e non fare nelle varie zone...😱😱😭😭😷😷😷
2020-11-22 05:51:19+00:00,giadif,1330388368677625860,Però l'aperitivo non sia mai...
2020-11-22 05:51:50+00:00,profluigimarino,1330388500764635136,"@aimo_oculisti @who L'uso delle maschere è diventato un problema di parte, ma tra gli scienziati c'è un sostegno universale alla loro capacità di rallentare la diffusione del coronavirus. #covid_19 #covid19italia https://t.co/VwUHNua4YR"
2020-11-22 06:17:30+00:00,GuidoRusticoni,1330394958436700160,"Il New York Times ci spiega la Sanità in Lombardia.
Qualcuno doveva pur tirare fuori le palle e farlo."
2020-11-22 07:01:26+00:00,lucadg75,1330406014886289408,"Spero sia una notizia priva di fondamento.
Mesi di sacrifici da buttare per cosa?
Per un Natale in famiglia o in giro?"
2020-11-22 07:41:32+00:00,CarloDeVirgili2,1330416106943766530,Combattiamo questo ennesimo #lockdown #COVID19 #djset #charliedj https://t.co/zs3V0zPfub
2020-11-22 08:07:12+00:00,CremitTW,1330422564192202753,"Qui il link per rivedere il webinar #Sirem su #COVID19 e #università, tra complementarietà, innovazione didattica, ibridazione, blended learning maturo, università diffusa, università open, modulare e multimodale, aula estesa e personalizzazione. https://t.co/XPAp5j0uvb https://t.co/ZN2kzQSPeX"
2020-11-22 08:12:08+00:00,LinaVadal,1330423806574407680,Anche in America attua le stesse regole che stiamo effettuando in Italia
2020-11-22 08:14:37+00:00,the_lone_beagle,1330424433778044928,"Lombardi, vi sentite rappresentati? sto male per voi, non mi viene voglia di ridere...
#MassimoBoldi
#RegioneLombardia
#COVID19"
2020-11-22 08:21:39+00:00,luigicaroppo,1330426201949790209,"Sanità sul baratro. Salviamola https://t.co/y35aav2V1V via @qn_lanazione
#toscana
#COVID19 
#medici
#infermieri"
2020-11-22 08:42:25+00:00,VivianiPietro,1330431427712872455,Quando l’Italia  sotto il Conte divento’ l’ultima del mondo ....: così racconteranno i libri di storia
2020-11-22 08:59:25+00:00,renton1972,1330435708314644481,Maledetti!!!!
2020-11-22 09:09:16+00:00,beppeferri9649,1330438183880945664,"@GiuseppeConteIT Vedo che ha cambiato la fotografia che ti rappresenta.
Lo sai che una foto non infetta chi la vede?
#Covid19"
2020-11-22 09:10:41+00:00,flazzeroni29,1330438543198593025,"@Gigadesires @albiuno @lameduck1960 @4everAnnina Si sa una sega di quello che fanno i cinesi qua.
Pensate di sapere quello che fanno là?
Stavolta, che hanno usato l’arma #coronavirus , secondo voi ve lo dicono?"
2020-11-22 09:27:17+00:00,DamianoZoffoli,1330442720599547904,"Covid, la scienziata che isolò il coronavirus: «Il vaccino da solo non basterà a far sparire il virus» https://t.co/MxaMdfBpjg"
2020-11-22 09:35:26+00:00,massimopoli,1330444770909491201,"@paoloroversi Se lo spostamento di massa tra Regioni in piena pandemia invernale (quella più virulenta su base scientifica), equivalesse ad aggiungere 10.000 morti in più durante la terza ondata inevitabile, che faresti allora? Regali un libro di consolazione a tutti? #think #COVID19 #xmas"
2020-11-22 09:35:53+00:00,marielSiviglia,1330444882591293441,"Tv 📺 covid19 Italia fabbrica di FakeNews, ( li pagano apposta, x diffondere terrore), rigorosamente spenta.
Idem principali quotidiani al libro paga del produttore di mascherine cancerogene alla salute pubblica e all'ambiente ."
2020-11-22 09:42:20+00:00,MaccariFranco1,1330446508068663297,"RASSEGNA STAMPA 
Coronavirus. Brugnano (Fsp): 
""In Calabria a rischio i servizi 
delle forze di polizia""
https://t.co/CCIytJhm2Q"
2020-11-22 09:48:54+00:00,ManfrediPotenti,1330448161660342277,"Sarà un' attrattiva unica al mondo che favorirà tutto il territorio toscano e volterrano, piegato dalla crisi economica derivante dai lockdown dovuti al Covid19 !!
(2/2)"
2020-11-22 09:48:55+00:00,fuckyoumiriana,1330448165837869060,"#Fuck al covid-19 che ci sta rovinando tutto.🖕
#Covid_19 #COVID19italia #COVIDAlert https://t.co/YSfrUoRT2h"
2020-11-22 09:50:49+00:00,caroperazzi,1330448642751258626,"Quando questa cosa delle mascherine sarà finita, mi metterò il rossetto anche per andare a dormire

#COVID #mascherina #coronavirus"
2020-11-22 10:06:49+00:00,AFoccardi,1330452667743735808,"Il Covid-19 esiste, non cadiamo nel tranello di negarlo, solo che è pericoloso solo per gli over80 .
Negli altri anni non c’era ora si."
2020-11-22 10:14:43+00:00,MegaleHellas,1330454655021830147,La Cura Ascierto alimenta la speranza: “Per i ricercatori britannici è lo standard per guarire polmoniti da coronavirus” https://t.co/HNW6f46dy2 via @ilriformista
2020-11-22 10:15:43+00:00,gt_bolivar,1330454907414048770,"Eppure era un'ottima proposta.
Lasci perdere gli insulti,
Uno non vale uno, vale il cervello che ha.
Have an happy sunday 🤗"
2020-11-22 10:29:19+00:00,marielSiviglia,1330458332809863168,"Sulla coscienza dei covidioti mascherati che sostengono un governo di corrotti, responsabili di avere politicizzato e idealizzato un virus, per stare saldando incollati alle poltrone."
2020-11-22 10:42:47+00:00,benandato,1330461721765556227,Credo che la tua testimonianza sia la realtà di quello che sta avvenendo. Grazie!
2020-11-22 10:43:59+00:00,CremitTW,1330462021863804930,"Coronavirus Covid-19. @Piercesare #Rivoltella #Cremir @Unicatt : ""Governare l'inatteso a scuola e all'Università rendendo il digitale un ingrediente abituale della didattica"" | AgenSIR https://t.co/NiROjrNNxQ"
2020-11-22 11:04:47+00:00,MancioRuggiero,1330467258058084353,"Rimaniamo ""#Arancioni"" alla faccia di #Emiliano.
#COVID19 #Manciolandia #coronavirus #IBDM https://t.co/Z36ONFJbwr"
2020-11-22 11:09:31+00:00,unoenessunoe,1330468447885668353,"Come mai la #Sicilia non è zona rossa? Perché il caps sui colori delle regioni?
Perché c'è chi bara sui dati #coronavirus @fattoquotidiano https://t.co/HRlTVLdREH"
2020-11-22 11:21:04+00:00,tweety70il,1330471356048273408,"Coraggio,benvenuto nel club depressi per.covid19 e a causa di deficienti che governano vari Paesi salvo.Usa ed.Israele.Buonadomenica"
2020-11-22 11:28:18+00:00,massimocarcuro,1330473176195887107,GRAZIE SANTITÀ❤️ @Pontifex_it
2020-11-22 11:40:00+00:00,shalomroma,1330476120085569537,"Nella notte appena trascorsa e' stato lanciato un razzo che ha danneggiato un palazzo di Ashkelon.
#Gaza #coronavirus 

https://t.co/LdTOLDTWCx"
2020-11-22 11:58:54+00:00,SofiaGinanni,1330480877525217281,"@Iperbole_ Grande Fabio @Iperbole : GIUSTA una Legge contro i Negazionisti,        Soprattutto i medici, venduti all’Estrema destra, che GUIDANO sui Social i Negazionisti con AFFERMAZIONI più Assurde e ANTISCIENTIFICHE : Portano  Odio e incitando così alla DIFFUSIONE del COVID-19"
2020-11-22 12:09:12+00:00,dammidamangiare,1330483466094456840,@HuffPostItalia ... #coronavirus ... il prossimo Farmacista 👨‍⚕️ https://t.co/3tJJkqL3Cv
2020-11-22 12:14:41+00:00,Chukwumaedward4,1330484847366836225,All hail biafra
2020-11-22 12:30:46+00:00,MarcoMancio82,1330488894681473027,"#Coronavirus, il Cardinale #Bassetti negativo al tampone https://t.co/pIU8UVt303 via @acistampa"
2020-11-22 12:30:57+00:00,PCRemanzacco,1330488939694714881,"È iniziata oggi la consegna di un dolce e di un'informativa alle persone più anziane del nostro Paese per ricordarei servizi prestati dal GC per l'emergenza #COVID19 in corso a seguito al passaggio alla fase di attenzione del C.O.C.
@ProtCivReg_FVG
#socialmediacommunityFVG https://t.co/KENfzLNiOQ"
2020-11-22 12:41:45+00:00,niccolo_f,1330491657335267328,#negazionisti #bergamo #valseriana #valgandino #Roma #coronavirus #COVID19italia sentire questa signora che parla mi fa vomitare
2020-11-22 12:48:40+00:00,sylvano65,1330493401159098371,"L'undici dell'@HelsingborgsIF in campo a Borås contro l'@IFElfsborg1904 in una partita decisiva per la salvezza dei rossoblù.  Assente Ollson, risultato positivo al #coronavirus mercoledì. Diretta su @tvdellosport alle h. 14.30"
2020-11-22 13:41:46+00:00,MargMasc9,1330506763230195714,"Un bell'articolo del NYT sulla #Lombardia, ecco perché abbiamo 20.000 morti, la peggiore al mondo su n. abitanti #commissariatelalombardia
https://t.co/36L1tIqE9z"
2020-11-22 13:48:43+00:00,giuseppetp55,1330508513597132800,"Non so se serve saperlo a qualche”ignorante”negazionista cattolico,ma lo informo che in #Sicilia in una settimana sono deceduti per #Covid19 5 preti,per le complicanze del virus,e che due di questi poveretti avevano appena che 50 e 47 anni."
2020-11-22 13:50:49+00:00,glaguar,1330509041097957383,Grazieeee Santità abbiamo ancora il ricordo di quell'elicottero bianco che accompagnò Sua Santità San Papa Giovanni Paolo II tra le macerie e i morti di quei giorni dopo appena 48 ore dal devastante sisma...La fede e la preghiera ha aiutato tutti noi in quei tristi giorni.❤️🙏
2020-11-22 13:54:01+00:00,emerge67,1330509844634333184,"In questo momento, a #DomenicaIn, #Bassetti sta dicendo che il #coronavirus ha preso la quota parte dei decessi che in altri anni sarebbero state morti per influenza o per altre infezioni.

Tradotto: ""I morti per #COVIDー19 sarebbero morti comunque"".

Fatelo tacere. https://t.co/5RM8sZisy5"
2020-11-22 13:55:48+00:00,Rvaticanaitalia,1330510296327344130,"Il Cardinale Bassetti, Arcivescovo di Perugia-Città della Pieve e Presidente della CEI , è risultato negativo al tampone per la ricerca del #COVIDー19. La sua convalescenza prosegue al Policlinico Universitario Agostino Gemelli di Roma, dove è ricoverato da giovedì #coronavirus https://t.co/ssroyfviiq"
2020-11-22 14:09:58+00:00,Albycattivick,1330513857668927488,Tampone positivo il 25 ottobre. Oggi 22 novembre @AtsBrianza mi scrivere:      #covid19 https://t.co/M9A1DWs0zl
2020-11-22 14:21:03+00:00,Stevig64,1330516649292738561,Il #Sistema #Sanitario #Nazionale non riesce a vaccinare per l'#influenza figuriamoci quando arriva il #vaccino anti #covid19 https://t.co/IgH20QuEwj
2020-11-22 14:52:35+00:00,lAttacco,1330524584987275272,"#Covid19: registrati 1.327 casi positivi in #Puglia 397 in provincia di #Foggia #primalattacco

https://t.co/yHIeuvhn2O"
2020-11-22 14:59:17+00:00,rafdilor_di,1330526268601880581,Uffaa! E dai con queste scemenze...
2020-11-22 15:11:18+00:00,CalosiGuido,1330529292917288964,"Siamo peccatori, materialisti! Pentiamoci, mettiamoci la cenere sul capo e, per Natale, solo preghiere e lodi a Dio, che fan bene allo spirito.

(Ma perché i medici non parlano di medicina, soprattutto se capiscono poco di altre cose?)"
2020-11-22 15:26:42+00:00,donga16,1330533170844999684,L'aeroporto di Shanghai Pudong ha testato due casi di COVID-19 positivi e 14.000 dipendenti sono stati arrestati e non possono tornare a casa.
2020-11-22 16:06:41+00:00,AndreaSalito,1330543230350454784,"#tangenziale deserta in una soleggiata #domenica di #novembre durante la #pandemia di #covid19 in #zonarossa . #Napoli #Campania #Naples #sunday #highway #november #Italy #alone #auto @ Naples, Italy https://t.co/EDuT5aGJm7"
2020-11-22 16:13:39+00:00,BFedalma,1330544985456959488,"Ti mando un abbraccio, sto virus maledetto non risparmia nessuno."
2020-11-22 16:15:22+00:00,danieledv79,1330545416648208387,"Verissimo. Poi per questo chi studia e si impegna va all'estero, perché i pochi che vanno avanti spesso sono raccomandati senza avere competenze."
2020-11-22 16:38:31+00:00,rexforte1,1330551244323233793,"E perché questo? Perché c'è scarso controllo, voi davate la pensione di invalidità ai sani, ma non ho mai sentito processare un medico che la avallava..ah, la regione che aveva più falsi invalidi è risultata la Lombardia..coglioni!"
2020-11-22 16:45:32+00:00,robycatt1,1330553007738658820,"Assurdo . Qualcuno pagherà ? No , come al solito. La chiamano Democrazia ."
2020-11-22 16:58:39+00:00,paolabocci,1330556310664962048,"Se... 
e le misure messe in campo da  #RegioneLombardia non raggiungono neanche la sufficienza, la perfezione è un miraggio"
2020-11-22 17:10:35+00:00,margheritaa269,1330559311987224579,"Voglio ritornare alla mia caotica ma piacevole routine quotidiana.

#day8 
#desperatehousewife
#lockdown #quarantine #stayhome #coronavirus  #staysafe @ Seiano, Vico Equense https://t.co/JANuOKq2Py"
2020-11-22 17:11:54+00:00,Mauro_Colombo7,1330559645749043208,Covid-19 ed eccezionalismo religioso (episodio diecimila e boh).
2020-11-22 17:11:58+00:00,rz8463,1330559659338502149,"La Lombardia, da una settimana, viaggia al ritmo di &gt;150 morti al giorno (circa un quarto del totale nazionale) e si continua a parlare di allentare le restrizioni.
La cosa, mi scuserete, fa vomitare.
Fino a quando abuseranno della nostra pazienza?
#Covid_19"
2020-11-22 17:12:33+00:00,egidio_gialdini,1330559807175188482,"L'Amministrazione Comunale di POLICORO, presieduta dal Sindaco Enrico MASCIA, è lieta di annunciare che le USCA si recheranno presso il domicilio dei malati affetti da covid-19 per effettuare loro il tampone. https://t.co/8IEwk3ZKzH"
2020-11-22 17:31:48+00:00,giuseppetp55,1330564654226165762,"Leggo che c’è gente che solleva dubbi sul vaccino del #Covid19 cioè se farlo oppure no,se è così non vedo problemi,vuol dire che lo faranno per”primi”quelli convinti che serve a salvare la vita,gli altri,quando vorranno,se ci”saranno ancora”lo faranno.Prima gli”itagliani”svegli."
2020-11-22 17:51:40+00:00,npreiti,1330569652360146944,"La scelta dell’ #AltoAdige,tamponi di massa per cercare ed isolare positivi, è ottima strategia per abbattere la curva. ( ➖contagi ➡️ ➖ricoveri ➡️ ➖morti ➡️ rid. misure cont.)
In 72 ore ecco i risultati.
Cercare i positivi ed isolarli, invece di ‘diluirli ‘ nel tempo. #COVID19 https://t.co/HU5HE3q7yF"
2020-11-22 17:56:12+00:00,SKYNET_71,1330570794116780035,"È uno SCHERZO, vero? Perché se NO, vuol dire che la ""SECONDA ONDATA"" del Covid-19 NON AVRÀ FINE! 
Mi sa che #Conte non abbia voglia che DIMINUISCA il CONTEGGIO, ma al CONTRARIO! Se per UNA VOLTA la gente si farà LE FESTE a CASA PROPRIA, NON MORIRÀ... Ma se si BECCHERA' il VIRUS? https://t.co/xZjRwN8dLL"
2020-11-22 18:07:36+00:00,animaleuropeRMP,1330573660772556802,So io cosa farei ai negazionisti
2020-11-22 18:09:34+00:00,gzileni,1330574157709537280,"Più di 36 mila persone vogliono tutti i dati comunicati dalle Regioni al Governo per monitorare e classificare il rischio epidemico, in formato aperto, ben descritti e machine readable @Palazzo_Chigi @GiuseppeConteIT https://t.co/FbRQEIYHoa #datibenecomune #coronavirus https://t.co/QE8fM8Rpmb"
2020-11-22 18:11:07+00:00,GraRulli,1330574548429844481,Comunque io ricordo bene nel precovid le persone sempre a chiamare per organizzare pranzi e cene. Ora non si fanno sentire non dico con una telefonata ma nemmeno con un messaggio. Non mi sembra che ol #COVID19 si trasmette attraverso il cellulare 🤔
2020-11-22 18:34:32+00:00,novedafirenze,1330580440936304640,"Coronavirus: 1.929 i nuovi casi, ma sono 51 i nuovi decessi https://t.co/KmmKQmLbzh"
2020-11-22 18:35:19+00:00,rterzaghi13,1330580636554366978,La #sanità della #lombardia non riesce nemmeno a proteggere i suoi #medici e tutto il personale che lavora negli #ospedali 😖😖😖
2020-11-22 18:36:13+00:00,gmt71_01,1330580864594563074,Una analisi lucida e serena sul #COVID19italia da leggere
2020-11-22 18:36:57+00:00,NathanDelMare,1330581047956951043,Ma sul serio? 😱 #coronavirus https://t.co/Ksp9iCegxC
2020-11-22 18:38:05+00:00,novedafirenze,1330581334931206146,Crisi da Coronavirus: € 800.000 di sovvenzioni straordinarie per le aziende floricole https://t.co/tSMvKXInxB
2020-11-22 18:59:16+00:00,c_dorsi,1330586664037650432,"#Video shock
anti-#Covid19
Istituto cinematografico
delle #Canarie
Campagna contro il #coronavirus rivolta hai #giovani e anche hai #menogiovani

#Campania #Cilento #COVID19italia @Reg_Campania @VincenzoDeLuca @matteorenzi @MinisteroSalute @robersperanza 
https://t.co/lYz114hAIi"
2020-11-22 19:01:57+00:00,MattiaCristofa2,1330587340906110979,"@DiSantita “Quando vedete il Coronavirus sappiate che la terra non è la nostra casa”
#SundayGrandWord"
2020-11-22 19:02:55+00:00,osvambro,1330587584364482560,"Di tutti i disastri portati dalla pandemia una cosa buona il Covid-19 l’ha fatta, ci ha impedito di andare allo stadio a vedere dal vivo questo strazio del Genoa.. in panchina non abbiamo un allenatore ma una statua di sale... @DavideNicolaOff salvaci tu... #forza Genoa!"
2020-11-22 19:09:15+00:00,alessandrarito,1330589178111946759,"Belle le nostre ombre distanziate e slanciate, anche loro hanno bisogno di vedersi da vicino #coppia #partner #COVID19 #DistanciamientoSocial #insieme #Lockdown2 #shadow #walk #lovers https://t.co/xzUOUbAhvZ"
2020-11-22 19:16:43+00:00,unpotoscano,1330591056442880002,"Fazio a Giannini: “Sono disposto anche a berlo, il #vaccino”. Pure io, alla faccia dei negazionisti #CTCF #COVID19"
2020-11-22 19:16:51+00:00,WalMusic79,1330591089019981825,"Coronavirus Emilia-Romagna: il virus picchia duro, nell'imolese morto un 45enne https://t.co/lXOgbV00dm e vogliono far tornare l’Emilia Romagna in zona gialla. Ma stanno fuori! Oggi quasi 700 casi a Bologna. Non sono per niente d’accordo di tornare in zona gialla"
2020-11-22 19:27:45+00:00,DarioCavalli1,1330593833004969986,"Un mix di xenofobia, fale news, razzismo e bufale, non a caso è il #partito più votato dagli italiani.
@AUniversale
#bastasuffragiouniversale
#COVID19 #China #coronavirus"
2020-11-22 19:30:22+00:00,pinaceleste1,1330594491519143939,Fai bene  a diffondere  queste morti che per molti  non esistono perché la causa non è  il virus
2020-11-22 19:36:58+00:00,notiziando_news,1330596150156664837,#coronavirus: il bollettino e i dati di oggi 22 Novembre 2020 https://t.co/jfSsSdwmfD
2020-11-22 19:40:24+00:00,Pippo7up,1330597017140256771,"Il comunismo nella sua massima espressione.
Rispetto le regole per me e soprattutto per gli altri, ma non mi piego a lavaggi di testa.
Facile parlare per chi non ha problema arrivare a fine mese.
Quel “consumismo” dà da vivere a milioni di persone. Capra. #coronavirus #COVID19"
2020-11-22 19:46:00+00:00,Pippo7up,1330598424908075008,Chiedo a @Twitter di bloccare messaggi del genere. Perché è indecente una cosa simile.
2020-11-22 19:46:57+00:00,unpotoscano,1330598665191354368,"Speranza: “Non dobbiamo assolutamente abbassare la guardia”. Sottoscrivo, anche in vista di un Natale che sarò costretto a trascorrere da solo... ma è un sacrificio che sono disposto a fare pur di uscire presto da questo incubo #COVID19 #CTCF"
2020-11-22 19:52:34+00:00,unpotoscano,1330600077912657924,“Grazie ai vaccini sono state salvate milioni di vite”. Mi chiedo perché ce ne dimentichiamo sempre più spesso #Speranza #COVID19 #CTCF
2020-11-22 19:57:21+00:00,MilenaLazzaroni,1330601280260239360,"A #Vecchiano, l'amministrazione comunale ha deciso di devolvere i soldi destinati alle luminarie di #Natale per dei buoni per le famiglie indigenti da spendere nei negozi del comune. 

La magia del Natale quest’anno ci farà (ri)scoprire il vero spirito natalizio? 

#covid19 https://t.co/lhWs2KNwzz"
2020-11-22 20:05:13+00:00,npreiti,1330603260542070784,Infatti. Un ottima strategia. #altoadige #COVID19. Da imitare in #umbria
2020-11-22 20:12:56+00:00,francoinzirillo,1330605204425887747,#Capaci #23novembre2020 terza domenica di #zonaarancione per la #Sicilia ..... #arancione dunque e con pioggia ma tutto ciò presto finirà e l'azzurro del cielo e il blu del torneranno quelli di sempre. #Sicily #COVID19 #COVIDー19 #coronavirus (#lungomare di #Isoladellefemmine) https://t.co/ewwWSSSA9T
2020-11-22 20:18:29+00:00,JackGrifo,1330606599854022657,#CTCF ditemi quello che volete ma per me @RobertoBurioni è il top! Sempre preciso e semplice soprattutto!!! @chetempochefa @RaiTre #burioni #COVID19 #italia #vaccino
2020-11-22 20:24:25+00:00,aldomodo,1330608094477512709,"Questa settimana, da lunedì a oggi, sono morte 4.594 persone a causa del coronavirus.

Davanti a questi numeri il dibattito di questa settimana sul Cenone di Natale mi pare veramente surreale e fuori luogo.

Io la penso così.

#coronavirusitaly #COVID19italia https://t.co/KKIY7873LG"
2020-11-22 20:29:17+00:00,pietrocristof12,1330609315758166017,@DiSantita #SundayGrandWord “Quando vedete il Coronavirus sappiate che la terra non è la nostra casa”
2020-11-22 20:29:51+00:00,Fabio_DAmico50,1330609462151962626,@thequeenthree @RFeragalli @danieledv79 Per farli stare in servizio in reparti covid-19 vuole dargli una pacca sulla spalla e via?
2020-11-22 20:37:09+00:00,eugeniogaltieri,1330611296300044289,Per dimenticare il #COVID19  nulla di meglio  di un film con  Jean Gabin e il commissario Maigret
2020-11-22 20:37:34+00:00,MaurizioIlBrig1,1330611404123103233,"Però in compenso hanno scelto #Boldi come testimonial, #poverinoi in che mani siamo, questo #COVID19 ha fatto scoprire tutte le menzogne della sanità gestita dalle regioni @RegLombardia https://t.co/TkVMGXd0RG"
2020-11-22 20:39:41+00:00,Egalit6,1330611932903206915,"@nonelarena @piersileri @demagistris @ACecchiPaone @robersperanza Su #COVID19 servono i dati, #datiBeneComune❗️@distefanovalori @VitoGulli @DD_Forum @retailwatch_it @g_caprotti @AlbertoBagnai @borghi_claudio @Lantidiplomatic @OttobreInfo @giuseppe_masala https://t.co/UsxgIU9Urt"
2020-11-22 20:45:33+00:00,felice_davino,1330613410774601741,#BuonaDomenica #NotturniDiCitta #Roma passeggiare in questo periodo! #COVID19 #Pfizer #vaccinoCovid #Coronavirusitalia #22Noviembre https://t.co/cpfqHggDX2
2020-11-22 21:09:32+00:00,snsamba,1330619448676462592,@LiveNoneladUrso Al giornalista con gli occhiali che urla a vanvera non è L Africa chiudi la fogna di bocca che lAfrica est messa bene con il COVID-19
2020-11-22 21:12:27+00:00,acirne,1330620181480140807,"#COVID19 a New York ci sono ancora 650 cadaveri nei camion frigo da aprile. O persone di cui non si trova la famiglia o con famiglie che non possono permettersi la sepoltura..
https://t.co/P8JgoS58v7"
2020-11-22 21:17:49+00:00,AntennaGambero,1330621533480431617,"Prima ho elogiato @chetempochefa per le puntuali info sul #COVID19. Non mi sarei però aspettato l'incoerente invito d'un personaggio che di recente ha fatto vanto di aver infranto il lockdown, oltretutto da Covid positivo. 😠
Spiace dirlo, ma puzza di marchetta.
#Bocelli #CTCF https://t.co/sagdV99SmF"
2020-11-22 21:22:38+00:00,niccobiancalani,1330622744770338817,Ma noi abbiamo Arcuri....
2020-11-22 21:30:37+00:00,cagnuol,1330624752684294148,@MediasetTgcom24 #COVID19 #innunitàdiggregge siamo pecore!!! Chiarooooo???
2020-11-22 21:44:07+00:00,AmicoFilosofo,1330628149483352065,Ed infondo se ci pensi alla fine fin dalla nascita abbiamo una condanna a morte... Quello che ti resta da fare è cercare di controllare al meglio quello che si frappone tra te e questa condanna. #coronavirus #pensiero #LifeGoesOn
2020-11-22 21:59:49+00:00,WalMusic79,1330632102602297345,Chissà se gli italiani lo capiscono questo! Non penso! Credono che al Ristorante non si corra nessun rischio come al bar o in palestra
2020-11-22 22:00:35+00:00,TarabellAlberto,1330632293988376576,La commissione EU lo procura agli italiani
2020-11-22 23:45:33+00:00,AFoccardi,1330658707819139074,Credevo che mai in Italia sarebbe potuto accadere.Delinquenti!
2020-11-23 00:03:17+00:00,figorillipietro,1330663171305123840,"Esattamente, criminali che devono essere portati in Giudizio 🇮🇹"
2020-11-23 01:59:35+00:00,liscidini,1330692440471252993,Fate girare
2020-11-23 02:13:00+00:00,djmisterpiu,1330695814717595651,"Già l'ho detto all'avvocato devi dire agli igenisti mentali che vengono quando finisce tutto di sto cazzo di covid19,sul ring MMA a parla!!ci schiaffo 5 cazzotti li rendo come Gigi e andrea."
2020-11-23 02:13:49+00:00,djmisterpiu,1330696022486634498,"Già l'ho detto all'avvocato devi dire agli igenisti mentali che vengono quando finisce tutto di sto cazzo di covid19,sul ring MMA a parla!!ci schiaffo 5 cazzotti li rendo come Gigi e andrea. https://t.co/GlAe6d7cAh"
