Date,User,Tweet_id,Tweet
2020-11-15 05:06:08+00:00,renatokakkoi,1327840285200703489,"Si sapeva, conferma che è un Bastardo, figlio di puttana, Trump-  https://t.co/8EKVRre47n via @GoogleNews"
2020-11-15 05:07:18+00:00,renatokakkoi,1327840577757589508,Se le cercata peggio per lui. CORONAVIRUS: GERRY SCOTTI positivo al COVID-19. Ecco come sta il FAMOSO conduttore TELEVISIVO - https://t.co/eH1QxqMajk https://t.co/NgDmJl1kwx via @GoogleNews
2020-11-15 05:08:40+00:00,renatokakkoi,1327840922978152450,CORONAVIRUS: GERRY SCOTTI positivo al COVID-19. Ecco come sta il FAMOSO conduttore TELEVISIVO - https://t.co/eH1QxqMajk https://t.co/NgDmJl1kwx via @GoogleNews
2020-11-15 05:36:18+00:00,antoniomercurio,1327847874252640257,"@GiuseppeConteIT @robersperanza @AzzolinaLucia @repubblica @ilgiornale @tempoweb Non solo non condividete i dati ma sospendere anche la rilevazione epidemiologica sulle scuole.... Quello che state commettendo è un crimine, un crimine contro i bambini, VERGOGNA!"
2020-11-15 05:51:38+00:00,bolofficial0377,1327851734899810305,"Ah
https://t.co/O6CzKNGkYc: Prato, cinesi immuni al coronavirus? Ecco cosa succede a Wuhan, il video di propaganda: città ""Covid-free"", sospetti sul vaccino segreto.
https://t.co/3GHXzYfyGf"
2020-11-15 06:00:07+00:00,FlipRuth,1327853868030554118,Attenzione a non trasportare in macchina una persona non convivente senza mascherina si rischia una multa salata...😱😭😷
2020-11-15 06:48:06+00:00,oss_romano,1327865947089203201,"#15novembre Il diritto all’acqua al tempo del #COVID19 ￼
Dopo l’appello di #PapaFrancesco che ha rilanciato la necessità di garantirne l’accesso a tutti (T. Vinciguerra @VaticanIHD )

https://t.co/lUF0wSegPs"
2020-11-15 06:51:29+00:00,mariomaffei73,1327866795370442752,"@vaccinarsinpugl
Ho intervistato una portavoce della multinazionale USA:
https://t.co/H03csDGSOD
#vaccino #Pfizervaccine #Pfizer #vaccinoCovid #COVID19"
2020-11-15 07:03:54+00:00,ManueleCorradi,1327869922857377793,Stupenda
2020-11-15 07:11:59+00:00,LinaVadal,1327871954448232449,Un assessore intelligente sicuramente voleva che il Qatar avrebbe costruito e attrezzato l’ospedale è lui sarebbe stato a guardare Uomo di poco intelletto pagato per riscaldare la sedia sarebbe da cacciare in calci in culo e mettere una persona con le palle
2020-11-15 07:12:55+00:00,mariomaffei73,1327872190377840641,"@MadameA02 Mia intervista a una portavoce della multinazionale USA:
https://t.co/H03csDGSOD
#vaccino #Pfizervaccine #Pfizer #vaccinoCovid #COVID19"
2020-11-15 07:13:09+00:00,mariomaffei73,1327872246971576320,"@eadaimon Mia intervista a una portavoce della multinazionale USA:
https://t.co/H03csDGSOD
#vaccino #Pfizervaccine #Pfizer #vaccinoCovid #COVID19"
2020-11-15 07:13:21+00:00,mariomaffei73,1327872297269682176,"@AxiaFel Mia intervista a una portavoce della multinazionale USA:
https://t.co/H03csDGSOD
#vaccino #Pfizervaccine #Pfizer #vaccinoCovid #COVID19"
2020-11-15 07:14:19+00:00,mariomaffei73,1327872542028288008,"@Fabiobruno_bg @AxiaFel @LucaLagana Mia intervista a una portavoce della multinazionale USA:
https://t.co/H03csDGSOD
#vaccino #Pfizervaccine #Pfizer #vaccinoCovid #COVID19"
2020-11-15 07:14:48+00:00,mariomaffei73,1327872662274707456,"@Sirio60784903 @AxiaFel Mia intervista a una portavoce della multinazionale USA:
https://t.co/H03csDGSOD
#vaccino #Pfizervaccine #Pfizer #vaccinoCovid #COVID19"
2020-11-15 07:14:57+00:00,mariomaffei73,1327872703257337856,"@raitiluca13 @AxiaFel Mia intervista a una portavoce della multinazionale USA:
https://t.co/H03csDGSOD
#vaccino #Pfizervaccine #Pfizer #vaccinoCovid #COVID19"
2020-11-15 07:15:47+00:00,mariomaffei73,1327872911022108672,"@MinisteroSalute Mia intervista a una portavoce della multinazionale USA:
https://t.co/H03csDGSOD
#vaccino #Pfizervaccine #Pfizer #vaccinoCovid #COVID19"
2020-11-15 07:15:49+00:00,LinaVadal,1327872918756470784,Brava la preside si deve fare così per evitare altri contagi ancora non lo hanno capito che bisogna tamponare tutta la popolazione I soldi li devo spendere per i tamponi Io dico basta Tamponi a tutti noi
2020-11-15 07:15:59+00:00,mariomaffei73,1327872960867217408,"@istsupsan Mia intervista a una portavoce della multinazionale USA:
https://t.co/H03csDGSOD
#vaccino #Pfizervaccine #Pfizer #vaccinoCovid #COVID19"
2020-11-15 07:16:12+00:00,mariomaffei73,1327873016152399873,"@GIMBE Mia intervista a una portavoce della multinazionale USA:
https://t.co/H03csDGSOD
#vaccino #Pfizervaccine #Pfizer #vaccinoCovid #COVID19"
2020-11-15 07:16:26+00:00,mariomaffei73,1327873076227420160,"@Aifa_ufficiale Mia intervista a una portavoce della multinazionale USA:
https://t.co/H03csDGSOD
#vaccino #Pfizervaccine #Pfizer #vaccinoCovid #COVID19"
2020-11-15 07:16:26+00:00,thewaterflea,1327873076940464128,Aveva ragione @VitoGulli. Questo lo dimostra.
2020-11-15 07:16:39+00:00,mariomaffei73,1327873130547851266,"@AboutPharmaHPS Mia intervista a una portavoce della multinazionale USA:
https://t.co/H03csDGSOD
#vaccino #Pfizervaccine #Pfizer #vaccinoCovid #COVID19"
2020-11-15 07:16:58+00:00,mariomaffei73,1327873209740496896,"@Agenas_Salute Mia intervista a una portavoce della multinazionale USA:
https://t.co/H03csDGSOD
#vaccino #Pfizervaccine #Pfizer #vaccinoCovid #COVID19"
2020-11-15 07:17:17+00:00,mariomaffei73,1327873290145308672,"@Medici_Manager Mia intervista a una portavoce della multinazionale USA:
https://t.co/H03csDGSOD
#vaccino #Pfizervaccine #Pfizer #vaccinoCovid #COVID19"
2020-11-15 07:17:30+00:00,mariomaffei73,1327873344960684032,"@fimmgnotizie Mia intervista a una portavoce della multinazionale USA:
https://t.co/H03csDGSOD
#vaccino #Pfizervaccine #Pfizer #vaccinoCovid #COVID19"
2020-11-15 07:18:49+00:00,mariomaffei73,1327873676449083392,"@riktroiani Mia intervista a una portavoce della multinazionale USA:
https://t.co/H03csDGSOD
#vaccino #Pfizervaccine #Pfizer #vaccinoCovid #COVID19"
2020-11-15 07:19:18+00:00,mariomaffei73,1327873798251700224,"@MedicalFactsIT Mia intervista a una portavoce della multinazionale USA:
https://t.co/H03csDGSOD
#vaccino #Pfizervaccine #Pfizer #vaccinoCovid #COVID19"
2020-11-15 07:20:08+00:00,mariomaffei73,1327874005538394112,"@G_Provenzale @beppesevergnini Mia intervista a una portavoce della multinazionale USA:
https://t.co/H03csDGSOD
#vaccino #Pfizervaccine #Pfizer #vaccinoCovid #COVID19"
2020-11-15 07:20:43+00:00,mariomaffei73,1327874151907008514,"@tal_Marco @federicofubini Mia intervista a una portavoce della multinazionale USA:
https://t.co/H03csDGSOD
#vaccino #Pfizervaccine #Pfizer #vaccinoCovid #COVID19"
2020-11-15 07:21:22+00:00,mariomaffei73,1327874318416666625,"@NicolaPorro Mia intervista a una portavoce della multinazionale USA:
https://t.co/H03csDGSOD
#vaccino #Pfizervaccine #Pfizer #vaccinoCovid #COVID19"
2020-11-15 07:22:05+00:00,mariomaffei73,1327874496678801408,"@myrtamerlino Mia intervista a una portavoce della multinazionale USA:
https://t.co/H03csDGSOD
#vaccino #Pfizervaccine #Pfizer #vaccinoCovid #COVID19"
2020-11-15 07:24:44+00:00,marielSiviglia,1327875165716422656,"Covid19 esiste, è un virus politicizzato e idealizzato dal braccio armato della dittatura comunista cinese: come strumento di repressione a immagine e somiglianza di Xi Jinping.  La Cina ha interferito nelle elezioni Usa. Chi nega la evidenza è un fottuto negazionista. https://t.co/EOoFDtWrP5"
2020-11-15 07:32:16+00:00,boquito67,1327877061847953410,"Secondo me il vaccino #Pfizervaccine #Pfizer sta sul cazzo ai soloni nostrani (@WRicciardi, @RobertoBurioni @MassimoGalli51, ecc.) perché  @AlbertBourla è  un veterinario. Ed è  pure straricco! per non parlare di @ilariacapua @ANMVI_Ufficiale #COVID19 #COVID #COVID19italia"
2020-11-15 07:38:34+00:00,mdipatrizi5,1327878644526706688,"@marcoferrettix @pierpi13 Ma cosa ha da ridere quando da Ottobre ad oggi ci sono state 8000 vittime per covid19,anche grazie a lui ? Ha indossato la mascherina per fare piacere a Trump e Bannon ed oggi ride contento e giubilante senza, davanti alla rappresentazione della nascita di Cristo !"
2020-11-15 07:39:23+00:00,marielSiviglia,1327878850362155008,"La narrazione da parte dei terroristi della informazione pubblica: covid19 = peste. 
Ciò detto:  te📺 Pechino Italia fabbrica di FakeNewscovid19, terrore, rigorosamente spenta. Idem principali quotidiani controllati da spacciatori di mascherine inutili e dannose alla salute. https://t.co/y7CYFITNgf"
2020-11-15 07:43:46+00:00,marielSiviglia,1327879955544477697,"I paesi europei sono stati pagati a peso d'oro  dalla organizzazione mondiale della salute, per dichiarare una emergenza sanitaria a immagine e somiglianza di Xi Jinping. Nel mondo si muore solo per covid19? Buffoni. Delinquenti maledetti. 
Sono peggio dei terroristi isis."
2020-11-15 07:55:45+00:00,AnnaNigra,1327882969953013762,"In Germania, un video per “sopportare” le restrizioni causate dal Coronavirus. https://t.co/VUudIkqU7K"
2020-11-15 08:03:29+00:00,castorofotonico,1327884916588220416,Nel tempo del #coronavirus la piramide di Maslow è la torre di Babele della moderna civiltà occidentale borghese.
2020-11-15 08:11:19+00:00,Luigi_Zotta,1327886888246669313,"No, così non va! Non facciamo il gioco del virus. Battiamolo con le armi che conosciamo. Mascherina, distanziamento sociale, responsabilità. #COVID19 https://t.co/uhiu217i1C"
2020-11-15 08:13:37+00:00,stagliacollo,1327887465236066305,"Allora la racconto anch'io, ho preso il covid,un paio di giorni a 37,2°,poi più nulla,sono casa da 15gg e ogni giorno contatto Asl per fare tampone e rientrare al lavoro,niente non riesco a farmelo fare,MALEDETTI. 
Dimenticavo parlo della buona sanità dell'ER. GOVERNO DI MERDA."
2020-11-15 08:14:48+00:00,LMoscogiuri,1327887763321053185,Chissà cosa pensano di avere! Poveracci.
2020-11-15 08:20:51+00:00,frabri782012,1327889288265150469,Che ingiustizia.
2020-11-15 08:21:02+00:00,ADM93_,1327889330736668673,"Coronavirus, il vaccino potrebbe non essere il proiettile d’argento e la lotta sarà ancora lunga @sole24ore https://t.co/92rq2ySOIk"
2020-11-15 08:25:01+00:00,Enzomj,1327890334316105728,E che mi sono veramente rotto il cazzo #COVID19
2020-11-15 08:27:39+00:00,Trimani1977,1327890999612497920,"Mi sa che devo diminuire la quantità di ☕...buongiorno e domenica a tutti! 🙋‍♂️😂

#BuonaDomenica #BuongiornoATutti #colazione #breakfast #Piemonte #zonarossa #lockdown #coronavirus #coffeebreak #COVID19 https://t.co/uUr6tZ9Dso"
2020-11-15 08:28:28+00:00,giusepppe961,1327891202402816000,In che mani siamo 😪😪😪
2020-11-15 08:33:20+00:00,Lifurbi,1327892427647094786,"""Assistiamo adesso alla diffusione non della patologia del Coronavirus ma alla resistenza anticorpale per la stessa malattia. La situazione è molto diversa rispetto a marzo. Da noi l’emergenza è finita e quella che stiamo vivendo è la fase della cosiddetta immunità di gregge"""
2020-11-15 08:52:21+00:00,lacuocagalante,1327897213733920768,"🔴 #Napoli ieri ha festeggiato la #zonarossa come se fosse #capodanno. Migliaia di persone ovunque in strada, nei bar e nei negozi https://t.co/wxFbzPqt8m ecco perché non ne usciremo dal #COVID19 ⬇️⬇️ https://t.co/jwnhepbDz2"
2020-11-15 08:55:03+00:00,megasabgio,1327897894616133632,"Siamo senza speranza, il periodo più buio e cupo dopo il Primo Medioevo."
2020-11-15 08:56:56+00:00,Paolo_degli,1327898366932606976,"Proviamo a pensare al futuro (visto che in estate non siamo stati bravi a farlo 😣 ....
Oggi alcuni spunti interessanti del prof. #Romagnani su @corrierefirenze 
#COVID19 #vaccinoCovid 
#StayTuned https://t.co/5ssPdcCu2n"
2020-11-15 09:02:50+00:00,sister_magister,1327899851951116289,"Quest'anno l'albero lo decoro così. 
#natale
#COVID19 https://t.co/6TbzMg0tA6"
2020-11-15 09:05:12+00:00,Odisseo2010,1327900447387119616,"Bella, emozionante, tra dichiarata serietà della situazione e splendida autoironia che, ""alleggerendo"" il pensiero, suscita l'emozione alla base del buon senso... Uno spostamento di framework decisamente ben realizzato! #COVID19"
2020-11-15 09:05:53+00:00,iscoferrara,1327900617940103168,"""Per non dimenticare""
📆 Oggi 15 novembre 2020
📍 Ferrara, corso Martiri della Libertà
🕘 10:30-18:30
😷 Nel rispetto dei protocolli di prevenzione #covid19
#ferrara #November #mostra #storia #memoria #eccidio https://t.co/ABOYCSSfAX"
2020-11-15 09:10:25+00:00,AFoccardi,1327901758908227584,Com’è finita con le due imbarcazioni che hanno rifiutato di trasbordare sulle ONG per non essere messi in quarantena e poter tranquillamente andare in giro per l’Italia?
2020-11-15 09:18:54+00:00,Max_Alle,1327903896086466560,Basterebbe staccare il casco...riusciremmo pure a risparmiare
2020-11-15 09:19:52+00:00,DanielaViola1,1327904137149865984,Adesso ti seguo anche io. 😊
2020-11-15 09:24:12+00:00,animaleuropeRMP,1327905228012855296,"Assurdo.Che un docente scriva a una studentessa ‘io non auguro a nessuno di morire di covid ma di cancro si’. Se un professore ai miei tempi mi avesse risposto così, non doveva nemmeno andarci mio padre a lamentarsi che non lo trovavano manco i parenti. Ma siamo diventati pazzi?"
2020-11-15 09:26:38+00:00,lucamaterazzi,1327905841681403904,"«A casa di Luca by night», le ricette online ai tempi del coronavirus https://t.co/OzX8yTLgus"
2020-11-15 09:27:38+00:00,GBGuerri,1327906093738176513,Il #coprifuoco del 12 novembre 1943. Un po’ peggio del #COVID19 https://t.co/wQB9UiMW4i
2020-11-15 09:30:56+00:00,agodandaniela,1327906925141499905,Il colmo dei colmi
2020-11-15 09:31:54+00:00,GiacomoRisitano,1327907166221692930,L’importante è vergognarsi.
2020-11-15 09:37:48+00:00,MarcoBellinazzo,1327908650057420802,"In questi giorni tre anni fa, dopo Italia-Svezia, nasceva l'idea di scrivere #lafinedelcalcioitaliano
Il grande torto di club e istituzioni è stato quello di essersi ritrovati in balia della tempesta Covid-19 avendo fatto poco o nulla (salvo rari casi) per cambiare quell'andazzo"
2020-11-15 09:42:40+00:00,EnricoColtri1,1327909874131406848,"Presidente @GiuseppeConteIT, nel prossimo #DPCM lo mettiamo un comma piccolo piccolo che vieti di curare chi non crede al #COVID19?"
2020-11-15 09:46:34+00:00,agodandaniela,1327910856605245440,"Nessuno si salva da solo  - Per vincere contro il Covid-19, il diritto alle cure deve essere per tutti. Firma l'appello! https://t.co/bwHOvfDSh5"
2020-11-15 09:51:26+00:00,francescocipe,1327912083120402433,"#covid19
La Giornalaia, come sempre stronza, verso la fine fa polemica, velata, su #Bassetti
https://t.co/GSjLszqoiw"
2020-11-15 09:54:14+00:00,romanabern2,1327912785183903745,Discutere sulle magnate delle Feste è uno schiaffo in faccia agli operatori sanitari #Dpcm #coronavirus #Natale2020
2020-11-15 09:55:34+00:00,lowresoOk,1327913120887689216,"Oltre ai trentacinque euro, i telefonini e lo smalto per le unghie, anche le crociere gratis https://t.co/KYJLKdM2BW"
2020-11-15 10:00:14+00:00,ildottormea,1327914296840515586,"Il piano di vaccinazione per #coronavirus necessita di un' organizzazione capillare, non corrotta, efficiente, con le giuste competenze al posto giusto. Anche la carenza di siringhe diventerebbe problema, e già vedo a febbraio i titoli sui quotidiani che si poteva fare meglio"
2020-11-15 10:01:33+00:00,NelsonCorallo,1327914626294673410,"Anche #MiriamLeone si fa i selfie per controllare di essere ancora bella.
.
@MiriamLeoneFc #selfie #15novembre #stayathome #Lockdown2 #COVID19"
2020-11-15 10:04:25+00:00,francescocipe,1327915351439454208,"@marcotelecono Tutti i tamponi rilevano, se c'è, un virus che è generico in quanto si va dal semplice raffreddore al covid19, che ad oggi nn è rilevabile !!!"
2020-11-15 10:05:20+00:00,francescocipe,1327915582054944770,"Tutti i tamponi rilevano, se c'è, un virus che è generico in quanto si va dal semplice raffreddore al covid19, che ad oggi nn è rilevabile !!!"
2020-11-15 10:08:48+00:00,Caterin56073668,1327916454566645760,"@il_piccolo Facendo così ci ammaliamo tutti se non di covid di depressione. Capire in primis che noi contratti a chiamata non siamo tutelati, ma siamo i primi a rischiare nei negozi. Ora riaprili? Mamma mia per cosa? Se il coronavirus esiste: chiudano i week ends."
2020-11-15 10:15:45+00:00,marielSiviglia,1327918201062256640,"I tamponi sono illegittimi e inaffidabili 
Il mio messaggio ai covidioti mascherati, complici della dittatura sanitaria modello comunista in corso. 
Tra un tampone e l'altro, svolgano il test hiv.  Un virus più grave del covid19.
Non sfido nessuno a dimostrare il contrario. https://t.co/0ZGOlsXugd"
2020-11-15 10:24:16+00:00,1N0MONACI,1327920344464822272,"@LegaSalvini @FontanaPres, ai tempi del primo loockdown aveva pubblicizzato ai quattro venti l'intenzione della regione Lombardia di fare causa al governo cinese per chiedere i danni causati da #COVID19. Non lo ha ancora fatto? Oppure dalla Cina è arrivata una pernacchia megagalattica?Bacioni"
2020-11-15 10:29:52+00:00,italogrillo1976,1327921752689741824,Oggi su @ivl24_it parlo della battaglia culturale e scientifica di @marcocappato e @ass_coscioni per la diffusione dei dati su #COVID19. Solo con la conoscenza può migliorare #efficienza dello Stato anche in relazione alla cura e prevenzione del #cancro. https://t.co/XzT3evjQTZ
2020-11-15 10:34:50+00:00,dbonele,1327923005608120321,"@FilippoFacci1 Fate fare testamento alla nonna però che se no dopo litigate. 
#Natale2020 #COVID19 #noncenecoviddi #avantitutta #sveglia #noncelodicono"
2020-11-15 10:36:05+00:00,roby800,1327923318603849728,"Grande categoria i #giornalisti 

Ribadiamolo.

#automobile 
#COVID19 

😄😄😄😄😄😄😄 https://t.co/IvzODFM1T4"
2020-11-15 10:36:18+00:00,1N0MONACI,1327923373264019456,@Danilo_Sant65 @NiMartina @aromatouche @ausoloda @RosaNerapsiche @Alessia_ing @LuMan_ @MRembler @Raffaella017 @AhiMaria1 @simo6608 Infatti negli Usa governati dal sovranaro senza mascherina hanno raggiunto la cifra di 250.000 decessi per #COVID19. https://t.co/Lu77eQl5g6
2020-11-15 10:40:54+00:00,PZuntini,1327924530413793280,Adesso è chiaro quali danni fanno i negazionisti? Mi chiedo perché non li rimandino a casa
2020-11-15 10:45:57+00:00,dudditz67,1327925803364085761,"Ieri ho stretto la mano ad un fornitore, oggi mi sento come dopo aver fatto sesso non protetto negli anni ‘80  #COVID19 #HIV #poverinoi"
2020-11-15 10:50:36+00:00,N_Tomassetti,1327926972421378050,"Stando al numero delle chiamate al 118 in Lombardia, che è un proxy debole ma per vari aspetti unbiased, sembra iniziata la fase di discesa della seconda ondata. Lo vedremo meglio nei prossimi giorni, speriamo bene.
#COVID19italia #COVID19 
https://t.co/vTjyGPjIRm https://t.co/AyvxzVKHFr"
2020-11-15 10:51:53+00:00,passo_doppio,1327927296506945542,Il livello culturale del nostro paese è rappresentato in maniera chiara dalle crescenti preoccupazioni degli analfabeti funzionali all’ipotesi di non poter organizzare il #cenone di #Natale. Andate a studiare! #COVID19 #dpcm
2020-11-15 10:58:36+00:00,vansatto10,1327928984877797377,"Ma nooooo.
@3KiB3"
2020-11-15 11:00:23+00:00,baldo_nicola_tn,1327929435203526658,#SuperLega #coronavirus La Lega Pallavolo Serie A ha disposto il rinvio della gara Itas Trentino – Allianz Milano in programma oggi alle 16.00 causa positività al Covid-19 di più di tre atleti della squadra di casa.
2020-11-15 11:02:28+00:00,marielSiviglia,1327929959562833922,"Un cordiale vaffa ***** a chi cavalca la falsa narrazione sui morti di covid19. Idem migranti .
Il rubinetto 💰 dei migranti appartiene al dittatore Erdogan. Glielo permette la Unione europea."
2020-11-15 11:06:30+00:00,senesedoc79,1327930973254787072,Primo giorno di zona rossa 🛑 #Siena #Tristezza #Covid19 @ Via Banchi di Sopra https://t.co/I8YEFIQVPe
2020-11-15 11:15:10+00:00,vologratis,1327933154213187587,"Non c’è serie tv che possa reggere il confronto! 😃

#torneremoaviaggiare #COVID19 #turismo https://t.co/7geEogTk6w"
2020-11-15 11:15:29+00:00,Anto_23_12,1327933235653996544,Un incubo che non ha fine. Forza forza forza.
2020-11-15 11:20:34+00:00,FabioGentile7,1327934514560176130,@Formcarlo1 @Solange33936057 @fattoquotidiano Scusa ma i dati tu li vedi e/o sai leggere? Datti un informata caro
2020-11-15 11:21:28+00:00,PollariDaniele,1327934739425202176,"#COVID19 
«I sondaggi che riportiamo sono l'istantanea di un breve periodo di tempo», si legge sulla ricerca. «In particolare, questa ricerca è stata condotta in un contesto dinamico e mutevole»

Comunque interessante #Focus"
2020-11-15 11:22:55+00:00,vansatto10,1327935103947988992,"Dobbiamo stare a casa. Chiudere parchi, passeggiate, sentieri.
@ProvinciaBZ @ArnoKompatscher
@Comune_Bolzano"
2020-11-15 11:23:28+00:00,IsidoroFerrante,1327935243219857409,Il modello svedese...
2020-11-15 11:34:07+00:00,rosati22,1327937924042776577,Un altro stronzo
2020-11-15 11:37:01+00:00,PollariDaniele,1327938654807986176,"@LaStampa #COVID19 
''Lettura cristiana della cronaca e della storia'' #RadioMaria 🤦‍♂️

@Pontifex_it"
2020-11-15 11:37:05+00:00,DavidAloia,1327938667944546306,"Un vecchio capostazione un giorno, davanti al solito saccente dirigente di RFI solo numeri e statistiche, gli disse : Dottore a lavorare sono capace tutti, è faticare che è per pochi.........."
2020-11-15 11:42:43+00:00,JackGrifo,1327940086541979653,#Genova complimentoni siete un branco con poca #Intelligenza #NoComment #dpcm #liguria #COVID19 bah ... lotta contro i mulini a vento @Urban68Genova @andresalis @CinziaMontelli #domenica #sabato #righi
2020-11-15 11:49:27+00:00,Rosy87234986,1327941783297384450,"Un vaccino che deve essere tenuto a meno 80 gradi,e la cui distribuzione magari verrà affidata all' INFALLIBILE ARCURI,finora ampiamente FALLITO in TUTTO,
NON MI DÀ ALCUNA GARANZIA!
Aspetterò un vaccino di più facile gestione...persino per un Arcuri😰
Povera Italia‼️😱🇮🇹😪"
2020-11-15 11:52:31+00:00,MaxBraz1,1327942554537570304,Muoiono come le mosche anche in Brasile
2020-11-15 11:53:41+00:00,Anto_23_12,1327942846410878976,Il Coronavirus adesso deve vedersela con la cazzutaggine e l’ironia di Andrea Argenta. Forza Andre!💪🏻🍀
2020-11-15 11:56:55+00:00,LauCastelletti,1327943663222190080,"Il #covid19 e le conseguenti restrizioni ci tengono lontani dalla nostra #VittoriaAlata ancora per un po’, intanto @TopolinoIT anticipa il ritorno della #VittoriaAlata numero in edicola mercoledì, noi intanto lo distribuiamo agli alunni delle nostre scuole https://t.co/FzmaTzmfMs"
2020-11-15 11:57:18+00:00,miamarylun,1327943757631791105,"... e nessuno li ha fermati?!?! 
Abbiamo gli untori dentro casa che, dopo il #COVID19 esporteranno pure la #peste! SCHIFOOOOO! 
🤬🤬🤬
#hub #VadoLigure #CinaItaly https://t.co/S2WoqegALo"
2020-11-15 12:01:01+00:00,miamarylun,1327944694618329088,"... l’importante è #zonarossa e #zonaarancione, ma non ci rendiamo conto che stiamo diventando tutti #zonagialla! 🤬🤬🤬"
2020-11-15 12:01:28+00:00,SofiaGinanni,1327944807667408897,"@Iperbole_ questo Tipo di imbecilli, li Farei Curare da  Trump ...  Sui Social : NEGAZIONISTI fa RIMA con  TRUMPISTI ... fanno Propaganda giorno e notte a Scrivere ✍️ che il COVID-19 😷 “ NON Esiste “ che TRUMP ha Vinto, che È Obama che Ha Messo il MURO con il MESSICO  🇲🇽 e Non Trump 💣"
2020-11-15 12:11:15+00:00,AlliataAnna,1327947266930470912,"Avevo proprio bisogno di una sana risata, grazie padre Livio @LaStampa"
2020-11-15 12:17:00+00:00,MTrentini,1327948714674163718,L' eroe della settimana😂😂😂🤣🤣🤣
2020-11-15 12:24:42+00:00,daniba58,1327950653734477825,Il peso di Covid-19 sul cancro: ritardi di 6 mesi negli screening in vari paesi europei https://t.co/MFnglnr76P via @wireditalia
2020-11-15 12:29:09+00:00,Cocco060477,1327951773940789249,"A casa mia, con :
I se,
I ma, 
I forse, 
Il Mondo NON GIRA !
FANCULO !"
2020-11-15 12:36:14+00:00,giuseppetp55,1327953556880633856,"Mentre a #Milano una”negazionista”prende a calci una ambulanza,dicendo fate terrorismo(a Milano),mentre un capotreno chiede ad un’altro”negazionista”di mettere la”mascherina”,denunciati,a #Trapani una brava persona di 52 anni,istruttore di nuoto,perde la vita per #Covid19"
2020-11-15 12:37:14+00:00,mrs_overcookeds,1327953805221257217,"No vabbè, smetto di ridere tra un mese 😂😂😂"
2020-11-15 12:38:25+00:00,BrunacciMatteo,1327954104006610944,Un pelo di femmina tira più di un carro di buoi ✌️
2020-11-15 12:38:32+00:00,AlessandArico,1327954136512524288,"L’emergenza #coronavirus, l’utilizzo del #RecoveryFund, la #Sicilia del futuro e la #Palermo che vorremmo... alcuni degli argomenti trattati oggi nell’intervista a Bar Sicilia. Buona visione e buona domenica
#diventeràbellissima 

https://t.co/0MEiU4AKUN"
2020-11-15 12:42:51+00:00,nuccia20,1327955220614189056,"Padre Livio, stia zitto. Non dica stupidaggini e piuttosto preghi per le migliaia di morti che ci sono stati"
2020-11-15 12:45:54+00:00,gabrieleacciaro,1327955986318045185,"Gentile che si asciuga il sudore andando a prendere il telo dalla panchina di Brindisi è quasi commovente. 
Se non esistesse il #coronavirus. #serieatipo"
2020-11-15 12:49:35+00:00,Sinclai91549135,1327956914580447239,Berlusca si tolga dai piedi
2020-11-15 12:55:19+00:00,luigicaroppo,1327958356464635905,"#COVID19  in 
#Toscana 
Ma #pd e 
#lega
Dove siete? https://t.co/hlADzx0vAT"
2020-11-15 12:57:18+00:00,ilfusebs,1327958858036367361,Quanto sono folkloristici sti et*ro
2020-11-15 13:03:28+00:00,michtrim,1327960408225931264,teste di minchia ne abbiamo?
2020-11-15 13:07:17+00:00,AlexDeCinti,1327961370697019393,Mi date il contatto dello spacciatore di tal padre Livio? No perché in alternativa occorre cambiare dosaggi https://t.co/QdX08Zg5cb via @LaStampa
2020-11-15 13:10:38+00:00,robycatt1,1327962210652598274,Vuoi vedere che l'amante aveva già un altro amante in casa 🤣🤣🤣
2020-11-15 13:15:48+00:00,noemicop,1327963514032545793,"Angela adottaci 🇩🇪❤️

#coronavirus"
2020-11-15 13:16:27+00:00,eugeniogaltieri,1327963674624057344,Comunque prima del Rap il #COVID19 non c'era
2020-11-15 13:20:58+00:00,Monica73774598,1327964811225919489,"Maggia'sta a casa.. 
Mannaggia 🤣🤣🤣🤣"
2020-11-15 13:24:46+00:00,Michele39495533,1327965770438107136,"Se lo dice lei, allora bisogna farlo."
2020-11-15 13:32:03+00:00,thewaterflea,1327967603558584320,Che siano letali.
2020-11-15 13:32:16+00:00,GiulianaTumiat1,1327967655589011456,L'unica persona seria intelligente e sincera cje c'e in sto governo di denosciati ovetnohttps://www.tgcom24.mediaset.it/cronaca/coronavirus-sileri-e-presto-per-dire-se-abbiamo-toccato-il-picco-natale-in-emergenza_25475577-202002a.shtml
2020-11-15 13:32:25+00:00,cesco_78,1327967692641460230,"Certa gente, così, per volere superiore, dovrebbe perdere la voce"
2020-11-15 13:34:07+00:00,DomenicoTa,1327968124075974656,"È surreale pensare che ormai è quasi 1 anno che viviamo con limitazioni, reatrizioni e divieti.

Quindi la vita, prima, era migliore?! #COVID19"
2020-11-15 13:38:40+00:00,AlexDeCinti,1327969266457587712,"@TgLa7 Stime proiettate a fine pandemia. Chiaro. Basta che il vaccino per gli anziani, inutili e improduttivi, non arrivi troppo presto #COVID19"
2020-11-15 13:39:59+00:00,SalvoLaroc90,1327969600462589953,Che fenomeno 🤣🤣🤣
2020-11-15 13:40:05+00:00,Giank1970,1327969625938796546,Politici europei collusi con la Cina 🇨🇳 !!!
2020-11-15 13:41:27+00:00,Lorenzo_Dolce,1327969969167011845,"#COVID19 in #Abruzzo 470 nuovi casi (#LAquila +183, #Chieti +116, #Pescara +95, #Teramo +100, 17 fuori regione). Positivo il 12,71% di 3697 #tamponi. 8 i #morti. 624 #ricoveri (+20), di cui 59 in #terapiaintensiva. Attualmente positivi a 13034."
2020-11-15 13:42:32+00:00,benini_info,1327970240052027397,Lo sapevamo tutti. E anche molto prima di settembre 2019...
2020-11-15 13:43:38+00:00,franvanni,1327970519451316227,"Tipo sveglio, padre Livio
Non gliela si fa

#radiomaria 
#COVID19italia"
2020-11-15 13:45:17+00:00,benini_info,1327970934557466624,Beh.. qualche dubbio viene...
2020-11-15 13:48:29+00:00,richardferry_rf,1327971737200439298,"Il dramma è che si avverte una sensazione di bovino.
Allora, prima i governanti chiedono bon sense, 
ma in assenza di regole, il bovino sostiene che si può fare perchè non c'è la regola che divieti!
Non so se mi sono spiegato.....🧐🤔
#lockdown #coronavirus #COVID19 #satira"
2020-11-15 13:49:10+00:00,francoinzirillo,1327971909087145984,"#Capaci #COVID19 ai sensi #dpcm3novembre #SindacoPietroPuccio ordina  #chiusura #villacomunale e ingresso contingentato #cimiteto. Disposta #sanificazione #anticontggio da #Covid_19 #Coronavirusitalia @rep_palermo @TgrSicilia @RetweetPalermo @AnsaSicilia 

https://t.co/esDpUySflP"
2020-11-15 13:50:02+00:00,LeonardDini,1327972126826049537,Il nuovo ordine mondiale dopo il Covid-19. Parola a Henry Kissinger https://t.co/kWogyLtPGv
2020-11-15 13:50:02+00:00,iamjohnlan,1327972130001182722,Ezio Greggio ci aveva visto lungo
2020-11-15 13:50:28+00:00,lupogdg,1327972236922384385,"Cominciano a trapelare i primi dati.
Il #COVID19 gira da ancora prima. Io ve lo dissi in tempi non sospetti, le polmoniti atipiche nei mesi di settembre/ottobre 2019 decuplicarono."
2020-11-15 13:54:00+00:00,FakeBusters13,1327973126920171522,"#Petrosino: contadino contrae il #COVID19 e il sindaco si occupa del suo gregge di #pecore
Fonte e foto:@fanpage.it 
Approfondisci su:https://t.co/uFzIF5U4R9 
#italia #italy #italian #trapani #sicilia #sicily #sheep #animali #animals #animalplanet #pandemia #News #fakebusters https://t.co/nwETNbgWOu"
2020-11-15 13:55:05+00:00,Divo18Divo,1327973400950820866,Interessante. L’aspirina potrebbe trattare la forma più grave di Covid-19 https://t.co/mzb313hjtB
2020-11-15 13:59:29+00:00,cmqpiena,1327974505315246082,Non ho capito
2020-11-15 13:59:29+00:00,PoePsicologa,1327974507999604737,Di male in peggio🙄
2020-11-15 14:00:51+00:00,andreaponza,1327974850296754180,I tedeschi stanno avanti #COVID19
2020-11-15 14:18:35+00:00,luckyerre,1327979310884343809,"Ma @GiovanniToti aspetti sempre la domenica per sparare cazzate? Rt 1%??? 
Hai studiato con @GiulioGallera, avete fatto un brainstorming quest'estate a Santa Margherita!
Povera #Liguria ..."
2020-11-15 14:19:17+00:00,robydilorenzo,1327979487192109057,"Non sempre ciò che pare bello, realmente lo è."
2020-11-15 14:20:32+00:00,seresweetlove,1327979804960944128,"#review Gel igienizzante per mani senza utilizzo dell' acqua in pochi secondi. #bloggeritalia #praticfamily #salute #seresweetlove #COVID19 #Covid_19 #oggi #blogger 
https://t.co/Nzc8aMMCwg"
2020-11-15 14:22:18+00:00,AntonioParisi00,1327980246654705667,"La scoperta dell'istituto tumori di Milano: ""Il coronavirus in Italia già da settembre 2019"" https://t.co/YcUJcFvhPx via @repubblica"
2020-11-15 14:23:07+00:00,tobiazevi,1327980453345824769,"Ci vediamo alle 19 su Facebook per la prima puntata di ""Tu, a #Roma come stai?"", la nostra trasmissione social per discutere del #COVID19 nella Capitale.

Conduttrice @annalisacanfora, ospite fisso @andcapocci e special guest di oggi @mocassino.

Ci vediamo alle 19, #StayTuned https://t.co/tYBp9GlmLF"
2020-11-15 14:23:54+00:00,CalosiGuido,1327980652239724545,"A regola il nuovo corso zingarettiano ha qualche problema con la parola “progressista”.

Questo non è progressismo, è populismo di sinistra che piace tanto al M5S e pure alla Lega.

(Così come Conte è punto di riferimento non per i progressisti, ma per i populisti di sinistra.)"
2020-11-15 14:27:11+00:00,AntonellaCica,1327981475975802881,ho finito le bestemmie
2020-11-15 14:32:00+00:00,boquito67,1327982688389779459,@Corriere E con questo è  tutto a voi la linea da Marte! #COVID19 #COVID #COVIDIOTS
2020-11-15 14:32:06+00:00,PCBattipaglia,1327982713681408000,"🔴 Da oggi anche la Campania rientra fra le zone rosse della nazione, di seguito il link al sito del Governo con le risposte ad alcune domande sulle nuove restrizioni: 👇🏻

https://t.co/MjxBKPX1rb

#protezionecivile #battipaglia #zonarossa #faq #governo #covid19 https://t.co/nJlAupPOpX"
2020-11-15 14:32:24+00:00,michtrim,1327982790890106884,il suo datore di lavoro si è distratto un attimo
2020-11-15 14:37:58+00:00,francoinzirillo,1327984191817068545,#Capaci gli #amministratori #comunali lanciano un appello di sensibilizzazione per adozione misure di prevenzione e contenimento del #contagio da #Covid_19 il messaggio de #assessore #RitaDiMaggio di #DirezioneCapaci #coronavirussicilia #COVIDー19 #mascherina #Dpcm #COVID19 https://t.co/lW3dVZkoVb
2020-11-15 14:38:03+00:00,quotidianodirg,1327984209818906624,"Coronavirus, Magrini: per i vaccini Covid non serviranno troppi freezer https://t.co/b7F8WtaOaY @quotidianodirg #news #notizie https://t.co/0cPpB54AaH"
2020-11-15 14:44:29+00:00,FiloBoschetti,1327985831580200962,La stampa italiana... #COVID19  #vaccino https://t.co/mLpiMdlMac
2020-11-15 14:47:52+00:00,GreenVanilLaura,1327986683120324613,"@Al3xI98O Secondo questa logica, ho dei sintomi Covid-19 ricorrenti... da 15 anni buoni."
2020-11-15 14:51:33+00:00,quotidianodirg,1327987607884627969,"Coronavirus, Locatelli: si iniziano a vedere effetti misure contro il Covid https://t.co/yG00NYFqIi @quotidianodirg #news #notizie https://t.co/HpBsoc4Cko"
2020-11-15 14:57:45+00:00,freqqles,1327989171470946304,La trama di un qualsiasi cinepanettone
2020-11-15 14:58:06+00:00,paper_doII,1327989258985086976,Madonna di quella
2020-11-15 14:59:53+00:00,BrunacciMatteo,1327989707523952640,"kurz é giovane, non è virologo ma sta dando l’esempio di come si governa e programma con fermezza e prospettiva la lotta al #COVID19"
2020-11-15 15:06:23+00:00,svaroschidiego,1327991343512219648,Inchia...è andata malissimo!!!
2020-11-15 15:12:33+00:00,quotidianodirg,1327992894834163713,"Coronavirus Italia, Di Maio: no a lockdown nazionale se la curva rallenta https://t.co/lwV1Qo5xSi @quotidianodirg #news #notizie https://t.co/ngHNDouy8u"
2020-11-15 15:15:34+00:00,petergomezblog,1327993652635971585,“Il coronavirus circolava in Italia già a settembre 2019”. Lo studio italiano svela la “diffusione sottotraccia per mesi” https://t.co/PRn7LOos7K
2020-11-15 15:16:42+00:00,_mainagioia,1327993937890512901,"La scoperta dell'istituto tumori di Milano: ""Il coronavirus in Italia già da settembre 2019"" https://t.co/dhBfu13LtD via @repubblica"
2020-11-15 15:23:23+00:00,cascone_mario,1327995619995160577,"Il professore di Educazione Fisica di mia sorella, dall' alto delle sue conoscenze di chimica e microbiologia ha inviato a tutti gli alunni questo messaggio, invitando a condividerlo. 

Tralasciando tutte le atrocità scritte ma...
Avocado -&gt; pH 15,6 🤡

#COVID19 https://t.co/Z3ROcRZ6D7"
2020-11-15 15:30:11+00:00,adriespo,1327997329954074625,Salita a Superga dal sentiero 29. Deserta. #trekking  #hiking #lockdown #covid19 @ Parco naturale della Collina di Superga https://t.co/VwxM0tcI0J
2020-11-15 15:30:49+00:00,giosalvu0,1327997492806512641,Veramente.. Sconcertato! «Il coronavirus circolava in Italia già dall'estate del 2019»: la ricerca dell'Istituto dei Tumori di Milano https://t.co/1vOjYWx4kk
2020-11-15 15:33:19+00:00,natale_musungu,1327998120232448002,Ma lasciate in pace P Livio pensate che io grazie al coronavirus e relativi DPCM ho imparato la geografia
2020-11-15 15:33:43+00:00,Frances50534579,1327998218966360071,Io da questo imbecille non mi farei curare neanche un unghia incarnita
2020-11-15 15:38:13+00:00,luigicrespi,1327999353441710082,"Questa volta c’è chi era sicuro che il “Maledetto” mi avesse beccato. Ma a me non mi prederà mai perché colpisce chi ha paura. E a me non fa paura il Covid19 ma talune persone che sembrano umani, Negazionisti ma anche quelli che drammatizzano oltre il limite. https://t.co/aIoe0nlDYI"
2020-11-15 15:43:05+00:00,andfranchini,1328000578874650630,Perché ora è tutto aperto? #Crisanti #NonStaiBene #COVID19 https://t.co/m17nbMugpc
2020-11-15 15:43:57+00:00,stefanocarugo,1328000794352889857,"Ma in Parlamento non dovevano fare una legge a tutela di chi lavora in Ospedale per le cause?
#COVID__19 #COVID19 #siamostufi #Dpcm"
2020-11-15 15:44:10+00:00,PollariDaniele,1328000849084354561,"Concordo. “Una trovata geniale che fa capire come, in realtà, basti davvero poco per sconfiggere il Coronavirus.”

#COVID19"
2020-11-15 15:51:42+00:00,passo_doppio,1328002748131008513,AHAHAHHAH
2020-11-15 15:52:51+00:00,mariomaffei73,1328003035465977858,"Cloro al clero, si diceva..."
2020-11-15 15:59:55+00:00,nicozaga,1328004813590847488,Se è vero è meraviglioso
2020-11-15 16:02:02+00:00,Mariagr52172957,1328005345474646016,La scoperta dell’Istituto Tumori Milano: “Coronavirus in Italia già da settembre 2019”  https://t.co/iCterc6g9Q via @LaStampa
2020-11-15 16:05:00+00:00,CoisasdeJ,1328006092442492934,"Annoiata, a dire poco 🥴
#COVID19 #zonarossa #DomenicaDAutunno #15novembre https://t.co/QaVyplVbXX"
2020-11-15 16:05:04+00:00,GMErriquez,1328006108619870217,"Se poi scrivi romanzi con queste trame, dicono essere irrealistici!"
2020-11-15 16:05:18+00:00,Umberto22402909,1328006169550598146,Mi dispiace moltissimo per Padre Livio
2020-11-15 16:08:32+00:00,Franca32833698,1328006982310260736,"Toscana, Susanna Ceccardi svergogna la Giunta Giani: ""Aumentano le poltrone invece di pensare alle famiglie"" - Il Tempo https://t.co/28uTOHz4Ix"
2020-11-15 16:10:17+00:00,marielSiviglia,1328007423081242624,"Non è un problema mio se la maggior parte degli italiani non sa cosa comporta avere a cuore la propria salute e quella dei propri figli. Sarà uno ""spettacolo"" assistere alla distruzione dei diritti umani fondamentali, alla libertà 🗽, con il pretesto del nuovo "" Dio"" covid19. https://t.co/3nYCrMDbd0"
2020-11-15 16:11:07+00:00,apulderico,1328007632532156416,"Quest'anno, più che mai, c'è tanta voglia e bisogno di arrivare negativi al #COVID19 anche molto dopo il #Natale"
2020-11-15 16:13:37+00:00,VellaniSimona,1328008260411133954,Non si salva l’economia senza salvare la salute. #COVID19
2020-11-15 16:16:26+00:00,andreakampus,1328008972582989824,L'amore senza giustizia sociale non è amore 😍
2020-11-15 16:16:29+00:00,GianelleMauriz7,1328008984960397314,"Stai parlando della merda più grande del mondo
Seguace di Salvini e riciclo soldi mafia fascista"
2020-11-15 16:25:34+00:00,maxfound77,1328011268767289346,"I tedeschi sempre avanti...
La geniale campagna del governo tedesco contro il Covid 19 https://t.co/RTDwjSxpPl via @repubblica"
2020-11-15 16:27:03+00:00,quotidianodirg,1328011640458002433,Coronavirus in provincia di Ragusa: 2.492 positivi e altri 5 morti in 24 ore https://t.co/hCe5lhbEAV @quotidianodirg #news #notizie https://t.co/y5ISLrLQB3
2020-11-15 16:31:09+00:00,RafAuriemma,1328012673821384707,Con la zona rossa qualcosa cambierà
2020-11-15 16:32:20+00:00,Laro_niela,1328012971520520192,"A marzo si urlava dai balconi ""ce la faremo"", ora i medici sono oggetto di insulti da parte dei leoni da tastiera. Ma non diamo la colpa ai social: dietro i profili ci sono persone vere che non solo non rispettano le regole ma attaccano anche chi ci tutela https://t.co/hfUuAmJCz4"
2020-11-15 16:43:35+00:00,FilloFi_,1328015805309726721,Il bel paese racchiuso in un tweet.
2020-11-15 16:44:53+00:00,CBMAN,1328016132293488647,Stamattina sono andato al #cimiteroflaminio (volgarmente detto #primaporta). Era strapieno di persone!! Una cosa mai vista!! Sarà l'effetto della chiusura domenicale dei centro commerciali e affini?? (#ikea etc etc).  #Roma #COVID19
2020-11-15 16:47:38+00:00,MaxBraz1,1328016824445890562,Maledetto covid e i cinesi..🙏🙏
2020-11-15 16:49:17+00:00,GiulianaTumiat1,1328017236074827777,Scanzi gran coglioneAndrea Scanzi smascherato da Fratelli d'Italia. Ecco perché la foto contro Meloni e Salvini è una bufala - Il Tempo https://t.co/MPzGMQYAva
2020-11-15 16:49:20+00:00,andreakampus,1328017249295343619,"Yup, e anche quella cosa delle antenne dev'essere vera"
2020-11-15 16:50:35+00:00,silbarbe66,1328017564140756994,Geniale!!! 👏👏👏Nuova campagna governo tedesco contro il covid-19 https://t.co/sFpfhsGfKG via @YouTube
2020-11-15 16:52:30+00:00,gsantambrogio1,1328018049144852481,"Ci sono in effetti una pletora di interpretazioni locali che disattendono la chiarezza e la univocità di interpretazione. È un po’ caos, purtroppo. Lo farò ..."
2020-11-15 16:56:50+00:00,Amos8125,1328019136367222786,Sempre molti morti (ma sarà ultimo dato a scendere) e rimangono alti i contagi. Benino i ricoveri rimasti sotto i 1000 aggiuntivi (ma è cmq un costante peggiorare) male le TI ritornate ad aumento&gt;100. Speriamo sia solo oggi perché era la speranza più importante.
2020-11-15 17:00:09+00:00,lamortevito,1328019973369974793,"Ogni giorno contiamo centinaia di morti (oggi 546) ma si continua a parlare, in maniera piuttosto stucchevole, del cenone di #Natale. Boh. #COVID19 #coronavirus"
2020-11-15 17:04:16+00:00,khamul2k12,1328021009371451392,"Qui è quando da radio Maria (che ha sede a Erba, ovviamente) passi a radio LSD."
2020-11-15 17:07:25+00:00,alioscia16,1328021799225991170,"Ce ne siamo giocati un altro!!!! Radio Maria, parole choc del direttore padre Livio: “Il coronavirus è un progetto criminale di élites mondiali per eliminare chi non ci sta e ridurci a zombie” https://t.co/9nqZXZDPdd via @LaStampa"
2020-11-15 17:09:22+00:00,Redblack100x100,1328022291905646597,"Penso di essere stato l’unico a fare spesa da solo,  e meno male che bisogna essere uno per nucleo familiare, poi ci si incazza con lo stato se chiude tutto, ma se ognuno fa il cazzo che gli pare...! #zonaarancione #pandemia #COVID19"
2020-11-15 17:11:37+00:00,Michele02828265,1328022856198987781,"Ci mancava anche la stupidaggine di un talebano ignorante e irresponsabile. Intervenga il Papa @Pontifex_it

Radio Maria: ""Il coronavirus è un complotto sotto l'impulso di Satana"" https://t.co/Pb6pLT67xO via @repubblica"
2020-11-15 17:13:37+00:00,mariellapallini,1328023359452569600,"Se fossimo un paese che spreca meno parole,non critica tutto e rispettasse poche regole e chiare, che non si sottomettesse  continuamente all’ ignorante come una scarpa che blatera come se  non avesse un domani, alla gente prepotente che ha sempre qualcosa da dire, forse.."
2020-11-15 17:14:01+00:00,Michele02828265,1328023462259154946,"@RadioMariaITA siete degli irresponsabili oscurantisti. Vergognatevi  !!

Radio Maria: ""Il coronavirus è un complotto sotto l'impulso di Satana"" https://t.co/Pb6pLT67xO via @repubblica"
2020-11-15 17:14:30+00:00,marielSiviglia,1328023584929935360,"No, grazie il vaccino anti influenzale eseguito martedì scorso,basta e avanza. Fatelo voi un vaccino contro un virus che allo stato attuale è innocuo su soggetti con un sistema immunitario nella norma.
Covid19 non è la peste ."
2020-11-15 17:17:23+00:00,InfoNapolitano,1328024308539678720,Grande Fassina.... Ls coerenza alla lunga paga
2020-11-15 17:18:44+00:00,Loretta88197243,1328024648815157250,"Questo la ""maria"" la fuma da mane a sera!😅🤬"
2020-11-15 17:20:00+00:00,marielSiviglia,1328024965942284288,"La sintesi: di covid19 si guarisce, salvo soggetti con un sistema immunitario compromesso,in special modo anziani  con patologie pregresse, di fame e povertà si muore."
2020-11-15 17:22:59+00:00,maurizioacerbo,1328025720560422916,"Bisogna chiudere Radio Maria, strumento di disinformazione integralista e fascista."
2020-11-15 17:24:31+00:00,DavidLouisII,1328026106314842119,Oggi in Piemonte piu' del 26% di tamponi positivi. Profondo rosso. https://t.co/TD6pcO1j6k
2020-11-15 17:25:35+00:00,l_dolci,1328026374385201152,veramente tendenzioso....in realtà sono i VECCHI di oggi che stanno togliendo una tranquilla vecchiaia ai GIOVANI.....
2020-11-15 17:30:17+00:00,CBMAN,1328027557283893249,Cmq cara #atac posso dirti una cosa? È proprio una bastardata obbligare le persone ad uscire di casa in cerca di un #parcometro (la maggior parte dei municipi periferici non ha parcometri!!) in questo periodo di #pandemia. E inoltre molti non funzionano! #vergogna #COVID19 #Roma
2020-11-15 17:31:45+00:00,PivaEdoardo,1328027925514432512,vaffanculooooo
2020-11-15 17:31:57+00:00,topogiallo,1328027976630489088,"@Pontifex_it
dopo 45000 morti, negazionismo e bufale sono intollerabili.
#RadioMaria parole choc del direttore #PadreLivio: “Il coronavirus è un progetto criminale di élites mondiali per eliminare chi non ci sta e ridurci a zombie” https://t.co/fdnyUqi5z2 via @LaStampa"
2020-11-15 17:33:04+00:00,mannitwitt,1328028257204178952,"@RobertoBurioni 
@WRicciardi 
@Rvaticanaitalia 
Animali puri e impuri 
https://t.co/n3hodZGdUW
FAQ da dove vengono i coronavirus ?
https://t.co/6TlSPb3DxA
Oltre al vaccino la cura dal Covid-19 è il rispetto della legge (Levitico11, 46 AT).
#SARS-Cov-2
#Ignoranzaperenne
©🙏❤️🙏🧐"
2020-11-15 17:34:54+00:00,stressff,1328028718439276544,Se lo ha sentito Papa Francesco non dura molto
2020-11-15 17:35:18+00:00,Kekko31P,1328028817617772544,"@noemicristofalo @DiSantita “Quando vedete il Coronavirus sappiate che la terra non è la nostra casa”
#SundayGloriousWord"
2020-11-15 17:35:33+00:00,VenturaEdoardo,1328028880775630848,Sarebbe la strada giusta da imboccare per superare la grave crisi economica che ha travolto gli Stati Europei a causa della pandemia #COVID19
2020-11-15 17:37:16+00:00,marielSiviglia,1328029314588299265,"@terricenum Per forza, con i tamponi della giochi preziosi, diventando positive anche le capre, non ne faccia un dramma, covid19 non è la peste."
2020-11-15 17:40:43+00:00,Luigi74845663,1328030179336314881,"I visoni uccisi x la pelliccia.. Altro che coronavirus merita l uomo
https://t.co/nVhIBGw80d"
2020-11-15 17:42:46+00:00,vascopirri,1328030699186761728,Se lo mandavano al 41 bis gli facevano un favore...
2020-11-15 17:43:26+00:00,castellanzcuore,1328030866266841090,"Decrescita i nuovi contagiati e tamponi. Domani, Lunedì sarà analogo"
2020-11-15 17:47:41+00:00,ciairina,1328031936233795587,Tocca le corde dei giovani tedeschi? O quelle dei 50-60enni figli o nipoti di quelli che 70 anni fa sono stati mandati a rovinare il mondo?
2020-11-15 17:49:35+00:00,carlominoia,1328032412295684097,“Il coronavirus circolava in Italia già a settembre 2019”. Lo studio italiano svela la “diffusione sottotraccia per mesi” https://t.co/7gwmT4bxH6 via @fattoquotidiano
2020-11-15 17:52:54+00:00,LordPist65,1328033247226425345,"Un'iniziativa molto interessante.
#NoColdWar #NoGuerraFredda"
2020-11-15 17:55:32+00:00,antoniopaolo7,1328033911990087681,"CORONAVIRUS: ecco come PROTEGGERSI realmente per evitare il CONTAGIO, le indicazioni del 118 https://t.co/wxARUY8MXa #meteo via @ilmeteoit 🚶🏻‍♀️...🚶🏻🧼🤚🏻😷 + ⛑ #SARSCoV2 🦠"
2020-11-15 17:58:08+00:00,maxroma1959,1328034565038870528,"#libro #letture #vittoriomacchioro #zagreus #studi_intorno_all_orfismo #vallecchieditore
#covid19 #prevenzione #usalamascherina @ Bagnaia, Lazio, Italy https://t.co/CUVZo5TWJZ"
2020-11-15 18:00:39+00:00,stevedire,1328035198022324224,"#Coronavirus Ma quelli che vogliono un Natale ""meno consumista"" hanno una vaga idea della botta terrificante che un ulteriore crollo dei consumi può significare per tante attività economiche già prostrate dai lockdown? Populismo e immobilismo non hanno già fatto abbastanza danni?"
2020-11-15 18:03:39+00:00,novedafirenze,1328035950887383040,Investire sull'economia locale danneggiata dalla crisi del Covid-19 https://t.co/vPoThhQv6c
2020-11-15 18:05:30+00:00,PreduRuju,1328036416480276484,Sacrosanto!
2020-11-15 18:06:21+00:00,mariellapallini,1328036630331056130,«Il Covid circolava in Italia già dall’estate del 2019»: la ricerca dell'Istituto dei Tumori di Milano https://t.co/dOPzpGK6zW
2020-11-15 18:08:23+00:00,marielSiviglia,1328037142430445573,"Muoiono 600 persone al giorno di covid19. 👌 i funerali? Dico a voi
@SkyTG24 @MediasetTgcom24 @TgLa7 @tg2rai ecc  ecc eccetera."
2020-11-15 18:14:53+00:00,PivaEdoardo,1328038780582973447,"ho visto tuo padre e tua madre
https://t.co/tq9k2hT6tD: Coronavirus, Toti torna all’attacco: “Troppe persone a passeggio come se nulla fosse”.
https://t.co/Ju9Amb2KZy

tramite @GoogleNews"
2020-11-15 18:16:36+00:00,marielSiviglia,1328039211329531904,"State impazzendo tutti
Avere la influenza non è un reato."
2020-11-15 18:17:58+00:00,liviog54,1328039556491382795,E si continua a spendere soldi per gli amici in politica e x i cittadini niente https://t.co/zHTtvgr78b
2020-11-15 18:20:44+00:00,DavidBonaccorso,1328040250187378688,"Il #Covid19 non ha risparmiato neanche la nostra #AciTrezza, portando dolore per la perdita di un compaesano, a cui vanno una preghiera e le condoglianze alla famiglia. Un abbraccio invece lo mando a tutti gli altri trezzoti, positivi o in quarantena, augurando pronta guarigione."
2020-11-15 18:22:29+00:00,marielSiviglia,1328040693961461764,"La verità fa male 
E voi sareste un giornale di opposizione?"
2020-11-15 18:22:31+00:00,ValentinaPell_,1328040702115258370,https://t.co/6RHVerWkH0 Una intervista che mi è stata fatta per Tg24. Un caro saluto a tutti
2020-11-15 18:24:34+00:00,simonegianc,1328041214525009923,Vorrei tanto negare l'esistenza dei negazionisti. #COVIDー19 #COVID19 #coronavirus
2020-11-15 18:25:22+00:00,GaetanoBellino,1328041419559333888,"Ad un certa età la Chiesa dovrebbe mandare in pensione i sacerdoti, almeno quelli che sbarellano!"
2020-11-15 18:29:03+00:00,rexforte1,1328042344067850240,"Ecco, che una nazioncina come l'Ungheria possa mettere il veto a una legge voluta da tutte le altre nazioni mi sembra vergognoso, semmai il diritto di veto andava mantenuto alle 6 nazioni fondatrici.."
2020-11-15 18:29:25+00:00,nuccia20,1328042437168799744,"Prima ammiravo molto questo uomo, non mi perdevo nessuna sua trasmissione ora invece non lo sopporto  più.  Oggi su Rai3 dopo 5 minuti ho spento"
2020-11-15 18:30:21+00:00,OlderGf,1328042671424892931,Una vittima del #COVID19 don Franco Alfieri https://t.co/eWBy9nuH2n
2020-11-15 18:31:01+00:00,dariophoto69,1328042840925081600,"Saranno 14 giorni da sogn... 
Ah no... 😏"
2020-11-15 18:32:03+00:00,baucopaolo,1328043100409892865,Sorrentino e The New Pope je spicciano casa a Padre Livio 😝😝😝😝😝👀
2020-11-15 18:32:19+00:00,antoprada,1328043165207699456,Sarà lunghissima.....
2020-11-15 18:38:27+00:00,EffeBoccia,1328044710636687362,"Rendere pubblici i dati sul #COVID19 
@AndFranchini @valy_s @MagelaAltuna @andruszka71 @sforaz @InMonsterland @Francesco_Testi @CesareOrtis 
https://t.co/x2GUZhAecZ"
2020-11-15 18:43:15+00:00,paolo_dalloglio,1328045916620808193,Un prete fascista e negazionista
2020-11-15 18:51:57+00:00,satrapox,1328048106097741829,"@mtizzoni @repubblica https://t.co/9Q8XLcb4SB che poi se ne parlava già da mesi, con i giusti ma"
2020-11-15 18:58:35+00:00,marielSiviglia,1328049778190655489,"Siamo tutti impazziti: Beppe Grillo ha negato l'Aids per decenni, causando danni incalcolabili al sistema sanitario nazionale, e alle persone.
Se qualcuno si azzarda a sollevare critiche alla narrazione covid19 , ti chiedono "" sei un virologo?""  Aurevoir Twitter 🌎"
2020-11-15 18:59:05+00:00,daveaugscheller,1328049903021527040,L'amore ai tempi del covid
2020-11-15 18:59:56+00:00,ritapasku,1328050116683587584,"La marea nera che fa paura...
#COVID19 #Gimbe"
2020-11-15 19:01:30+00:00,manomela,1328050511975768071,"https://t.co/KU7CMaijuy La Comunicazione pubblica del Governo tedesco, seria ed efficace. #COVID19 #Italia #Conte"
2020-11-15 19:02:53+00:00,PiramideRossa,1328050858647404544,Proposte serie e non slogan elettorali come fanno certi politicanti che parlano solo alla pancia. Sempre orgoglioso di sostenerla Presidente @lauraboldrini !!!
2020-11-15 19:06:05+00:00,tweety70il,1328051663408672772,https://t.co/W8YIHxMlNz geni virologi:dal tampone si riesce.a https://t.co/eP9eBYb62T si.è o no https://t.co/6Jg9YEm35Q.Covid19?oppure come.sospetto si è semplicemente.positivi ad un vairus.influenzale??????Perché altrimenti tutti.i media danno in numeri a caso.punto.
2020-11-15 19:15:16+00:00,Sinclai91549135,1328053976349204481,Ormai se non hai beccato il covid non sei nessuno
2020-11-15 19:17:24+00:00,Max2004Massimo,1328054510963535873,Ma che li dimettano allora #negazionisti
2020-11-15 19:27:20+00:00,Athinamylove,1328057010907181057,"Scrivendo l'ultima tesi ✍
#master #comunicazione #digitale
#formazione #aggiornamento
#dediche #pensieri
#galassiainternet
#competenzedigitali
#comunicazionedigitale
#manuelcastells 
#citazione #opengovernment
#tesi #digitale #COVID19
#lockdownitalia 
#strategia https://t.co/Fy46hdOMVm"
2020-11-15 19:30:43+00:00,Luigi32532373,1328057865148518403,Il direttore di Radio Msriz cia raggione il coronavirus è stati creati in laboratorio contro Occidente. Per distruggerci  Non compriamo cinese Non compriamo cinese. Non adiamo ai ristoranti cinesi. Sono contro di noi occidentali.
2020-11-15 19:31:15+00:00,grandi41,1328057997948563456,Non ne azzeccano una
2020-11-15 19:38:59+00:00,dieghito_2,1328059943006703616,"Stai a vedere che adesso salta fuori che non è partito dalla Cina ma dall’Italia 🤦🏻‍♂️
#COVID19 https://t.co/SWqMINBeMP"
2020-11-15 19:39:37+00:00,valponti77,1328060101777895424,Inoltre la pezza sembra peggio del danno perché ora ci dicono che ci sono stati pazienti che hanno sviluppato gli anticorpi al SARS-Cov 2 facendo semplicemente un raffreddore dato da un virus della famiglia dei coronavirus!! https://t.co/EudN3j8oeu
2020-11-15 19:43:52+00:00,Max_Alle,1328061173166727179,Si possono ritirare le concessioni radiofoniche?
2020-11-15 19:48:39+00:00,Max_Alle,1328062375178723328,@pdnetwork una volta era un partito riformista...ora da asilo a personaggi come questo e li manda pure al Governo...non hanno neppure le basi ma discettano di economia
2020-11-15 19:49:28+00:00,FaithCompassion,1328062583967002626,"To @SkyTG24 Stupendo, sembra uscito da un libro di Tomas Mann lo spot tedesco sul coronavirus👏👏 ma io preferirei un Cartoon all'americana con mascherine colorate che litigano🤣👻 e una social distancing che fa by itself tanto qua checcefrega🤣😂😂"
2020-11-15 19:51:19+00:00,Redblack100x100,1328063046166736902,"Ma... #negazionisti o quelli che prima descrivevano #medici e #infermieri come eroi, salvo poi rinfacciare loro tutta la propria frustrazione, in quale dei due momenti erano sinceri? #COVID19 #lockdown"
2020-11-15 19:52:57+00:00,Lorenzo_Dolce,1328063460102561799,"#Abruzzo verso #zonarossa. Dopo riunione Cts, Marsilio firmerà ordinanza per chiusura di tutte le #scuole e dei centri commerciali. In corso riunione di maggioranza: si ipotizzano anche stop a #negozi e limitazioni agli spostamenti dei cittadini. #COVID19 #lockdown"
2020-11-15 19:54:03+00:00,simonegianc,1328063734510727170,"In questo Paese nessuno sa dire 'ho sbagliato'.
Nessuno sa fare un passo indietro.
Nessuno sa ammettere di avere responsabilità e di avere fallito.

Per questo non cresciamo mai. #ctcf @chetempochefa #COVID19 #COVIDー19 #coronvirusitalia"
2020-11-15 20:04:34+00:00,baldo_nicola_tn,1328066383423426563,"""Chiesa cattolica, ci siamo aggiornati"" (cit.)"
2020-11-15 20:04:41+00:00,sdapi13,1328066410740928513,😂😂😂😂😂sono dei 🤡🤡🤡🤡🤡 e raccolgono x quanto seminato
2020-11-15 20:07:27+00:00,Trimani1977,1328067107595177985,"Non si tiene conto dell'#Arte in questo paese...eppure siamo riconosciuti nel mondo grazie a #Leonardo e #Michelangelo.

@InArteMorgan #staseraitalia #COVID19 #coronavirus #lockdown @StaseraItalia #Morgan"
2020-11-15 20:09:49+00:00,mila_lucisano,1328067704645881856,"#Calabria 
che si fa?? 
#tamponi"
2020-11-15 20:20:33+00:00,AlfeoSassaroli_,1328070406192959505,"@_Cotu @RegioneLazio A CAZZAROOO!!!
Parlaci di questi tamponi, facce ride!
https://t.co/TWLAD6WXsP
A CAZZAROOO!!!"
2020-11-15 20:25:53+00:00,OnCasa1,1328071745014816769,"Sempre On line per darti tutte le info di cui necessiti sull’universo immobiliare , senza muoverti di casa .  È’ solo uno dei numerosi vantaggi di rivolgerti a noi . Scegli gli agenti immobiliari On ....sono quelli Online ! #casa #immobili #agentiimmobiliari #realestate #COVID19 https://t.co/Neawl2HFUN"
2020-11-15 20:25:57+00:00,santinaf,1328071763834630144,Dovrebbero essere rinchiudo invece che curati
2020-11-15 20:26:48+00:00,Baronpower3,1328071977224052740,"un pensiero e un saluto 
ai cugini Francesi! 🇫🇷

allez! on va s'en sortir plus dur! 💪

Covid, la violoncellista con lo Stradivari sui tetti di Parigi: 'Ci salverà la bellezza, non una se… https://t.co/95SsHDF5v7 via @repubblica"
2020-11-15 20:29:12+00:00,brunieradino,1328072579781959680,"Abbiamo un governo dominato dal #PD, che sta facendo invadere l’Italia da #migranti finti naufraghi e che quindi non può avere la fiducia dei cittadini.
Senza la quale, può chiedere ulteriori sacrifici per combattere il #COVID19?
#contedimettiti
#staseraitalia"
2020-11-15 20:29:57+00:00,StefanoPagliuca,1328072770803134464,@marcomarsilio voglio capire in base a cosa si decide di cambiate colore ogni 3 giorni. Avrà sulla coscienza la felicità di milioni di bambini abruzzesi privati della loro crescita. Vergogna #COVID19 @matteosalvinimi
2020-11-15 20:37:31+00:00,MattiaPertoldi,1328074673616261123,"Così bella, così vuota.
😔😔😔😔😔
#COVID19 #covid #udine https://t.co/hdhhTWSZIO"
2020-11-15 20:41:07+00:00,R__Pizzi,1328075581783732225,"Copiare, copiare, copiare. Quando non sai fare, almeno sappi copiare! (ho finito il classico senza sapere cosa fosse un aoristo, datemi retta: copiare è un ottimo piano B) #Germania #covid #vaccini #Italia #ForzeArmate"
2020-11-15 20:41:36+00:00,wirko94,1328075702646824961,Quindi non crede più all’immunità di gregge?
2020-11-15 20:42:18+00:00,stornaiolo,1328075879180808198,"Quando torneremo alla normalità? Uno dei creatori del vaccino Pfizer, il professor Sahin è convinto che l'impatto contro il coronavirus sarà significativo già in estate e si tornerà alla vita normale il prossimo inverno, quindi da dicembre 21 e ancor di più da inizio 22.  😳😳😳"
2020-11-15 20:42:36+00:00,JackGrifo,1328075953201942537,#CTCF spiegazione perfetta da parte di @RobertoBurioni #vaccino #COVID19 @chetempochefa @RaiTre ! Poche parole ma che piene di significato
2020-11-15 20:42:50+00:00,smunaylla,1328076010856861696,"Non oso immaginare il dolore di chi NON HA IL PERMESSO di raggiungere il proprio fidanzato/a, compagno/a, figli e genitori.. è devastante non avere scelta. Star lontano da chi si ama è quasi una violenza al cuore. In sicurezza si può fare, essendo coscienti si può. #congiunti"
2020-11-15 20:44:30+00:00,NicolaSantullo,1328076431893663744,Quanti ragazzi neo laureati si sarebbero potuti assumere a tempo determinato nel periodo critico con i soldi destinati al bonus monopattino? #coronavirus
2020-11-15 20:51:34+00:00,GermanoDottori,1328078210660184071,Un'altra volta?
2020-11-15 21:00:40+00:00,ohmyownsavior,1328080501077315585,E mo so cazzi
2020-11-15 21:09:03+00:00,CAMARDELLAGio,1328082611110096897,"Cioè #arcuri fammi capire meglio, vuoi dire che negli ospedali strapieni c'è il 5% dei contagiati??? #COVID19"
2020-11-15 21:12:44+00:00,giadalo67,1328083536188944390,"@LaZanzaraR24 Il direttore di Radio Maria: ""Il coronavirus è un progetto criminale di élites mondiali per ridurci a zombie""  @giucruciani  cosa hai da dire????"
2020-11-15 21:17:24+00:00,adriespo,1328084711428780034,"@Satrap52500159 @FataFreego @MassimoGalli51 Sta che? Ma leggi cosa scrivo? ""Non nuocere, medico"". Devi sempre valutare se ciò che stai facendo, e vale anche per la Covid19, non sia PEGGIO che non fare nulla. Comunque ho il sospetto che tu sia nella migliore delle ipotesi un po', diciamo così, ""semplice"", e quindi plonk"
2020-11-15 21:18:03+00:00,GerardoCanfora,1328084874755002374,Veramente bella
2020-11-15 21:19:12+00:00,Sara_Spitali,1328085162719109121,"Ahahahah, povero cristo."
2020-11-15 21:19:19+00:00,valeriocomo,1328085193907900416,Buona quarantena amico
2020-11-15 21:24:44+00:00,francoinzirillo,1328086558348636162,👉 ... lui è peggio di me! 👈 #Salvini #Trump #cazzari ai tempi del #coronavirus #Covidioti #COVIDIOTS https://t.co/aXA9JMhcVf
2020-11-15 21:25:31+00:00,JacopoRicciardi,1328086752939155461,"Vogliamo un Servizio Sanitario Nazionale! Vogliamo una sanita pubblica, gratuita e di qualita, finanziata dalla fiscalità generale 

#Covid_19 #COVID19 #sanita' #rifondazionecomunista @direzioneprc https://t.co/ssMGbWZmIr"
2020-11-15 21:26:23+00:00,adriespo,1328086972150198272,"@perchetendenza @creesstian Io non riesco a capire il senso di ""ero sano, ma sto male a causa del Covid19"". Cosa vogliono dimostrare? Oggi all'età del paziente la mortalità per Covid19 è bassissima, è molto ma molto più probabile che un giovane muoia, ad esempio, per incidente"
2020-11-15 21:27:32+00:00,adriespo,1328087259908812801,"@perchetendenza @creesstian In più qualcuno dovrebbe spiegargli che c'è un motivo per cui sta così male per la Covid19, ma la scienza medica non l'ha ancora identificato."
2020-11-15 21:29:06+00:00,antoniopaolo7,1328087657226915840,“Il coronavirus circolava in Italia già a settembre 2019”. Lo studio italiano svela la “diffusione sottotraccia per mesi” https://t.co/eFLDtuU8T8 via @fattoquotidiano #lavevamosegnalatogiàdasettembre 🥼
2020-11-15 21:33:13+00:00,pbolaffio,1328088691483480065,Gravissimo. Radio Maria ha emittenti in tutto il mondo. Curiosissima di vedere una reazione di @Pontifex_it
2020-11-15 21:33:44+00:00,Lorenzo_Dolce,1328088822463262725,"In #Abruzzo sulle #scuole è scontro. Il presidente del Consiglio regionale chiede di seguire il #Dpcm. Ma il Comitato tecnico scientifico regionale, a maggioranza, ritiene che si debba procedere ad una chiusura totale. #COVID19 https://t.co/JioYnav2rP"
2020-11-15 21:34:06+00:00,pbolaffio,1328088914318548997,Gravissimo. Radio Maria ha emittenti in tutto il mondo.  @Pontifex_it che dirà?
2020-11-15 21:39:12+00:00,Biancarosabesso,1328090198526320650,Penso anch'io come lui...ormai con sti grami elementi al potere mondiale..tutto l'orrendo è possibile.
2020-11-15 21:40:56+00:00,SkavenDe,1328090634436157444,Ieri a #Napoli solo io non c’ero !! #Lockdown2 #COVID19
2020-11-15 21:41:28+00:00,red_zombie_69,1328090769681494024,@ManfrediPotenti @realDonaldTrump @DonaldJTrumpJr @IvankaTrump @RealTrumpITA @EricTrump @TeamTrump @matteosalvinimi @AMorelliMilano @LegaCamera @LegaSalvini @Lega_Senato Ha perso la presidenza perché molti di quelli che sono morti per #COVID19 in #America si sono fidati di lui ed erano suoi elettori.
2020-11-15 21:42:29+00:00,PiramideRossa,1328091022317015040,Io posso essere accusato di essere di parte essendo un sanitario...ma @creesstian è un  giovane paziente ricoverato per #covid in Ospedale romano. Leggete la sua testimonianza. Condoglianze al collega 49enne deceduto per #COVID19. Sia maledetto chi nega l’esistenza del #COVID19 https://t.co/jVtYoGEK8i
2020-11-15 21:47:31+00:00,alessia_smile6,1328092290091544576,""" la germania è minacciata da una dittatura del coronavirus?? il presidente della corte costituzionale federale afferma: non siamo in uno stato di emergenza la libertà dei diritti fondamentali non significa il diritto all'autorealizzazione a qualsiasi prezzo """
2020-11-15 21:54:35+00:00,la_pippi,1328094070984552449,Bellissimi
2020-11-15 21:56:28+00:00,EffeBoccia,1328094544227946496,"Questo lo spot del governo tedesco per combattere i contagi da Covid 19 @AndFranchini 

Effettivamente sono dei geni ecco perché di sono presi l’Europa

https://t.co/Z5gh3vkERj"
2020-11-15 21:56:51+00:00,passo_doppio,1328094640709525506,"I gap formativi di quest’anno, si faranno sentire. Mi dispiace tantissimo per tutti i ragazzi e le ragazze coinvolte. #scuola #COVID19"
2020-11-15 21:57:21+00:00,R__Pizzi,1328094765448130561,Anche l'Abruzzo. Nelle #Marche invece si depennano i casi fermi in Ps dalla somma dei ricoverati #coronavirus
2020-11-15 22:09:48+00:00,SamueleCapano,1328097898475687938,"#COVID19
- Cos'altro può andare storto in questo 2020?
+ Non lo so, sopravvivere?"
2020-11-15 22:12:57+00:00,Thalionwen,1328098691526389764,Il divano é la mia trincea ❤️
2020-11-15 22:21:47+00:00,NealaAntinori,1328100914088075266,Questo è vergognoso. Il commissario Arcuri che si inventa percentuali! Questo non è servizio pubblico. Domenica prox mi aspetto correzione da parte di Fazio #CTCF
2020-11-15 22:26:28+00:00,npreiti,1328102093211770881,"@Sciandi Se oltre ai dati ci facessero sapere il criterio con cui #arcuri accumula incarichi, il #COVID19 sarebbe meno cattivo."
2020-11-15 22:28:05+00:00,MancioRuggiero,1328102500113768449,"Si parla solo di #COVID19, ma le altre malattie non sono andate in ferie.
#Airc #Manciolandia #Apleti #aism #IBDM https://t.co/JeLfREXdF4"
2020-11-15 22:29:01+00:00,teobert86,1328102732604051458,"@radiolombardia gli infermieri: “A @RegLombardia presenteremo conto salatissimo”. E fate benissimo, dato che vi hanno mandati in guerra contro il #COVID19 senza armi dopo che x anni hanno avvantaggiato la sanità privata @FontanaPres https://t.co/FeZmQTIUiN"
2020-11-15 22:36:36+00:00,ficubiri,1328104642396434436,"Rotelle alle fiale? Bonus ghiaccioli ? Caro senatore e’ riuscito a perdere ogni credibilità ed io ben 2,50 euro quando mi fidavo e riponevo in lei soeranza ed ottimismo ! Come fa ad appoggiare questi incompetenti?"
2020-11-15 22:37:12+00:00,Trimani1977,1328104795480190979,"Povera #Calabria, povera #Italia...se tutto va bene siamo rovinati. Che vergogna e che rabbia. 🤦‍♂️🤬

#NonelArena #Cotticelli #COVID19 #coronavirus #lockdown #zonarossa #ndrangheta #Giletti"
2020-11-15 22:39:35+00:00,npreiti,1328105394259042305,"@Cartabellotta ...e poi erano i numeri ad avere la testa dura...
#arcuri
#COVID19"
2020-11-15 22:39:37+00:00,ficubiri,1328105403444498435,"Sono medico , cresciuto nel mito di Gino strada ed Emergency, spero mai accetti la proposta di incompetenti che lo usano per propaganda politica ! Servono uomini capaci ed esperti in management economico sanitario , no lui"
2020-11-15 22:55:58+00:00,TricomiF,1328109517524054019,"#NonCiPossoCredere
#facciamorete #49milioni
Sono piegato dal ridere!!!! 🤣🤣🤣🤣🤣🤣🤣🤣🤣🤣🤣"
2020-11-15 22:56:33+00:00,PiervittorioM,1328109664651894784,"Grazie direttore @CarloVerdelli
Sperando che la sua intervista possa aprire gli occhi a molti!"
2020-11-15 23:20:03+00:00,gregoryo1990,1328115577412591616,"Non è più utopia affermare che per noi Calabresi il Covid-19 è l'ultimo e meno dannevole dei nostri mali.

@nonelarena

#nonelarena #calabria #malasanità"
2020-11-15 23:21:39+00:00,egidio_gialdini,1328115980455833600,"L'aggiornamento di domenica 15 novembre 2020 dal Sindaco di POLICORO, Enrico MASCIA, sull'emergenza coronavirus nella cittadina jonica, con l'invito a rispettare le misure anti contagio vigenti. https://t.co/6Qv14qcLza"
2020-11-15 23:22:54+00:00,giuseppetp55,1328116296651853830,"Il Direttore di #RadioMaria padre Livio, #Covid19 ?E’stato progettato per creare il mondo di”Satana”,e ridurci a Zombie,credo che più di uno qui,per colpa di questo maledetto virus,ha perso la tramontana,ma fino a quando è l’Assessore di FdI di Alessandria ci ridiamo,ma un prete?"
2020-11-15 23:49:01+00:00,francoinzirillo,1328122866324402178,"#Capaci #15novembre2020 seconda domenica di #zonaarancione per la #Sicilia ..... #arancione dunque ma finirà, ma l'azzurro del cielo e il blu del mare sono e resteranno quelli di sempre. #Sicily #COVID19 #COVIDー19 #Epidemia #coronavirus (#lungomare di #Isoladellefemmine) https://t.co/hQjxHpUEhP"
2020-11-15 23:54:07+00:00,alelu62,1328124150540603394,Ma l’ha detto anche un esperto di recente. Malato di per sé indica chi ha dei sintomi. Asintomatico non e dunque malato. Chiaro @GiuseppeConteIT @robersperanza e #Cts del piffero?
2020-11-15 23:58:17+00:00,PrimaiLavorator,1328125200202919936,"@VitoGulli Nel dubbio...

https://t.co/mMDSzDxM7Y"
2020-11-16 00:41:33+00:00,francoinzirillo,1328136089442332672,"@michele99020295 Acqua??? pensavo #candeggina come consiglia il #cazzaro #Trump, perché ti piaccia o no #Trump e' un #cazzaro e che il voto democratico lo ha semplicemente accompagnato alla fine di uno dei capitolo della storia. #covidioti #COVIDIOTS ai tempi del #COVID19"
2020-11-16 01:23:08+00:00,mauromare,1328146552800616449,"forza morale, intelligenza e sorridere nei tempi difficili,
Grande video  https://t.co/eadmMgoQeX"
2020-11-16 01:54:49+00:00,Carla44613652,1328154527762178049,I 5stelle hanno perso la fiducia degli italiani.Quattro voti non li faranno resuscitare
2020-11-16 03:11:35+00:00,FiloBoschetti,1328173842691477505,Quando finirà l'epidemia di coronavirus? Il sorriso dei numeri https://t.co/VVm9cjrR99
